,"D. Degele","The e-p Collider HERA",3 9,
,"K. Blasche, B. Franczak","The Heavy Ion Synchrotron SIS",9 14,
,"G. H. Rees","Review of High Energy pp Colliders",17 22,
,"E. Keil","Review of High Energy e<sup></sup>e<sup>-</sup> Colliders",22 27,
,"M. Prome","Review of Continuous Beam Electron Machines",27 32,
,"A. Ropert","The Status of the ESRF",35 40,
,"E. Jaeschke","BESSY-II, a State of the Art Synchrotron Light Source for Berlin-Adlershof",43 46,
,"P. W. van Amersfoort, R. J. Bakker, D. A. Jaroszynski, D. Oepts, C. A. J. van der Geer, A. F. G. van der Meer","Lasing with FELIX",46 49,
,"H. Genz, H.-D. Graef, J. Horn, V. Huck, K. D. Hummel, M. Knirsch, C. Luettge, K. Ruehl, A. Richter, T. Rietdorf, P. Schardt, E. Spamer, A. Stiller, J. Toepper, F. Thomas, O. Titze, H. Weise","Operational Experience and Results from the S-DALINAC",49 52,
,"J. M. Cavedon, B. Aune, Ph. Bredy, S. Buhler, S. Chel, M. Desmons, J. Gastebois, F. Gougnaud, J. F. Gournay, M. Jablonka, J. M. Joly, T. Junquera, F. P. Juster, E. Klein, Ph. Leconte, A. Mosnier, B. Phung, H. Safa","An Accelerator for Testing Superconducting RF Structures",52 54,
,"P. Brown, E. Ciapala, G. Geschonke, E. Peschardt","Operation of Superconducting Cavities in LEP",54 57,
,"T. Shishido, K. Akai, E. Kako, K. Kubo, S. Noguchi","Operating Status of the TRISTAN Superconducting RF System",57 60,
,"M. E. Biagini,  and the DAPhiNE Project Team","DAPhiNE Status Report",60 63,
,"R. Bailey, T. Bohl, F. Bordry, H. Burkhardt, P. Collier, K. Cornelis, B. Desforges, A. Faugier, V. Hatton, M. Lamont, J. Miles, H. Schmickler, G. de Rijk","Three Years Operational Experience with LEP",63 66,
,"L. Arnaudon, S. Myers, R. Olsen, E. Peschardt","Transverse Feedback and LEP Performance",66 69,
,"D. Boehne","Future Accelerator Projects and Collaboration with Industry",71 74,
,"V. P. Suller","Review of the Status of Synchrotron Radiation Storage Rings",77 82,
,"A. Jackson, W. Hassenzahl, M. Meddahi","Ideas for Future Synchrotron Light Sources",82 86,
,"F. Ciocci","Review of Insertions in Synchrotron Light Sources",86 91,
,"E. Weihreter","Review of Compact Synchrotron Light Sources",93 98,
,"H. Genz","Review of Free-Electron Lasers (Single-pass)",98 103,
,"N. A. Vinokurov","The Storage Ring Free Electron Lasers",103 106,
,"R. Dei-Cas","Review of High-Brightness Electron Guns",109 114,
,"G. Melin, C. Barue, F. Bourg, P. Briand, M. Delaunay, R. Geller, A. Girard, D. Hitz, B. Jacquot, P. Ludwig, M. Pontonnier","Electron Cyclotron Resonance Sources of Multicharged Ions:  State of the Art, Recent Developments and Prospects",117 120,
,"P. W. Schmor, L. Buchmann, K. Jayamanna, C. D. P. Levy, M. McDonald, R. Ruegg, A. N. Zelenski","The TRIUMF Optically Pumped Polarized H<sup>-</sup> Ion Source",120 123,
,"U. Schaaf, K. Beckert, D. Budicin, H. Eickhoff, B. Franzke, I. Hofmann, G. Kalisch, F. Nolden, P. Spaedtke, M. Steck","Impedances and Instability Studies at the ESR",123 126,
,"P.L. Colestock, G. P. Jackson, L. Klamp","Observation and Analysis of Nonlinear Parametric Coupling of Longitudinal Modes in Synchrotrons",126 129,
,"J. A. Clarke, J. N. Corlett, M. W. Poole, S. L. Smith, V. P. Suller, L. A. Welbourne","Nonlinear Behaviour in the Proposed Lattice of the Daresbury Advanced Photon Source",129 132,
,"O. Groebner, P. C. Marin, A.G. Mathewson","Extended Study of Photon Stimulated Gas Desorption from OFHC Copper by 3.75 keV Critical Energy Photons",132 135,
,"M. Renier, D. Schmied, B. A. Trickett","Vacuum System of the ESRF",135 138,
,"G. E. Fischer, V. E. Bressler, J. K. Cobb, D. R. Jensen, R. E. Ruland, H. V. Walz, S. H. Williams","Precision Fiducialization of Transport Components",138 141,
,"D. Martin","Alignment at the ESRF",141 144,
,"E. Rossa, C. Bovet, L. Disdier, F. Madeline, J. J. Savioz","Real Time Measurement of Bunch Instabilities in LEP in Three Dimensions using a Streak Camera",144 147,
,"R. Maier, U. Pfister","The COSY Juelich Project March 1992 Status",149 152,
,"M. Grieser, C. Ellert, D. Habs, R. v. Hahn, E. Jaeschke, C. M. Kleffner, J. Liebmann, S. Papureanu, R. Repnow, D. Schwalm, M. Stampfer, A. Wolf","Recent Developments at the Heidelberg Heavy Ion Cooler Storage Ring TSR",152 155,
,"T. Katayama, M. Kanazawa, S. Ninomiya, K. Satho, S. Watanabe, T. Watanabe, M. Yoshizawa","Beam Acceleration at Cooler Synchrotron TARN II",155 158,
,"S. P. Moeller","ASTRID - A Small Multi-Purpose Storage Ring",158 161,
,"P. S. Martin","The Fermilab Main Injector Project",161 164,
,"K. Cornelis, W. Herr, A. Piwinski","Experimental Study of Electron Positron Collisions in LEP with a Finite Crossing Angle",164 167,
,"N. Angert, J. Bossler, L. Dahl, H. Deitinghoff, J. Friedrich, J. Glatz, W. Gutowski, G. Hutter, J. Klabunde, H. Klein, G. Kube, A. Nicklas, U. Ratzinger, D. Schaefer, A. Schempp, H. Schulte, R. Schwedhelm, P. Spaedtke, W. Vinzenz, M. Wolf","Commissioning and First Operation Experience of the New Heavy Ion Injector of the UNILAC",167 170,
,"G. Fortuna, G. Bassato, A. Battistella, M. Bellato, G. Bisoffi, G. P. Buso, S. Canella, M Cavenago, F. Cervellera, F. Chiurlotto, A. Dainelli, A. Facco, P. Favaron, S. Ghosh, A. Lombardi, M. F. Moisio, V. Palmieri, R. Pengo, M. Poggi, A. M. Porcellato, K.","Completion of the First Phase and Studies for the Upgrading of the ALPI Project at LNL",170 173,
,"U. Schryber, R. Abela, S. Adam, H. Frei, G. Heidenreich, W. Joho, M. Maerki, C. Markovits, M. Olivo, L. Rezzonico, U. Rohrer, P. Sigg, T. Stammbach, E. Steiner","Upgrading the PSI Accelerator Facility for High Intensity Operation",173 176,
,"M. Kanazawa, M. Endo, Y. Hirao, A. Itano, T. Kanai, K. Kawachi, A. Kitagawa, T. Kohno, M. Kumada, S. Minohara, K. Noda, H. Ogawa, K. Satgo, K. Sato, Y. Sato, F. Soga, M. Sudou, E. Takada, S. Yamada","Status of HIMAC Construction at NIRS - Japan",176 179,
,"P. Mandrillon, C. Carli, G. Cesari, F. Farley, N. Fietier, R. Ostojic, M. Pinardi, N. Postiau, C. Rocher, G. Ryckewaert, J. Y. Tang","Feasibility Studies of the EULIMA Light Ion Medical Accelerator",179 182,
,"V. L. Auslender, V. G. Cheskidov, B. L. Faktorovich, V. A. Gorbunov, V. E. Nekhaev, A. D. Panfilov, V.A. Poliakov, A. A. Tuvik","High-Frequency Powerful Electron Accelerators Type ILU for Industrial Applications",182 185,
,"R. J. Anderson, D. E. Andrews, A. R. Jorden, V. C. Kempson, J. C. Schouten, A. I. C. Smith, M. C. Townsend, J. A. Uythoven, A. J. Weger, M. N. Wilson","Report on Helios: Routine Operation",187 192,
,"A. Heuberger","Lithography Production Techniques for next Generations of Microelectronics",192 197,
,"R.P. Johnson, H. P. Bluem, B. C. Craft, R.C. Sah, D.Y. Wang","Commissioning of the Synchrotron Light Source at LSU",197 200,
,"M. Ida, Y. Kohno, S. Mandai, M. Ohishi, M. Takahashi, H. Ukikusa","Development of Compact Synchrotron Light Source for X-Ray Lithography",200 203,
,"M. Kodaira, O. Asai, N. Awaji, M. Haraguchi, T. Kishimoto","Performance of SORTEC 1-GeV Synchrotron Radiation Source Facility and Future Plan",203 206,
,"H. Nakabushi","A Superconducting Compact SR Ring AURORA for X-Ray Lithography",206 209,
,"S. Varro","Synchrotron Radiation in the Presence of a Perfect Cylindrical Mirror",209 212,
,"J. B. Murphy, R. Biscardi, H. Halama, R. Heese, S. Kramer, J. Krishnaswamy, R. Nawrocky","Performance of the Phase I Superconducting X-Ray Lithography Source (SXLS) at BNL",212 215,
,"D. Boehne","Synchrotrons for Cancer Therapy",217 222,
,"E. Wieser","Use of Accelerators in Material Research",225 230,
,"R. Jameson","Accelerator-Driven Transmutation Technology for Energy Production and Nuclear Waste Treatment",230 235,
,"M. Pachan","Use of Accelerators for Environmental Protection",235 240,
,"P. Rullhusen","Novel X-Ray Sources Produced by Electron Beams",240 245,
,"H. Herminghaus","From MAMI to the Polytrons - Microtrons in the 10 GeV Range",247 252,
,"L. Bex","Review of Latest Developments of Ion Sources",252 257,
,"C. Bovet","Advanced Beam Observation Methods for LEP",259 264,
,"W. Scandale","Non-Linear Single Particle Beam Dynamics in Circular Machines",264 269,
,"R. D. Kohaupt","Multi-bunch Instabilities: Observations, Cures",269 273,
,"B. Zotter","Comparison of Theory and Experiment on Beam Impedances: The Case of LEP",273 277,
,"J. Tueckmantel","Review of Experience with Superconducting Cavities",279 284,
,"P. Schmueser","Properties and Practical Performance of SC Magnets in Accelerators",284 289,
,"R. Perin","Review of R & D Towards High-field Accelerator Magnets",289 294,
,"G. Horlitz","Review of Large-scale Cryogenic Systems for Accelerators",297 302,
,"T. Lavine","Review of Pulsed RF Power Generation",302 307,
,"E. Haebel","Higher Order Mode Suppression in Accelerating Structures",307 312,
,"R. P. Johnson","Trends in Accelerator Control Systems",315 319,
,"W. D. Klotz","Controlling the ESRF Accelerators",321 324,
,"M. E. Clay","What are Good Operators and Why are They Needed?",324 327,
,"N. M. Kroll, Z. D. Farkas, T. L. Lavine, A. Menegat, C. Nantista, R. D. Ruth, P. B. Wilson","A High Power SLED-II Pulse Compression System",327 330,
,"L. N. Arapov, P. V. Avrakhov, V. E. Balakin, V. I. Chashurin, S. Yu Kazakov, N. G. Khavin, V. F. Kluev, G. S. Krynov, G. I. Kuznetsov, A. V. Larionov, A. N. Lukin, O. V. Pirogov, S. A. Samoylov, V. V. Shirokov, N. A. Solyak, V. E. Teryaev, Yu. D. Valyaev,","14 GHz VLEPP Klystron",330 333,
,"M. Wake, R. Bossert, J. Butteris, J. Carson, S. Delchamps, T. S. Jaffery, W. Kinney, W. Koska, M. J. Lamm, R. Sims, J. Strait, M. Winters","Magnetic Field Properties of SSC Model Dipole Magnets",333 336,
,"B.E. Norum, R. Rossmanith","Laser Induced Extraction from the LHC or SSC",336 339,
,"H. Schoenauer","On the Use of Predeflectors for Improved Beam Loss Concentration",339 342,
,"F. J. Decker, P. Emma, P. Krejcik, T. Limberg, M. Minty, H. Moshammer, T. Raubenheimer, M. Ross, J. T. Seeman, R. Siemann, W. Spence, J. Spencer, M. Woodley","Measured Emittance versus Store Time in the SLC Damping Ring",342 345,
,"D. Brandt, K. Cornelis, A. Hofmann","Experimental Observations of Instabilities in the Frequency Domain at LEP",345 348,
,"N. Awaji, T. Iida, Y. Kijima, T. Kishimoto, M. Kodaira, H. Tsuchidate","High Current Beam Storage Experiments in SORTEC CR Source",348 351,
,"C. Rubbia","Inertial Fusion: A Contribution of Accelerator Technology to the Energy Problem?",353 365,
,"B. Franzke","Review of Heavy Ion Storage Rings",367 372,
,"S. Takeda","Review of Linear Colliders",372 378,
,"H. Padamsee","Review of the Superconducting Approach to Linear Colliders",378 383,
,"M. Preger","Review of Studies of Electron-Positron Factories",385 390,
,"P. H. Rebut","Magnetic Confinement Fusion: Recent Results of JET and Plans for the Future",390 395,
,"K. P. Koepke","Status of the Tevatron Low Beta And Separator Projects",397 400,
,"C. Wyss","Status of the LEP Energy Upgrade",400 403,
,"D. Brandt","Lattice Modifications for the LEP Energy Upgrade",403 406,
,"V. P. Kukhtin, M. Kozienko, E. A. Lamzin, B. V. Rozhdestvensky, Yu. P. Severgin, I. A. Shukeilo, Yu. V. Smirnov, A. A. Solames","A Proposal of Heavy Nuclei Accelerating Complex",409 412,
,"A. Chabert,  and The Development Group","What could be a Radioactive Ion Beam Facility at GANIL",412 415,
,"N. Neskovic, B. Bojovic, B. Brajuskovic, D. Ciric, S. Cirkovic, A. Dobrosavljevic, M. Josipovic, S. Koicki, M. Manasijevic, Lj. Milinkovic, R. Ostojic, A. Susini, D. Toprek","TESLA  Accelerator Installation",415 418,
,"H. Euteneuer, H. Herminghaus, R. Herr, P. Jennewein, K. H. Kaiser, Ch. Kluemper, H. -J. Kreidel, J. Leonardy, U. Ludwig-Mertin, K. W. Nilles, A. Steinel, G. Stephan, P. Zinnecker","Experience with the 855 MeV RTM-Cascade MAMI",418 421,
,"A.I. Iliev, Yu. V. Senichev","Alternative Transitionless Racetrack Lattices for Low-Energy Synchrotron",421 424,
,"M. E. Biagini, S. Guiducci, M. R. Masullo, G. Vignola","DAPhiNE Lattice Update",424 427,
,"C. Ronsivalle, G. Giubileo, G. Messina, L. Picardi, A. Vignati","Charaterization of the Performances of the ENEA Racetrack Microtron",427 429,
,"J. Takahashi, J. C. A. Alcon, A. Bonini, J. M. Junior, J. M. Machado, A. A. Malafronte, M. N. Martins, Y. Miyao","The Ifusp Racetrack Microtron",429 432,
,"K. Schindl, H. Schoenauer,  and the "AUSTRON" Study Group","A Pulsed Spallation Source in Central Europe",432 435,
,"S. Martin, C W. Planner","Accelerator Design Parameterd for a European Pulsed Spallation Neutron Source",435 438,
,"K. Abrahamsson, G. Andler, L. Bagge, E. Beebe, P. Carle, H. Danared, S. Egnell, M. Engstroem, A. Filevich, C. J. Herrlander, J. Hilke, J. Jeansson, A. Kaellberg, S. Leontein, L. Liljeby, A. Nilsson, A. Paal, K-G Rensfelt, U. Rosengaard, A. Simonsson, J. S","Status and Commissioning of CRYRING",441 444,
,"B. Franzke, K. Beckert, F. Bosch, H. Eickhoff, A. Gruber, O. Klepper, F. Nolden, U. Schaaf, P. Spaedtke, M. Steck","Performance of the Heavy Ion Storage Ring ESR",444 447,
,"E. Asseo, S. Baird, J. Bosser, M. Chanel, P. Lefevre, R. Ley, D. Moehl, R. Maccaferri, D. Manglunki, G. Molinari, J. C. Perrier, Th. Pettersson, G. Tranquille, D. Vandeplassche, D. J. Williams","Performance Update of LEAR",447 450,
,"L. Lin, L. Jahnel, P. Tavares","The LNLS UVX2 Soft X-ray Source",450 453,
,"S. V. Efimov, P. I. Gladkikh, Yu. N. Grigorev, I. S. Guk, I. M. Karnaukhov, S. G. Kononenko, V. P. Kozin, V. V. Markov, N. I. Mocheshnikov, A. Mytsykov, M. G. Nagaenko, Yu. Popkov, Yu. P. Severgin, A. A. Shcherbakov, M. A. Strelkov, A. S. Tarasenko, Yu Te","The Pulse Stretcher Ring PSR-200. Current Status",453 456,
,"A. V. Dolinsky, V. P. Belov, A. M. Kokorin, A. A. Makarov, A. I. Papash, S. N Pavlov, A. T. Rudchik, Yu. P. Severgin, I. A. Shukeilo, A. E. Val'kov, I. N. Vishnevsky, A. V. Zhmendak","The New Project of INR (Kiev's) Storage-Accelerating Complex",456 459,
,"J. Dorfan, W. A. Barletta, A. Hutton, M. S. Zisman","PEP-II Asymmetric B. Factory: R & D Results",459 462,
,"K. Hedblom, A. Barany, A. Johansson, D. Reistad","Calculations on Multiturn and Stripping Injection in CELSIUS",462 465,
,"T. Bergmark, C. Ekstroem, C. -J. Friden, K. Gajewski, L. Hermansson, P. Jahnke, A. Johansson, O. Johansson, T. Johnson, T. Lofnes, G. Norman, D. Reistad, M. Sedlacek, R. Wedberg, L. Westerberg","Operations with Internal Targets and Electron Cooling at CELSIUS",465 468,
,"J. M. Filhol","ESRF Booster Synchrotron: Characteristics and Achieved Performances",471 474,
,"V. N. Korchuganov, M. M. Samorukov","SR Complex Siberia: The Beginning of the Commissioning",474 477,
,"R. Maas, G. Luijckx","The Amsterdam Pulse Stretcher AmPS as a Photon Source",480 483,
,"Y. Kobayashi, A. Araki, Y. Kamiya","A Test of a 3-GeV Operation at the Photon Factory Storage Ring",483 486,
,"R. Abela, W. Joho, P. Marchand, S. V. Milton, L. Z. Rivkin","Design Considerations for a Swiss Light Source (SLS)",486 489,
,"R. Carr, J. Corbett, H. -D. Nuhn","First Test Results for an Adjustable Phase Undulator",489 492,
,"A. Arzumanov, A. Borisenko, S. Lysukhin","Energy Calibration and Energy Spread Measurements of the 1 MV Tandem Accelerator at Alma-Ata",495 498,
,"W. Namkung, J. Bak, M. Cho, I. Ko, T. N. Lee, C. Ryu, S. Won","Status of PLS 2-GeV Linear Accelerator",501 504,
,"C. A. J. van der Geer, R. J. Bakker, W.A. Gillespie, P.F. Martin, G. Saxon, P. W. van Amersfoort, A. F. G. van der Meer","Performance of the FELIX Accelerator",504 507,
,"W. Namkung, J. Bak, M. Cho, I. Ko, D. Liu, C. Ryu, S. Won, S. Zhou","Installation and Commissioning of PLS Preinjector Linac",507 510,
,"P. Berkvens, B. Gremont, P. Letellier, S. Sierra","First Beam Results of the ESRF Preinjector",510 512,
,"P. Eyharts, P. Anthouard, J. Bardy, P. Eyl, A. Roques, M. Thevenot, D. Villate","First Results on LELIA Induction Injector",512 515,
,"K. Jordan, R. Bundy, K. Crawford, H. F. Dylla, J. Heckman, J. Marshall, R. Nichols, S. O'Sullivan, J. Preble, J. Robb, W. Schneider, R. Sundelin, J. Vandyke","RF Cavity Vacuum Interlock System",515 518,
,"P. Girault, C. Bourat, P. Letellier, G. Meyrand, S. Sierra, D. Tronc","Progress Report on 3 pi/4 Backward TW Accelerating Module for the ELETTRA 1.5 GeV Electron Injector",518 521,
,"C. G. Yao, C. R. Chang, W. Funk, D. Raparia, D. Swenson","CCL Design Improvements at SSC Linac",521 524,
,"A. Enomoto, A. Asami, K. Kakihara, T. Kamitani, S. Ohsawa, T. Oogoe, I. Sato","Performance of the Upgraded Positron Generator at KEK",524 527,
,"P. Krejcik, J. Corbett, S. Ecklund, P. Emma, T. Fieguth, R. Helm, A. Kulikov, T. Limberg, H. Moshammer, M. Ross, R. Siemann, W. Spence, M. Woodley","Recent Improvements in the SLC Positron System Performance",527 530,
,"H. Braun, J. Clendenin, S. Ecklund, A. Kulikov, R. Pitthan","A Possible Design of the NLC e<sup></sup> Source",530 533,
,"I. Sato, T. Emoto, A. Enomoto, E. Ezura, Y. Himeno, K. Hirano, H. Kobayashi, K. Konashi, K. Nakahara, H. Nakanishi, S. Noguchi, S. Ohsawa, M. Ono, H. Oshita, N. Sasao, K. Takata, S. Toyama, Y. L. Wang, S. Yamaguchi, S. Yoshimoto","Development of a CW Electron Linac Structure Using a Traveling-Wave Resonant Ring",533 536,
,"G. Amendola, N. Angert, M. -P. Bourgarel, B. Bru, F. Cervellera, G. Fortuna, H. Haseroth, C. Hill, G. Hutter, J. Klabunde, H. Klein, H. Kugler, D. Liska, A. Lombardi, H. Lustig, E. Malwitz, A. Musso, H. O'Hanlon, G. Parisi, A. Pisent, U. Ratzinger, L. Ric","A Heavy Ion Linac for the CERN Accelerator Complex",536 539,
,"M. Weiss","The RFQ2 Complex: the Future Injector to CERN Linac 2",539 542,
,"E. Tanke, M. Vretenar, M. Weiss","Measurement of the CERN High Intensity RFQ",542 545,
,"G. Amendola, F. Cervellera, G. Fortuna, A. Lombardi, G. Parisi, A. Pisent, M. Vretenar, M. Weiss","Design Study of the Low Energy Part of the CERN Pb Ion Injector",545 548,
,"N. Tokuda, S. Arai, A. Imanishi, T. Morimoto, S. Shibuya, E. Tojyo","Performance Characteristics of the INS 25.5-MHz Split Coaxial RFQ",548 551,
,"J. Friedrich, N. Angert, U. Bessler, H. Deitinghoff, J. Klabunde, H. Klein, A. Schempp, R. Veith","Performance of the GSI HLI-RFQ*",551 554,
,"M. Grieser, H. Deitinghoff, D. Habs, R. v. Hahn, E. Jaeschke, C. M. Kleffner, S. Papureanu, R. Repnow, A. Schempp, D. Schwalm, M. Stampfer","A High Current Injector for the Heidelberg Test Storage Ring TSR",554 557,
,"A. Lombardi, G. Parisi, M. Vretenar","Comparison Study of RFQ Structures for the Lead Ion Linac at CERN",557 560,
,"T. Shirai, H. Dewa, H. Fujita, M. Inoue, Y. Iwashita, S. Kakigi, A. Noda, H. Okamoto","Performance of the RFQ and Alvarez Linac at Kyoto University",560 563,
,"S. Joly, P. Balleyguier, R. Dei-Cas, H. Leboutet","The 433 MHz Accelerator for the ELSA High-Peak Power FEL",563 566,
,"Yu. V. Bylinsky, S. K. Esin, A. P. Fedotov, A. V. Feschenko, L. V. Kravchuk, A. I. Kvasha, B. P. Murin, P. N. Ostroumov, S. I. Scharamentov, V. L. Serov","Beam Matching in the Transition Region between DTL and DAWL of the INR Linac",566 569,
,"V. D. Danilov, Y. K. Batygin, A. A. Iliin","RF Ribbon Beam Accelerator For Heating Thermonuclear Plasmas",569 572,
,"E. S. Masunov, N. V. Avrelin, V. N. Leonov, A. P. Novikov","A Project of Ion Linear Undulator Accelerator with Transverse RF-Field",572 575,
,"P. Letellier, B. Gremont, R. Johnsen, G. Meyrand, D. Tronc, D. Wang","Commissioning of the CAMD Louisiana State Univ. 200 MeV Electron Linac Injector",575 578,
,"K. Nakajima, M Downer, A. Enomoto, W. Horton, Y. Kato, Y. Kitagawa, K. Mima, H. Nakanishi, B. Newberger, Y. Nishida, A. Ogata, H. Shiraga, T. Shoji, Y. Suetsugu, T. Tajima, K. Yamakawa, N. Yugami","Experiment of Laser Wake-Field Accelerator",581 584,
,"J. Gao","Theoretical Investigation of a Traveling Wave RF Gun",584 587,
,"A. G. Ruggiero, J. Wei","Conversion of Power and Frequency",587 590,
,"R. E. Laxdal, W. Joho","Longitudinal Splitting of Bunches in a Cyclotron by Superposition of Different RF Harmonics",590 593,
,"A. Tauschwitz, E. Boggasch, K. -G. Dietrich, D. H. H. Hoffmann, W. Laux, M. Stetter, R. Tkotz, H. Wahl","Beam Test of a Plasma Lens for Heavy Ion Beam Focusing",593 596,
,"E. Boggasch, K. -G. Dietrich, D. H. H. Hoffmann, W. Laux, M. Stetter, A. Tauschwitz, R. Tkotz, H. Wahl","Plasma Lenses for Heavy Ion Beam Focusing",596 599,
,"F. Amiranoff, P. Benkheiri, B. Cros, E. Fabre, Ch. Gregory, F. Jacquet, M. Laberge, J. R. Marques, G. Mathieussent, J. Meyer, Ph Mine, B. Montes, P. Mora, F. Moulin, P. Poilleux, C. Stenz","Observation of Resonance in Beat-Wave Experiments with Nd Lasers",599 602,
,"H. Zhongxi","High Brightness Injector for FEL",605 608,
,"A. N. Didenko","On the Possibility to Build the FEL using Relativistic Particles moving through Crossed Field Media",608 611,
,"M. Castellano, L. Catani, N. Cavallo, F. Cevenini, F. Ciocci, G. Dattoli, A. Dipace, G. P. Gallerano, P. Patteri, A. Renieri, E. Sabia, F. Tazzioli, A. Torre","SURF: An IR FEL with the SC  Linac LISA",611 614,
,"A. Dipace, A. Doria, G. P. Gallerano, E. Sabia","Waveguide-gap Tapering of a Far Infrared FEL",614 617,
,"A. Dipace, E. Sabia","3D Simulation Codes for FEL Amplifiers",617 620,
,"F. Glotin, M. Bernard, J.-M. Berset, J. C. Bourdon, R. Chaput, M. Dehamme, T. Garvey, G. Humbert, D. Jaroszinsky, B. Kergosien, M. Mencik, B. Mouton, M. Omeich, J. M. Ortega, R. Prazeres, J. Rodier, P. Roudier, M. Velghe","First Lasing of the CLIO FEL",620 623,
,"M. E. Couprie, M. Billardon, D. Garzella, C. Monet-Descombey, M. Sommer","Relation Between the Super-ACO Storage Ring Free Electron Laser and the Longitudinal Characteristics of the Positron Beam",623 626,
,"D. I. Kaltchev, E.A. Perelstein","Gain Calculation for the Synchrotron Radiation Free Electron Maser",626 629,
,"W. H. Urbanus, R. W. B. Best, V. L. Bratman, M. Caplan, G. G. Denisov, A. A. Varfolomeev, A. G. A. Verhoeven, M. J. van der Wiel","A 1 MW Free Electron Maser for Fusion Applications",629 632,
,"G. Doucas, M. Kimmitt, J. H. Mulvey, M. Omori, J. Walsh","First Observation of Smith-Purcell Radiation from Relativistic Electrons",632 635,
,"Z. Guo, T. Risselada, W. Scandale","Dynamic Behaviour of the CERN Large Hadron Collider (LHC)",637 640,
,"F. Galluccio, F. Schmidt","Slow Particle Loss in Hadron Colliders",640 643,
,"J. Wei","Transition Crossing in the RHIC",643 646,
,"M. Yoon, J. Choi, G. H. Kim, T. Lee","Closed Orbit Distortion and Correction of the PLS 2 GeV Storage Ring",646 649,
,"D. Brandt, O. Groebner, J. M. Jowett, T. M. Taylor, T. Tortschanoff","The Polarization Wigglers in LEP",649 652,
,"D.D. Caussyn, M. Ball, B. Brabson, A. Chao, J. Collins, S. Curtis, S.A. Curtis, V. Derenchuck, D. DuPlantis, G. East, M. Ellison, T. Ellison, D. Friesel, B. Hamilton, W. P. Jones, W. Lamble, S. Y. Lee, D. Li, M. G. Minty, K. Y. Ng, T. Sloan, S. Tepikian, ","Experimental Beam Dynamics at the Third Integer Resonance",652 655,
,"G. Parzen","Theory of the Beta Function Shift Due to Linear Coupling",655 658,
,"G. Parzen","Theory of the Tune Shift Due to Linear Coupling",658 661,
,"P. Elleaume","A New Approach to the Electron Beam Dynamics in Undulators and Wigglers",661 664,
,"S. V. Efimov","Fringing Field Effects of the Plane Undulator on Beam Dynamics in Storage Ring",664 667,
,"C. J. Bocchetta, L. Tosi, R. P. Walker, A. Wrulich","Studies of the Effects of an Elliptical Wiggler in ELETTRA",667 670,
,"J. Bahrdt, G. Wuestefeld","A Taylor-Expanded Generating Function for Particle Motion in Arbitrary Magnetic Fields",670 673,
,"L. Lin, L. Jahnel","The Dynamic Aperture of the LNLS UVX2 Electron Storage Ring",673 676,
,"M. Scheer, G. Wuestefeld","Influence of a Wavelength Shifter on the Performance of the Synchrotron Light Source BESSY II",676 679,
,"J. A. Clarke, J. N. Corlett, M. W. Poole, S. L. Smith, V. P. Suller, L. A. Welbourne","The Linear Latticed Design of an Advanced VUV/SXR Photon Source for Daresbury",679 682,
,"T. Limberg, H. Moshammer, T. Raubenheimer, R. Siemann, J. Spencer","Calculations of Emittance and Damping Time Effects in the SLC Damping Rings",682 685,
,"A. Yu. Zelinsky, P. I. Gladkikh, V. I. Moskalenko, A. A. Shcherbakov, M. A. Strelkov","New Version 3.3 of the DeCa Code",685 688,
,"A. Yu. Zelinsky, I. M. Karnaukhov, A. A. Shcherbakov","A Polarized Electron Beam in the Pulse Stretcher Ring PSR-2000",688 691,
,"A. Yu. Zelinsky, I. M. Karnaukhov, S. G. Kononenko, M. A. Strelkov, A. S. Tarasenko","Simulation of Correction for PSR-2000 Dynamic Aperture",691 694,
,"S. Y. Lee","A High Betatron Amplitude Insertion for the SSCMEB Lattice",694 696,
,"A. Iliev","Analytic Approach to Design of a High gamma<sub>t</sub> Lattice - 'Missing Magnets' Scheme",696 699,
,"H. Burkhardt, A. Hofmann, Y. Marti, S. Myers, J. Poole","The Effect of the Beam-Beam Interaction on the Performance of LEP",699 702,
,"J. P. Koutchouk","Self-compensation of the LEP Distributed Skew Gradient",702 705,
,"S. Y. Lee, M. Ball, B. Brabson, D. Caussyn, A. W. Chao, J. Collins, S. Curtis, V. Derenchuck, D. DuPlantis, S. Dutt, G. East, M. Ellison, T. Ellison, D. Friesel, W. Gabella, B. Hamilton, Y. Han, H. Huang, W. P. Jones, W. Lamble, D. Li, M. G. Minty, S. Nag","Nonlinear Beam Dynamics Experiments at the IUCF Cooler",705 708,
,"R. Bailey, J. M. Jowett, W. Kalbreier, V. Mertens, J. Poole, G. de Rijk","Experimental Studies of Pretzel Beam Dynamics in LEP",708 711,
,"P. N. Chirkov, Yu. S. Fedotov, Yu. M. Nosochkov, I. I. Petrenko","Magnet Sorting Along the Ring of the 1-st Stage of the UNK",711 714,
,"J. Shi, R. L. Gluckstern, S. Ohnuma","Diffusion rate for the Emittance Growth due to Periodic Crossings of Nonlinear Coupled Resonances",714 717,
,"K. Nakajima, M. Arinaga, H. Fukuma, Y. Funakoshi, S. Kamada, T. Kawamoto, M. Kikuchi, H. Koiso, T. Kosugo, S. Kuroda, T. Mimashi, T. Nakanishi, M. Tawada, K. Yokoya","Polarization Study in TRISTAN",717 720,
,"R. Nagaoka, L. Tosi","Effect of Coupled Synchro-Betatron Oscillation on the Stability of Single Particle Motion in ELETTRA",720 723,
,"M. G. Minty, S. Y. Lee","Effects of the Ggamma=2 Imperfection Resonance on the Spin Motion",723 726,
,"H. Huang, L. Ahren, J. Alessi, V. Bharadwaj, E. J. Bleser, G. Bunce, P. Cameron, D. Caussyn, E. D. Courant, T. Ellison, H. W. J. Foelsche, C. J. Gardner, J. Geller, S. Hiramatsu, B. Jones, S. Y. Lee, Y. Y. Lee, Y. I. Makdisi, S. R. Mane, Y. Mori, L. Ratne","The Partial Siberian Snake Experiment at the Brookhaven AGS",726 729,
,"C. Fischer, G. Guignard","Treatment of Non-Linearities in Achromatic Trajectory Corrections for Future Linacs",729 732,
,"J. M. Dolique, J.-C. Coacolo","Self-Field-Driven RMS: Emittances of a Field-Photoemitted Intense Short Relativistic Electron Beam",732 735,
,"M. Plesko","An Interactive Graphical Model for the Design and Control of a Transfer Line",735 738,
,"V. I. Balbekov, P. N. Chirkov","Coupling Resonance 2Q<sub>y</sub>-2Q<sub>x</sub>=0 Excited by Sextupolar Magnetic Fields",738 741,
,"H. Meuth","Longitudinal Synchrotron Beam-Pulse Shapes",741 744,
,"J. Dietrich, D. Dinev, S. A. Martin, R. Wagner","Simulation and Correction of the Closed Orbit in the Cooler Synchrotron COSY-Juelich",744 747,
,"F. Meot","A Numerical Method for the Ray-Tracing of Polarized Beams",747 750,
,"S. H. Ananian, R. H. Manukian","The Beam Steering in Beamlines and Rings using the Methods of Sequential Filtering",750 753,
,"W. J. Corbett, M. J. Lee, Y. Zambre","Automatic Beamline Calibration Procedures",753 756,
,"F. -J. Decker","Transverse Wakefields at High Dispersion",759 762,
,"R. Fedele, L. Palumbo, V. G. Vaccaro","A Novel Approach to the Nonlinear Longitudinal Dynamics in Particle Accelerators",762 765,
,"Y. Chen","Space Charge Effect of Bunched Beam with Different Density Distributions in Linac",765 768,
,"D. Brandt, K. Cornelis, W. Herr, A. Hofmann, J. Poole, E. Rossa, A. Verdier","First Experience with a Low Emittance Lattice for the LEP Energy Upgrade Programme",768 771,
,"J. M. Dolique, J.-C. Coacolo","Self-field-limiting Current Density in the Field-photoemission of Intense Short Relativistic Electron",771 774,
,"Yu. V. Senichev","Study of Injection Transient in Coupled Cell Linac Cavities",774 777,
,"B. Aune, A. Mosnier, O. Napoly","Simulation of Beam Instabilities in a Superconducting Linear Collider",777 780,
,"G. Kalisch, K. Beckert, B. Franzke, I. Hofmann, U. Schaaf","Longitudinal Space Charge Effects in Cooled Bunched Beams",780 783,
,"I. Hofmann, K. Beckert, H. Eickhoff, B. Franzke, G. Kalisch, U. Schaaf, M. Steck","High Phase Space Density Beams for Heavy Ion Fusion Research",783 786,
,"A. Devia, P. Arango, H. Barco","Resonances in the Beam-Plasma Interaction due to a Finite Conductor Cylinder",786 789,
,"E. Bozoki, S. Kramer","Ion Shaking in the 200 MeV XLS-Ring",789 792,
,"V. I. Balbekov","The Effect of Vacuum Chamber Wall Conductivity of an Accelerator on the Value of Coulomb Tune Shifts",792 795,
,"P. Kuske","Transverse Impedance of BESSY",795 798,
,"W. Anders","Bunch Length Measurements at the BESSY Storage Ring",798 801,
,"M. Bassetti, R. Boni, A. Gallo, M. Migliorati, L. Palumbo, M. Serio, L. Verolino","Beam Loading in DAPhiNE Cavities",801 804,
,"S. Bartalucci, G. Di Massa, R. Fedele, M. R. Masullo, L. Palumbo, M. Serio, B. Spataro, V. G. Vaccaro, G. Vignola, M. Zobov","Impedance and Beam Dynamics in DAPhiNE",804 807,
,"M. Bassetti, O. Coiro, A. Ghigo, M. Migliorati, L. Palumbo, M. Serio","DAPhiNE Longitudinal Feedback",807 810,
,"E. Bulyak, P. Gladkikh, A. Shcherbakov","Neutralization of the Beam Space Charge in Electron Storage Rings",810 813,
,"W. J. G. M. Kleeven, J. I. M. Botman, J. L. Delhez, H. L. Hogedoorn, M. H. M. Knoben, A. J. Moerdijk, M. E. H. J. Theeuwen, C. J. Timmermans, G. A. Webers, J. A. van der Heide","Beam Loading and Beam Breakup in a 1.3 GHz Microtron Accelerating Cavity",813 816,
,"R. Becker","RFQ Matching for Current Dominated Ion Beams",816 819,
,"O. Gal, J. M. Bassaler, J. M. Capdevila, F. Laine, A. Nguyen, J. P. Nicolai, K. Umiastowski","Numerical and Experimental Results on the Beam Dynamics in the Rhodotron Accelerator",819 822,
,"Y. K. Batygin","BEAMPATH: A Program Library for Beam Dynamics Simulation in Linear Accelerators",822 825,
,"M. Steck, N. Angert, K. Beckert, F. Bosch, H. Eickhoff, B. Franzke, M. Jung, O. Klepper, K. D. Leible, F. Nolden, U. Schaaf, H. Schulte, P. Spaedtke, B. Wolf","Commissioning of the ESR Electron Cooling Device",827 830,
,"T. Tanabe, Y. Arakaki, K. Chida, T. Honma, N. Inoue, I. Katayama, T. Katayama, R. Nagai, K. Noda, S. Ohtani, M. Tomizawa, S. Watanabe, T. Watanabe, H. J. Xu, J. Yoshizawa, M. Yoshizawa","Heavy-Ion Cooling and Related Applications in the Cooler-Ring TARN II at INS",830 833,
,"J. Wei","Stachastic Cooling with a Double RF System",833 836,
,"D. R. Anderson, J. Adney, M. S. Ball, D. Caussyn, M. J. Ellison, T. Ellison, J. Ferry, W. Fox, D. Friesel, B. Hamilton, S. Y. Lee, S. Nagaitsev, D. Reistad, P. Schwandt, M. Sedlacek, M. Sundquist","Design of a 6 MeV Electron Cooling System for the SSC Medium Energy Booster",836 839,
,"W. Derissen, R. Maier, U. Pfister, D. Prasuhn, M. Sauer, W. Schwab, U. Schwarz, M. Sedlacek, H. J. Stein, J. Wimmer, J. -D. Witt, A. Zumloh","Status of the COSY Electron Cooler",839 842,
,"P. Brittner, H. U. Hacker, R. Maier, U. Pfister, D. Prasuhn, H. Singer, W. Spiess, R. Stassen, H. Stockhorst, A. Zumloh","The Stochastic Cooling System of COSY",842 845,
,"J. Bosser, M. Chanel, R. Ley, G. Tranquille","Variable Energy Electron Cooling at LEAR",845 848,
,"N. S. Dikansky, G. I. Budker, A. A. Mikhailichenko","Straightline Cooling System for Obtaining Beams of Electrons and Positrons with Minimal Emittance",848 851,
,"S. N Pavlov, A. V. Zhmendak","Electron Gun for Kiev Heavy Ion Storage Ring",851 854,
,"Ch. Steinbach","Beam Optics at Resonant Extraction Septa",857 860,
,"M. Sekiguchi, Y. Shida","Orbit Analysis of the Spiral Inflector for Cyclotrons",860 863,
,"J. Gao","Analytical Formulae for the Resonant Frequency Changes due to Opening Apertures on Cavity Walls",865 868,
,"H. Henke","Diffraction Radiation of Charges Moving Past Conducting Screens",868 871,
,"S. S. Kurennoy","Beam Interaction with Pumping Holes in Vacuum-Chamber Walls",871 874,
,"M. Kurz, H.-W. Glock, P. Huelsmann, H. Klein","Transversal Loss Factor of an RF-Focusing Iris Structure with Rectangular Holes",874 877,
,"O. Henry, A. Mosnier","Superconducting Cavities Calculations for a B-Factory",877 880,
,"G. Di Massa, M. R. Masullo","Open Resonator in the Microwave Region",880 883,
,"A. V. Mishin","Iris Hole Rounding Influence on the Disk Loaded Waveguide Parameters",886 889,
,"F. Caspers, E. Jensen, F. Ruggiero","Impedance Measurements for the Pumping Holes in the LHC Liner",889 892,
,"N. P. Sobenin, S. V. Ivanov, V . E. Kaljuzhny, S. N. Plotnikov","Theoretical and Experiemental Study of Linear Collider Accelerating Structures Impedance Characteristics",892 895,
,"K. W. Glavatskih, V. A. Pavlovsky, N. P. Sobenin","Measurement of Transverse Electric Field Gradient in Non-Axisymmetric Structures",895 898,
,"J. M. Bassaler, H. Baudrand","Calculation of the Resonance Frequencies of the Rhodotron Cavity using Green Function",898 901,
,"J. Jacob, F. Caspers, M. Emmerich, G. Gautier, M. Ikonomou, A.F. Jacob","Wireless Impedance Measurements and Fault Location on ESRF Vacuum Chamber Assemblies",901 904,
,"K. L. F. Bane, R. Gluckstern, N. Holtkamp","The Coupled Dipole Modes of the NLC Accelerator Structure",904 907,
,"P. Arcioni, K. Ko, R. P. Pendleton","Numerical Evaluation of Beam Coupling Impedances in Heavily Damped Accelerating Cavities",907 910,
,"H. Hanaki, A. Asami, S. Ohsawa, T. Takahashi","Computer Design of Coupler Cavities for a Travelling-Wave-Type Buncher",910 913,
,"G. Carron, L. Thorndahl","Impedance and Loss Factor Measurements of the CLIC Transfer Structure (CTS)",913 916,
,"J. J. Song, R. L. Kustom","RF Impedance Measurement Status for the 7 GeV Advanced Photon Source (APS)",916 919,
,"P. Raabe, H. L. Hartnagel, W. Heinrich","Rigorous Computer Analysis of High-Frequency Pickup and Kicker Devices for ESR Stochastic Cooling",919 922,
,"J. J. Song, R. L. Kustom, J. H. Zhou","Aperture Coupling Measurement in a Test Chamber for the Advancecd Photon Source (APS)",922 925,
,"G. Dome, L. Palumbo, V. G. Vaccaro, L. Verolino","The Frequency Behaviour of the Longitudinal Coupling Impedance of a Periodic Array of Diaphragms",925 928,
,"Ch. Wang, J. Bahrdt, A. Gaupp, K. Molter, W. Peatman, G. Ulm, B. Wende","Calculation of Undulator Radiation from Measured Magnetic Fields and Comparison with Measured Spectra",928 931,
,"N. P. Sobenin, A. N. Didenko, K. W. Glavatskih, V. N. Gusarov, K. I. Mokachev","Electrodynamic Characteristics of Structures with Non-Axisymmetrical Apertures",931 933,
,"I. S. Shchedrin","Reference Data on Disc Loaded Guide Space Harmonics",933 936,
,"D. Giove, P. Gmaj, L. Lo Monaco, G. Raia, L. Rossi","Test and Calibration of the Magnetic Measurement System for the Superconducting Cyclotron at LNS, Catania",936 939,
,"H. Borek, P. Raabe","Simulation of Slow Particle Beams using a Microstrip Line Model",942 945,
,"M. Giovannozzi, A. Bazzani, G. Servizi, E. Todesco, G. Turchetti","Computation of the Dynamic Aperture of a One-Dimensional Model of a Sextupole Nonlinearity, using Analytical Tools",945 948,
,"K. O. Thielheim","Particle Acceleration in Electromagnetic Wave Fields",951 954,
,"H. Heydari","Remarks about the Standard Formula of Beam-Beam Radiation in Electron-Positron Collision",954 956,
,"S. Ivanov","Calculated Evolution of a Proton Bunch under RF-Noise",956 959,
,"N. Akchurin, L. Badano, A. Bravar, M. Conte, J. Hall, J. McPherson, F. Olchowski, Y. Onel, A. Penzo, A. Pisent, M. Pusterla, T. Rinckel, R. Rossmanith","Spin Dynamics Tests Preliminary to the Spin Splitter Experiment",959 961,
,"JP. de Brion, R. Dei-Cas, H. Leboutet","A Magnetic Compressor for a 5 MeV Electron Beam",961 964,
,"S. Varro, G. Kocsis","Classical Motion of a Charged Particle in the Presence of a Static, Homogeneous Magnetic Field and a Linearly Frequency Shifted Electromagnetic Plane Wave",964 967,
,"J. Dehen, W. Barth, H. Deitinghoff, A. Schempp","Transport of Ions in a RFQ Accelerator",967 970,
,"P. Junior, J. Dehen, M. Malouschek","Matching Fingers in the Four Rod RFQ",970 973,
,"G. Amendola, A. Pisent, J. M. Quesada, M. Weiss","Beam Dynamics Studies for the CERN Lead-Ion RFQ",973 976,
,"P. Bertrand","Numerical Simulation of ECRIPAC Plasma Behaviour with Vlasov Equations including Electron and Ion Collective Effects",976 979,
,"R. Becker, E. D. Donets, M. Kleinod, A. I. Pikin","ACCU-EBIS: Collection and Ionisation of Reaction Products",981 984,
,"M. Cavenago","Operation of the Legnaro ECR Ion Source",984 987,
,"B. H. Wolf, I. G. Brown, H. Emig, P. Spaedtke","MEVVA Ion Source for Heavy Ion Synchrotron Injection",987 990,
,"P. Sortais, M. Bisch, M. P. Bourgarel, P. Bricault, P. Leherissier, R. Leroy, J. Y. Pacquet, J. P. Rataud","Latest Developments on Multicharged E. C. R. Ion Sources at GANIL",990 993,
,"A. A. Glazkov, I. S. Balikoev, V. T. Barchenko, N. R. Lobanov, S. I. Zagranichny","Duoplasmatron-type Ion Source with Improved Technical and Operational Performance for Linear Accelerator",993 996,
,"A. A. Glazkov, N. R. Lobanov, V. V. Zaitsev","Cynetics of Molecular Nitrogen Ionization in Plasma of Gas Discharge Ion Source",996 999,
,"H. Beuscher","Ion Sources for Proton Inection into COSY",999 1002,
,"R. McAdam, S. Cox, A. J. T. Holmes, R. F. King, G. Proudfoot","Development of Bright Negative Ion Sources at Culham Laboratory",1002 1005,
,"R. Sidlow, N. D. West","Performance of the Penning H<sup>-</sup> Ion Source at ISIS",1005 1008,
,"K. J. Antes, Aa. M. Larsson, C. R. Meitzler","A Volume Ion Source with Pulsed Magnetic Field",1008 1011,
,"S. V. Martynov, V. I. Pershin, V. K. Platnikov, N. Ya Popova","Investigation of the Effect of Increasing of the Transverse Phase Volume of the Beam in an Electron Gun with Different Cold Cathodes",1011 1014,
,"A. Michalke, P. Michelato, H. Piel, C. K. Sinclair","First Operation of High-Quantum Efficiency Photocathodes Inside Superconducting Cavities",1014 1017,
,"O. Kester, R. Rao, L. Rinolfi","Beam Emittance Measurements from CERN Thermionic Guns",1017 1020,
,"C. Bazin, A. Brun, J. Gao, P. Georges, B. Jacquemard, B. Mouton, M. Omeich, Y. Thiery, C. Travier","CANDELA Photoinjector Progress Report",1020 1023,
,"H. Gundel, H. Henke, H. Heydari, K. Schmidt, D. Suchland","Profile Measurements on a Pulsed Ferroelectric Electron Beam",1023 1026,
,"R. Bossart, J. C. Godot, H. Kugler, J. H. B. Madsen, A. Riche, J. Stroede","RF-Gun Construction, Tuning and High Power Tests",1026 1029,
,"D. C. Schultz, J. Clendenin, J. Frisch, E. Hoyt, L. Klaisner, M. Woods, D. Wright, M. Zolotorev","The Polarized Electron Gun for the SLC",1029 1032,
,"F. B. Kroes, N. J. Dobbe, P. P. M. Jansweijer, A. H. Kruijer, G. Luigjes, T. G. B. Sluijk, M. G. van Beuzekom, J. T. van Es","Improvement of the 400 kV Linac Electron Source of AmPS",1032 1035,
,"A. V. Aleksandrov, R. Calabrese, G. Ciullo, N. S. Dikansky, V. Guidi, N. Cl. Kot, V. I. Kudelainen, G. Lamanna, V. A. Lebedev, P. V. Logachov, L. Tecchio","High Performances from a GaAs Photoemitter",1035 1038,
,"K. N. Leung, D. A. Bachman, D. S. McDonald","RF Driven Multicusp Ion Source for Particle Accelerator Applications",1038 1041,
,"G. Buur, P. Collier, K. D. Lohmann, H. Schmickler","Dynamic Tune and Chromaticity Measurements in LEP",1043 1046,
,"E. Plouviez, F. Loyer","ESRF Synchrotron Injector Tune Measurement System",1046 1049,
,"L. K. Mestha, C. M. Kwan, J. Mangino, K. S. Yeung","A Time Domain Control Algorithm for Global RF Feedback Loops",1049 1052,
,"S. N. Lapitsky, A. F. Lukyantsev, V. S. Seleznev, P. V. Shevtsov, S. I. Tomin","Possible Approach to the Creation of Systems for High Energy Proton Beam Losses Measurements (part 1 - Physical Aspects and Experimental Results)",1052 1055,
,"S. N. Lapitsky, A. F. Lukyantsev, V. S. Seleznev, P. V. Shevtsov, S. I. Tomin","Possible Approach to the Creation of Systems for High Energy Proton Beam Losses Measurements (part 2 -Mathematical Aspects and Experimental Results)",1055 1058,
,"N. D. West, M. A. Clarke-Gayther","Optimisation of ISIS Injector Linac RF Settings by Use of a Beam Phase Monitoring System",1058 1061,
,"J. Xu","Study on a Longitudinal Damper System",1061 1064,
,"S. L. Kramer","Longitudinal Bunch Profile Measurements with Striplines",1064 1067,
,"H. Hindi, D. Briggs, J. Fox, W. Hosseini, A. Hutton","Down Sampled Signal Processing for a B Factory Bunch-by-Bunch Feedback System",1067 1070,
,"O. Meincke, S. Herb, P. Schmueser","Chromaticity Measurements in the HERA Proton Storage Ring",1070 1073,
,"A. V. Feschenko, A. A. Men'shov, P. N. Ostroumov","A Detector to Measure Longitudinal and Transverse Distributions of a Two Component Ion Beam",1073 1076,
,"L. K. Mestha, C. M. Kwan, R. C. Webber, K. S. Yeung","A General Control Model for Designing Beam Control Feedback Loops",1076 1079,
,"J. D. Fox, P. Corredoura","Amplification and Damping of Synchrotron Oscillations via a Parametric Process",1079 1082,
,"J. Borer, C. Bovet, A. Burns, G. Morpurgo","Harmonic Analysis of Coherent Bunch Oscillations in LEP",1082 1085,
,"M. Bellato, A. Dainelli, M. Poggi","The Beam Diagnostics System of the ALPI Post-Accelerator",1085 1088,
,"J. Dietrich, J. Bojowald, K. Bongardt, K. Doering, N. Dolfus, U. Hacker, G. Luerken, H. Labus, H. Lawin, R. Maier, H. Stockhorst, J. -D. Witt, A. Zumloh","Beam Diagnostics at COSY-Juelich",1088 1091,
,"J. -C. Denard, C. J. Bocchetta, A. Carniel, T. Monaci, P. Sereni, S. Sierra, R. Ursic","Beam Diagnostics of the ELETTRA Injector",1091 1094,
,"C. Fernandez-Figueroa, G. Molinari","New Diagnostic Devices to Monitor Extraction from LEAR",1094 1097,
,"C. J. Bocchetta, D. Bulfone, J. -C. Denard, M. Plesko","The Diagnostic Line for the Acceptance Tests of the ELETTRA 100 MeV Pre-Injector",1097 1100,
,"P. Heeg","Intensity Measurements of Heavy Ion Beams from SIS",1100 1103,
,"L. Degueurce, J. M. Armani, F. Launay","A New Beam Current Monitor for the MIMAS Storage Ring",1103 1106,
,"S. N. Lapitsky, V. E. Rakhmatov, V. S. Seleznev","The Sealed Beam Intensity Monitors",1106 1109,
,"I. N. Biryukov, A. N. Mirzojan, P. N. Ostroumov, S. A. Petronevich","Transverse Beam Parameter Measurements at the INR Proton Linac",1109 1112,
,"F. Loyer, K. Scheidt","Project of a Beam Position Monitor for the ESRF Storage Ring",1112 1115,
,"J. Y. Huang, D. H. Jung, D. T. Kim, J. H. Kim, J. S. Kim, M. K. Park, S.C. Won","PLS Beam Position Monitoring System",1115 1118,
,"R. Ursic, J. C. Denard","Measuring the Beam Position in the ELETTRA Linac",1118 1121,
,"K. Scheidt, F. Loyer","ESRF Synchrotron Injector Beam Position Monitor System",1121 1124,
,"A. M. Tron, P. B. Vasilev","Secondary Electron Monitor of Beam's Two-Dimensional Transverse Current Density Distribution",1124 1127,
,"M. Wendt","Beam Position Signal Processing",1127 1130,
,"G. R. Aiello, M. Mills","Beam Position Monitor Electronics using DC Coupled Demodulating Logarithmic Amplifiers",1130 1133,
,"K. Wittenburg","Experience with the Residual Gas Ionisation Beam Profile Monitors at the DESY Proton Accelerators",1133 1136,
,"W. C. Barry, P. K. Kloeppel, R. Rossmanith","Absolute Measurement of Beam Energy by Compton Scattering",1136 1139,
,"R. Chehab, G. Bienvenu, M. Taurigna","Beam Emittance Determination using Optical Transition Radiation",1139 1142,
,"G. Bassato, A. Battistella, M. Bellato, S. Canella","The Control System of the LNL Linac",1145 1148,
,"V. Gorbunov, M. Gratchev, V. Seleznev, V. Yabzhanov","Status Report on the Control System for the MMF Experimental Area",1148 1149,
,"N. Bongers, U. Hacker, K. Henn, A. Richert, M. Simon, K. Sobotta, M. Stephan, T. Vashegyi, A. Weinert","The COSY Control System: A Computer Distributed Multiprocessor System for Accelerator Control",1149 1152,
,"P. D. Quinn, P. A. Buksh, J. Flaherty, L.M. Ford, N. W. Harris, I. D. Mullacrane, W. R. Rawlinson, T. Ring, S. York","An Advanced Beam Steering System for the SRS at Daresbury",1152 1155,
,"Y. Kijima, M. Mizota, K. Suzuki, K. Yoshida","A Beam Diagnostic System for Accelerator using Neural Networks",1155 1158,
,"D. Bulfone, P. Michelini","The ELETTRA Power Supply Control System",1158 1161,
,"W. Koelmeijer, M. Nicoules, M. Steffensen, P. Strubin","Upgrading the Controls of the SPS Vacuum System",1161 1164,
,"V.L. Brouk, E. V. Klimenkov, V. M. Mokhov, V. G. Tishin, V. K. Vorobjev","The Longitudinal Motion Simulation in the Control System of U-1.5 and U-70 Accelerators",1164 1167,
,"R. Mueller","Graphics Server and Action Language Interpreter greatly Simplify the Composition of a Graphical User Interface",1167 1170,
,"V. E. Balakin, I. V. Syrachev","Status of VLEPP RF Power Muliplier (VPM)",1173 1176,
,"K. Fong, M. Laverty","RF Control System for TRIUMF Booster Cavity",1176 1179,
,"M. Kanazawa, Y. Hirao, A. Itano, K. Katsuki, M. Kuwada, Y. Morii, K. Noda, K. Sato, M. Shigeta, M. Sudou, E. Takada, E. Toyoda, N. Tsuzuki, T. Yagi, T. Yamagishi, C. Yamazaki","The RF System of the HIMAC Synchrotron",1179 1182,
,"J. Jacob, P. Barbier, U. Behrens, D. Boilot, C. David, G. Gautier, H. Hoberg, H. K. Knobbe, H. Noeldge, J. -L. Revol, J. -M. Rigal, D. Vial","Commissioning and Operation of One Booster and Two Storage Ring RF Acceleration Units at the ESRF",1182 1185,
,"A Massarotti, G. D'Auria, A. Fabris, C. Pasotti, V. Rizzi, C. Rossi, M. Svandrlik","Status Report on the ELETTRA RF System",1185 1188,
,"I. Boscolo, M. Roche","FELTRON, A Microwave Source for High Gradient TeV Collider",1188 1191,
,"R. J. Anderson, E. P. Gibbons, S. T. Perry","Operation of the Helios 1 Compact Synchrotron RF System",1191 1194,
,"P. Manintveld, P. F. M. Delmee, B. J. H. Meddens, P. W. van Amersfoort, C. A. J. van der Geer, A. F. G. van der Meer","The FELIX RF System",1194 1197,
,"V. V. Katalev, S. S. Kovalev, V. G. Kudryavtsev, I. I. Sulygin","The 200 MHz Accelerating Structure for UNK",1197 1200,
,"I. A. Kvashonkin, I. S. Libman, I. I. Sulygin, I. G. Umanskij","RF Power Amplifier for the First Stage of the UNK",1200 1204,
,"G. Hutter, O. Boehm, G. Breitenberger, W. Gutowski, W. Hartmann, H. Seiler, W. Spitz, H. Valter, G. Zaehringer","New Power Amplifiers for 200 kW at 27 MHz",1203 1206,
,"S. Isagawa, Y. Imaizumi, Y. Kawakami, K. Kobayashi, K. Ohya, T. Okamoto, M. Ono, Y. Takeuchi, M. Yoshida, S. Yoshimoto","Operational Experience and Recent Upgrading of TRISTAN High Power CW Klystrons",1206 1209,
,"S. V. Dvortsov, A. V. Feschenko, S. G. Jarylkapov, P. N. Ostroumov","The Deltat Procedure Application at the INR Linac",1209 1212,
,"S. Grote","60 kW CW (500 MHz) with a Standard TV-Klystron",1212 1215,
,"E. -G. Schweppe, E. Demmel, S. Isagawa, M. Yoshida","Stability Improvement of High Power Klystron YK 1303",1215 1218,
,"N. P. Sobenin, V . E. Kaljuzhny, S. N. Platnikov, B. V. Zverev","Impedance Characteristics of a Magnetron Powered Linear Electron Accelerator",1218 1220,
,"A. Schnase, H. Meuth, H. Rongen","A Digital Synthesizer and Phase Control System for RF-Acceleration in COSY",1220 1223,
,"G. C. Schneider","A Wide Band Electronic Phase Shifter for the Phase Control of the Second Harmonic Acceleration Voltage in the CERN Booster Synchrotron",1223 1226,
,"N. P. Sobenin, S. V. Ivanov, V . E. Kaljuzhny, S. N. Plotnikov","The Investigation of a Coupler for Linear Collider Accelerating Section",1226 1228,
,"F. Nolden, J. Pinkow, U. Schaaf, M. Steck","Experiments with Synthetic Coloured Noise at the Heavy Ion Storage Ring ESR",1228 1231,
,"K. Saito, P. Kneisel","Q-Degradation in High Purity Niobium Cavities - Dependence on Temperature and RRR-Value",1231 1234,
,"G. Schaffer","Improved Ferrite Biasing Scheme for Booster RF Cavities",1234 1237,
,"I. E. Campisi, K. E. Finger, A. M. Johnson, L. K. Summers","Higher-Order-Mode Damping and Microwave Absorption at 2K",1237 1240,
,"A. Fiebig, S. Luegert","A Radiofrequency Pulse Compressor for Square Output Pulses in the Microsecond Range",1240 1242,
,"V. A. Konovalov, M. A. Kuznetsov, B. P. Murin, V. V. Paramonov, Yu. V. Senichev","The Perspectives of Applications of the Fast-acting Varactor with Low Losses in High-Current Cyclic and Linear Accelerators",1242 1244,
,"J.-Q. Lu, C.-E. Chen, D.-L. Xie, S.-Q. Zhang","The Beam Pulsing System for the 600 kV Neutron Generator",1244 1247,
,"S. Y. Kazakov","Pulse Shape Correction for RF Pulse Compression System",1247 1249,
,"G. Schaffer","Application of Superconducting Cavities to the Collider Rings of the SSC",1251 1254,
,"J. Bridges, Y. W. Kang, R. L. Kustom, K. Primdahl","High Power Testing of the Prototype Accelerating Cavity (352 MHz) for the Advanced Photon Source (APS)",1254 1257,
,"C.-E. Chen, X. Fu, J. Song, G. Wang, L. Wang, B. Zhang, K. Zhao","The Status of RF Superconducting Activities at Peking University",1257 1260,
,"S. Bartalucci, R. Boni, A. Gallo, H. Hsieh, G. Raffone, B. Spataro","Design Criteria and Measurements of Prototype of the DAPhiNE Accumulator Cavity",1260 1263,
,"S. Bartalucci, R. Boni, A. Gallo, L. Palumbo, R. Parodi, M. Serio, B. Spataro, G. Vignola","DAPhiNE Accelerating Cavity: R&D",1263 1266,
,"A. Facco, B. Elkonin, J. S. Sokolowski","A Bulk Niobium Low beta Superconducting Quarter Wave Resonator for ALPI",1266 1269,
,"Ph. Bernard, D. Bloess, P. Bosland, T. Flynn, C. Hauviller, J. Martignac, W. Weingarten","Superconducting Niobium Sputter-coated Copper Cavities at 1500 MHz",1269 1272,
,"E. Kako, K. Akai, P. Kneisel, M. Matsuoka, H. Miwa, S. Noguchi, M. Ohara, M. Ono, K. Saito, T. Shishido, T. Suzuki","Development of Superconducting Cavities for High Gradient Applications",1272 1275,
,"C. Arnaud, C. Benvenuti, Ph. Bernard, D. Bloess, G. Cavallari, E. Chiaveri, N. Hilleret, J. Tueckmantel, W. Weingarten","CERN's Technology for Superconducting Cavities in European Industry",1275 1277,
,"D. Kiehlmann, U. Klein, M. Peiniger, H. Vogel","Development and Industrial Fabrication of Superconducting Accelerator Modules",1277 1280,
,"A. Bixio, P. Gagliardi, A. Maragliano, M. Marin, S. Moz, F. Terzi, G. Zoni","Manufacture at ANSALDO of 350 MHz Superconducting Cavities for LEP",1280 1283,
,"D. Reschke, W. Diete, B. Fischer, G. Mueller, H. Piel, J. Pouryamout, R. W. Roeth","Investigations on Superconducting 3 GHz Nine-cell Accelerator Cavities",1283 1286,
,"C. de Martinis, P. Fabbricatore, C. Fossati, G. Gemme, A. Lombardi, R. Musenich, R. Parodi, M. Pivi, B. Zhang","Design and Test of a Prototype Cavity for the ELFA Injector",1286 1289,
,"R. Rimmer, F. P. Adams, D. Goldberg, K. Ko, N. Kroll, G. Lambertson, R. Pendleton, H. Schwarz, F. Voelker, M. S. de Jong","Higher Order Mode Damping Studies on the PEP-II B-Factory RF Cavity",1289 1292,
,"V. Palmieri, L. Badan, G. P. Buso, O. B. Malishev, F. Poletto, A. M. Porcellato, R. Preciso, V. L. Ruzinov, J. S. Sokolowski, S.Yu. Stark","Niobium Sputtered Quarter Wave Resonators",1292 1295,
,"C. Vallet, M. Bolore, B. Bonin, J. P. Charrier, B. Daillant, J. Gratadour, F. Koechlin, H. Safa","Flux Trapping in Superconducting Cavities",1295 1298,
,"D. Wisnivesky, R. H. A. Farias, M. A. Remy, Y. X. Zhao","Study of High Order Modes for the LNLS RF Cavity",1298 1301,
,"A Massarotti, G. D'Auria, A. Fabris, C. Pasotti, C. Rossi, M. Svandrlik","Further Developments of the Broad Band H. O. M. Suppressor at Trieste",1301 1304,
,"M. Fouaidy, B. Aune, R. Brizzi, J. Gratadour, M. Juillard, T. Junquera","Thermal Model Calculations in Superconducting RF Cavities",1304 1307,
,"P. Huelsmann, H.-W. Glock, H. Klein, M. Kurz","Determination of Field Strength and Quality Factor of Heavily HOM Damped Accelerator Cavities",1307 1310,
,"B. Bojovic, M. Josipovic, A. Susini","Status Report of the RF System for the VINCY Cyclotron",1310 1313,
,"R. von Hahn, M. Grieser, D. Habs, E. Jaeschke, C -M. Kleffner, J. Liebmann, S. Papureanu, R. Repnow, D. Schwalm, M. Stampfer","The 7-Gap Resonators for the High Current Injector of the Heidelberg Test Storage Ring TSR",1313 1316,
,"P. Bosland, M. Couach, F. Guemas, M. Juillard, A. F. Khoder","NbTiN Sperconducting Thin Films Prepared by Magnetron Sputtering",1316 1319,
,"C. Z. Antoine, B. Bonin, J. M. Cavedon, C. Chianelli, J. M. Hisleur, B. Mahut, J. P. Poupeau","Avoiding Dust Contamination During Chemical Treatment of RF Cavities?",1319 1322,
,"C. Chianelli, A. Curtoni, J. Jimenez, J. Jodet, G. Jouve, A. Zeitoun-Fakiris","Electron Emission from Niobium Samples for High Applied Electric Fields",1322 1325,
,"R. W. Roeth, H. -G. Kuerschner, G. Mueller, H. Piel, D. Reschke","Thermal Stability of Superconducting Nb Cavities at 3 GHz",1325 1328,
,"C.-E. Chen, H. Deitinghoff, J.-X. Fang, H. Klein, D. Li, W. Li, Y. Lu, O. Pan, A. Schempp, L. Wang, M. Yu","Layout and High Power Test of a 26 MHz Spiral RFQ",1328 1331,
,"J. X. Fang, A. Schempp","Equivalent Circuit of the 4-Rod RFQ",1331 1334,
,"O. Takeda, T. Hattori, S. Kawazu, Y. Oguri, M. Okamura, K. Satoh, Y. Tanabe, N. Tokuda, M. Yamaguchi","Design Study on an 80 MHz RFq Linac for Heavy Ions",1334 1337,
,"B. Bondarev, A. Durkin, V. Pirozhenko, O. Plink","Development and Study of the Opposed Vibrator Resonator for RFQ Compact Ion Linacs",1337 1340,
,"C. M. Kleffner, H. Deitinghoff, M. Grieser, D. Habs, E. Jaeschke, J. Liebmann, S. Papureanu, R. Repnow, A. Schempp, M. Stampfer, R. von Hahn","The RFQ-Accelerator for the High Current Injector of the TSR",1340 1343,
,"D. Kiehlmann, M. Peiniger, H. Vogel","Design and Fabrication of Normal Conducting Accelerator Sections",1343 1345,
,"M. Lieuvin, L. Farvaque, A. Ropert","ESRF - The Storage Ring Magnets",1347 1350,
,"L. Harwood, G. Biallas, A. Guerra, W. Heilbrunn, J. Karn","Magnet Design and Performance for the CEBAF Beam Transport System",1350 1353,
,"M. Akopyan, V. Aseev, V. Gorbunov, M. Gratchev, V. Yabzhanov, I. Zaikovski","Magnetic Field Measurement of the Moscow Meson Factory Experimental Area Magnets",1353 1355,
,"D. Zangrando, R. P. Walker","Magnetic Measurement Facility for the ELETTRA Insertion Devices",1355 1358,
,"F. Gnidica, G. Petrucci, G. Stefanini, D. Tommasini, R. P. Walker, D. Zangrando, S. de Panfilis","Magnetic Measurement of the ELETTRA Storage Ring Prototype Magnets",1358 1361,
,"R. P. Walker, D. Einfeld, D. Tommasini, D. Zangrando","Magnetic Measurement of the ELETTRA Transfer Line Magnets",1361 1364,
,"T. Zhang, Y. Chen, M. Fan","Intelligent CAE System of CYCLONE Type Cyclotron Main Magnet and its Applications",1364 1367,
,"R. T. Neuenschwander, A. Ricardo, D. Rodrigues, F. W. B. Talarico","Laser Cutting Fabrication of Magnetic Components",1367 1370,
,"S. M. Ananiev, A. G. Artyukh, V. S. Kashikhin, E. A. Lamzin, Yu. A. Myasnikov, M. G. Nagaenko, S. P. Potekhin, B. V. Rozhdestvensky, Yu. P. Severgin, N. F. Shilkin, S. E. Sytchevsky","Magnets for the COMBAS Large-Acceptance Spectrometer",1370 1373,
,"C. Sanelli, H. Hsieh","Splitter Magnets for the DAPhiNE Project",1373 1376,
,"B. C. Brown, N. S. Chester, D. J. Harding, P. S. Martin","The Design and Manufacture of the Fermilab Main Injector Dipole Magnet",1376 1379,
,"U. Bechstedt, W. Borgs, G. Decker, G. Dolfus, W. Ermer, A. Hardt, G. Krol, Ch Lippert, Th Pawlat, J. Rook, M. Rook, D. Rosin, Th Sagefka","Field Measurement of the Magnets for COSY-Juelich",1379 1382,
,"G. A. Webers, J. I. M. Botman, J. L. Delhez, H. L. Hagedoorn, W. J. G. M. Kleeven, C. J. Timmermans","Overview of the Magnet Design for the TEUFEL Microtron",1382 1385,
,"H. Hsieh, M. Modena, C. Sanelli, S. Vescovi","Magnetic Components for DAPhiNE",1385 1388,
,"C. Sanelli, L. Barbagelata, A. Cattoni, F. Crenna, M. Grattarola, G. C. Gualco, F. Rosatelli","A New Hybrid Tunable Quadrupole Proposal for the DAPhiNE Main Ring Low Beta Insertions",1388 1391,
,"C. Sanelli, H. Hsieh","Design of the 1.8 Tesla Wiggler for the DAPhiNE Main Rings",1391 1394,
,"E. Acerbi, G. Baccaglioni, F. Broggi, R. Corsini, L. De Salvo, G. Rivoltella, L. Rossi","Model Studies of the ELFA Wiggler",1394 1397,
,"E. Acerbi, F. Broggi, E. Caso, R. Corsini, L. De Salvo","Experimental Results and Theoretical Comparison between Hybrid and Electromagnetic Wigglers",1397 1400,
,"V. S. Skachkov, I. M. Kapchinskiy, N. V. Lazarev, A. V. Selin","Circular Permanent Magnet Quadrupoles for Higher Frequency and Higher Shunt Impedance Linacs",1400 1403,
,"J. Le Bars, F. Kircher","New Devices for the Magnetic Center Location of Quadrupole Magnets",1403 1406,
,"W. Barth, A. Schempp","Funneling of Low Energy Ion Beams",1406 1409,
,"A. I. Ageev, N. I. Andreev, V. I. Balbekov, P. N. Chirkov, V. I. Dolzhenkov, K. F. Gertsev, V. I. Gridasov, K. P. Myznikov, N. L. Smirnov, V. A. Sychev, V. V. Sytnik, N. M. Tarakanov, L. M. Tkachenko, V. A. Vasiliev, S. I. Zinchenko, A. V. Zlobin","Results on Testing Pilot Industrial Batch of SC Magnets for the UNK",1411 1414,
,"M. Granier, J. Deregel, P. Genevey, D. Hagedorn, K. N. Henrichsen, J. P. Jacquemin, F. Kircher, J. Le Bars, Ph. Lebrun, D. Leroy, R. Perin, J. Vlogaert","Performance of the Twin-Aperture Dipole for the CERN LHC",1414 1417,
,"E. Acerbi, S. Ceresara, R. Garre, L. Rossi, G. Volpini","Italian Development of a Superconducting Cable for the Main Dipoles of the Large Hadron Collider",1417 1420,
,"E. Acerbi, M. Bona, D. Leroy, R. Perin, L. Rossi","State of the Construction of the Two INFN Full Length Superconducting Dipole Prototype Magnets for the Large hadron Collider (LHC)",1420 1423,
,"R. Kreutz, D. Krischel, W. Nick, H. Peschel, B. Rzezonka, R. Sommer, A. Tran","Design Considerations on the SSC Collider Quadrupole Magnets",1423 1426,
,"F. S. Rafael, J. Apfelbaum, A. C. Lira, J. A. Pomilio","A High Voltage Resonant Converter for Pulsed Magnets",1429 1432,
,"H. Borsch, I. Jannakos, K. Kruck, M. Sauer, W. Schalt, J. Schmitz, H. Schneider, U. Schwarz, E. Veiders","Operating of the Magnet Power Converters for the Cooler Synchrotron COSY-Juelich",1432 1435,
,"V. Bothe, V. P. Goncharenco, O. A. Gusev, G. A. Martorossian, V. Ts Nikogossian, K. A. Sadoyan","The Features of Forming the Magnetic Cycle of Yerevan Synchrotron",1435 1438,
,"C. Jach, R. Harold, K. Smedley, E. Tacconi, R. Winje","Low Energy Booster Main Magnet Power Supply System",1438 1441,
,"T. Fieguth, E. Bloom, F. Bulos, W. Davies-White, M. Donald, K. Fairfield, G. Godfrey, R. Holtzapple, A. Hutton, G. Loew, R. Miller, M. Ronan, B. Sukiennicki, H. Wen, M. Zisman","Injection System for the PEP II Asymmetric B Factory at SLAC",1443 1446,
,"B. Xi, J. I. M. Botman, H. L. Hagedoorn, A. J. W. Sweep, C. J. Timmermans, G. A. Webers","Injection Requirements for the EUTERPE Storage Ring",1446 1449,
,"S. de Simone, A. Ghigo","DAPhiNA Accumulator Kickers",1449 1452,
,"D. Tommasini","The ELETTRA Fast Magnets",1452 1455,
,"M. Schmitz","An Overview of the Beam Abort System for the 820 GeV /c HERA Proton Ring",1455 1457,
,"J. Ruemmler","HERA e<sup>-</sup> Injection with Septum and Kicker Technology",1457 1460,
,"R. Fabris, A. Favari, D. Tommasini","A High Current Passive Septum Magnet for ELETTRA",1460 1463,
,"P. I. Gladkikh, I. M. Karnaukhov, S. G. Kononenko, A. A. Shcherbakov, M. A. Strelkov, A. Yu. Zelinsky","PSR-2000. An Injecting System",1463 1466,
,"M. Yoon, J. Choi, G. H. Kim, T. Lee","Injection Dynamics of the Pohang Light Source Storage Ring",1466 1469,
,"J. A. Clarke, J. N. Corlett","New Injection Kicker Magnets for the Daresbury SRS",1469 1472,
,"M. Modena, H. Hsieh, C. Sanelli","High Current Density Septa for DAPhiNE Accumulator and Storage Rings",1472 1475,
,"E. Heine, J. H. M. Bijleveld, P. J. T. Bruinsma, J. J. Kuijt, P. F. Timmer, A. van der Linden","Pulsed Electrostatic Kickers with Low Beam Impedance for AmPS",1475 1478,
,"A. Hardt, S. A. Martin, R. Wagner, C. A. Wiedner","Extraction Beam Lines for COSY-Juelich",1481 1484,
,"L. M. Onischenko, N. G. Shakun, P. T. Shishlyannikov","Beam Stretching in the JINR Phasotron by Phase Displacement",1484 1486,
,"A. A. Asseev, A. P. Elin, A. V. Kalajdov, S. N. Lapitskij, A. V. Minchenko","Non Resonant Slow Extraction of Protons from the IHEP Accelerator to the SWD Setup",1486 1488,
,"M. Tomizawa, A. Ando, Y. Arakaki, K. Chida, T. Hottori, M. Kanazawa, A. Mizobuchi, H. Muto, R. Nagai, A. Noda, K. Noda, J. Yoshizawa, M. Yoshizawa","Slow Beam Extraction TARN-II",1488 1491,
,"A. Z. Babaian, E. A. Ludmirski, A. E. Nazanian, V. Ts Nikogossian, J. Rummler, A. R. Tumanian, A. G. Zacharian","Septum Magnet for Electron Extraction System at the Synchrotron EPI",1491 1493,
,"A. A. Asseev, Yu. S. Fedotov, E. A. Myae, S. V. Sokolov","On Increasing the Bent Crystal Extraction Efficiency by using Thin Internal Target",1493 1495,
,"P. I. Gladkikh, I. M. Karnaukhov, S. Kononenko, A. A. Shcherbakov, M. A. Strelkov, A. S. Tarasenko, A. Yu. Zelinsky","PSR-2000. Beam Extraction to SP-103",1495 1498,
,"C. D. Moore, R. Coleman, G. Goderre, M. J. Yang","Tevatron Extraction Modelling",1498 1501,
,"M. Gyr, E. B. Vossenberg","Half-Integer Fast Resonant Extraction with Quasi Rectangular Spill",1501 1504,
,"A. A. Asseev, Yu. S. Fedotov, E. A. Ludmirsky, V. A. Maischeev, S. B. Nuruschev, A. N. Vasil'ev","Peculiarities of Using the Bent Crystal for the Extraction of Protons from IHEP Accelerator to the PROZA Facility",1504 1507,
,"A. Facco, A. Battistella, K. Rudolph, F. Scarpa, G. Tombola, A. Zanon","The ALPI Linac Pulsing System",1507 1510,
,"A. van der Linden, J. H. M. Bijleveld, H. Boer Rookhuizen, P. J. T. Bruinsma, E. Heine, P. Lassing, E. Prins","80 kV Electrostatic Wire Septum for AmPS",1510 1513,
,"J. Stursa, V. Bejsovec, A. Borkova, M. Krivanek, J. Mares, Z. Trejbal","The Axial Injection System of the Isochronous Cyclotron",1513 1516,
,"Lj. Milinkovic, B. Brajuskovic, D. Toprek","Injection and Central Region Studies for the VINCY Cyclotron",1516 1519,
,"A. V. Dolinsky, A. A. Kapustin, A. M. Kokorin, B. G. Mudjugin, A. I. Papash, A. T. Rudchik, Yu. P. Severgin, I. A. Shukeilo, A. A. Shvedov, A. E. Val'kov, I. N. Vishnevsky","The INR (Kiev) Radioactive Ion Beam Separator",1521 1524,
,"D E. Lobb","Methods of Reducing the Azimuthal Momentum Created during Axial Injection into a Strong Axial",1524 1527,
,"J. -Y. Hemery, D. J. Simon","The LEAR Experimental Areas",1527 1530,
,"X. Zhang, S. Kramer, J. Wachtel","Optics of Beam Transport in the NSLS UV-FEL",1530 1533,
,"L. Xiu, L. Dong, C. R. Meitzler, S. Ohnuma","A New Design of Helical Electrostatic Quadrupole and its Quasi-Octupole Mode of Operation",1533 1536,
,"J. Pozimski, R. Doelling, P. Gross, T. Weis","First Experimental Studies of a Gabor-Plasma-Lens in Frankfurt",1536 1539,
,"R. Kowalewicz, J. Christiansen, K. Frank, M. Lubrano di Scampamorte, S. Maury, S. Milner, U. Neuner, H. Riege, M. Stetter, R. Tkotz","Beam Test with the CERN Plasma Lens",1539 1542,
,"M. Stetter, J. Christiansen, K. Frank, U. Neuner, R. Tkotz","Plasma Lens Studies at Erlangen University",1542 1545,
,"A. Ferrari, G. R. Stevenson, E. Weisse","Design of the LHC Beam Dump",1545 1548,
,"A. V. Koshelkin","Bremsstrahlung Emission of a Bunch of Ultrarelativistic Charged Particles Moving through a Thick Target",1548 1549,
,"H. W. Moshammer, J. E. Spencer","High Resolving Power Spectrometer for Beam Analysis",1549 1552,
,"E. Baron, L. Bianchi, J. Dural, C. Grunberg, A. Joubert","Energy Deposited by Neutrons and Gama Rays in the Cryogenic System of SISSI",1555 1558,
,"V. Chimenti, A. Clozza, H. Hsieh, C. Vaccarezza","DAPhiNE Vacuum System",1561 1564,
,"J. -P. Bojon, O. Groebner, J. -M. Laurent, P. M. Stubin","Experience with the Operation of the LEP Vacuum System and its Performance for LEP200",1564 1567,
,"A. A. Efremov, A. I. Ivanenko, V. B. Kutner, J. Pivarc, K. D. Tumanov","Vacuum System for the DUBNA ECR-Ion Source DECRIS - 14",1567 1570,
,"L. Bagge, H. Danared, K. Ehrnsten, C.J. Herrlander, J. Hilke, A. Nilsson, K. -G. Rensfelt","The Vacuum System of CRYRING",1570 1573,
,"W. Bertram, K. Doering, H. B. Mueller, W. Renftle, H. Stechemesser, V. Vau, J. Zeumann, A. Zumloh","Vacuum Processing and Control on COSY Beam Lines",1573 1576,
,"J. Gomez-Goni, O. Groebner, A.G. Mathewson, A. Poncet","A Simulation of the Gas Desorption in the LHC using Low Critical Energy Synchrotron Radiation",1576 1579,
,"J. Gomez-Goni, A.G. Mathewson, A. Poncet","The Vacuum Behaviour of Screen Pumping Holes in the LHC Studied by Monte Carlo Simulation Techniques",1579 1582,
,"J. Dauk, W. Giebeler, M. Hunke, R. Schirk","Manufacturing of Dipole Chambers and Bellow Flat Absorber Vessels for the ESRF Storage Ring",1582 1585,
,"A. P. Kaan, R. P. J. Arink, J. H. M. Bijleveld, H. Boer Rookhuizen, G. Bron, J. A. Heemskerk, J. Langedijk, P. Lassing, J. Touw, W. Verlegh","Mechanical Design Philosophy and Construction of the Amsterdam Pulse Stretcher Ring AmPS",1585 1588,
,"M. H. Cho, S. H. Nam, W. Namkung, J. S. Oh","Design of 200 MW Pulse Modulator for PLS 2.0 GeV Electron Linac",1591 1594,
,"M. A. Newton, H. C. Kirbie, H. D. Shay, S. S. Yu","Development of Advanced Modulators for Recirclating Heavy Ion Accelerators",1594 1597,
,"P. Faure, L. Courtois, J. Handerek, H. Riege, G. H. Schroeder","Development of High-Power Switches for the LHC Beam Dumping Pulser",1597 1600,
,"D. A. Judd, L. J. Kettle, H. Menown, B. P. Newton, N. S. Nicholls, R. Sheldrake","Modern Thyratron Crowbar Protection Systems",1600 1603,
,"C. H. Smith, D. M. Nathasingh","Magnetic Characteristics of Amorphous Metal Saturable Reactors in Pulse Power Systems",1603 1606,
,"D. Tommasini, P. Tosolini","High Current, High Voltage Pulser for the ELETTRA Kicker Magnets",1606 1609,
,"V. E. Ermel, A. V. Muratov, Y. V. Solovyev","Low Energy Spread RF Linac Variometer Pulse Forming Line",1609 1611,
,"V. E. Bressler, G. E. Fischer, R. E. Ruland, T. Wang","High Resolution Fresnel Zone Plate Laser Alignment System",1613 1616,
,"R. Viola","A Technique for Performing the Assembly Alignment of the SSC Dipole Magnets",1616 1619,
,"E. Bulyak, A. Mytsykov","Method of Defining the Tolerances of Storage Ring Lenses for Imperfections and Misalignments",1619 1622,
,"U. Bechstedt, W. Ermer, A. Hardt, G. Krol, R. Nicia, J. Rook, D. Rosin, Th Sagefka, H. Stollenwerk","Geodetical Concept and Alignment of COSY",1622 1625,
,"P. Emma","Beam Based Alignment of Sector-1 of the SLC Linac",1625 1628,
,"Y. C. Chao","A Technique for Aligning Sextupole Systems using Beam Optics",1628 1631,
,"T. Katsura, A. Araki, Y. Fujita, Y. Kamiya, H. Nakamura","Variation of the Circumference in a Storage Ring and Expansion of the Building",1631 1634,
,"P. Berkvens, M. Renouf, T. Ring","The ESRF Accelerator Facility Personnel Safety System",1637 1639,
,"Ph. Lebrun, O. Pagano, T. M. Taylor, L. Walckiers","Operational Experience with the LEP Low-Beta Superconducting Quadrupoles",1641 1644,
,"J. Chavanne, E. Chinchio, M. Diot, P. Elleaume, D. Frachon, C. Joan, D. Lecornet, X. Marechal, F. Revol","Status of the ESRF Insertion Devices",1644 1647,
,"P. Tavares","Ion Clearing in the LNLS UVX-2 Soft X-Ray Source",1647 1650,
,"H. Braun, E. Boggasch, D. H. H. Hoffmann, A. Tauschwitz","Application of Plasma Lenses in Positron Sources",1650 1653,
,"E. Mahner, R. Heiderhoff, N. Minatti, H. Piel","Enhanced Field Emmission of Niobium Single Crystals",1653 1656,
,"R. P. Walker, R. Bracco, B. Diviacco, D. Millo, C. Poloni, D. Zangrando","Status of the Development of Insertion Devices for ELETTRA",1656 1659,
,"A. E. Bolshakov, K. K. Onosovsky","Compact Accelerator for Proton Therapy",1661 1663,
,"A. Noda, M. Inoue, Y. Iwashita, H. Okamoto, T. Shirai","Design Study of Compact Proton Synchrotron for Biomedical Use",1663 1666,
,"G. Cesari, P. Lefevre, D. Vandeplassche","Feasibility Study of a Synchrotron for the European Light Ion Medical Accelerator",1666 1669,
,"J. S. Lilley, T. W. Aitken, J. Barker, R. A. Cunningham, J. P. Day, P. V. Drumm, G. W. A. Newton","Development of Aluminium-26 as a Tracer for Biological Research",1669 1672,
,"U. Linz, R. Maier","A First Concept to Use the Cooler Synchrotron COSY-Juelich for Cancer Therapy",1672 1674,
,"J. Izewska, S. Kulinski, W. Maciszewski, M. Pachan, J. Pszona, A. Wysocka","Long Term Quality Measurements During Clinical Operation of  Limex Low Energy Medical Accelerator",1674 1677,
,"E. Migneco, R. Alba, L. Calabretta, G. Ciavola, G. Cuttone, M. Di Giacomo, S. Gammino, P. Gmaj, M. H. Moscatello, G. Raia, D. Rifuggiato, A. Rovelli, J. Sura, Q. Zhou","Design of the Radioactive Ion Beam Facility at the LNS",1679 1682,
,"M. Dehnel, G. Dutto, K. Erdman, B. Gyles, B. Milton, P. W. Schmor, Q. Walker","The TR16/8, Dual Particle Cyclotron for Clinical Isotope Production",1682 1685,
,"H. Lehr, F. Anton, W. Ehrfeld, H. Herminghaus, H.-U. Klein, D. Krischel, H. O. Moser, M. Schmidt","Hard X-Ray Synchrotron Light Source for Industrial and Materials Research Applications",1687 1690,
,"P. Bley, D. Einfeld, W. Menz, H. Schweickert","A Dedicated Synchrotron Light Source for Micromechanics",1690 1693,
,"D. Einfeld, F. Anton, J. Hormes, D. Husmann","The Low Emittance 2.5 GeV Synchrotron Light Source LISA",1693 1696,
,"F. Anton, B. Anderberg, U. Klein, D. Krischel","Compact Electron Storage Ring JESCOS with Normalconducting or Superconducting Magnets for X-Ray Lithography",1696 1699,
,"K. Buerkmann, H. Huber, E. Jaeschke, D. Kraemer, B. Kuske, P. Kuske, M. Martin, H. Oertel, M. Scheer, L. Schulz, G. Ulm, G. Wuestefeld, E. Weihreter","SC-Wavelength Shifter for Deep X-Ray Lithography at BESSY I",1699 1702,
,"K. Tokiguchi, K. Amemiya, Y. Hakamata, Y. Hirao, N. Tokuda, S. Yamada","Variable Energy RFQ for MeV Ion Implantation",1705 1708,
,"M. Sarstedt, J. Dehen, H. Deitinghoff, A. Firjahn-Andersch, H. Klein, M. Kuhpour, A. Maaser, A. Schempp, R. Thomae, M. Weber","A High Current, High Energy RF-Implanter",1708 1711,
,"N. I. Alinovsky, I. L. Chertok, N. S. Dikansky, A. D. Goncharov, V. P. Ostanin, V. G. Shamovsky, B. N. Sukhina","Series of High Voltage Ion Accelerators for Use in Industrial Technological Lines",1711 1714,
,"R. A. Salimov","ELV-Type (Rectifier) Accelerators and their Applications",1714 1715,
,"M. Karlsson, B. Anderberg, S. Rosander","Study of a 10 MeV, 50 kW Racetrack Microtron for Industrial Radiation Processing",1715 1718,
,"","High Power Electron Accelerator for Flue-Gas Treatment",1718 1721,
,"E. Komarow","Optimization of Scanning Process in Accelerator for Food Preservation",1721 1724,
,"I. N. Meshkov","Electron Beam Processing of Metals",1724 1727,
,"G. Messina, G. Finazzi-Agro, R. Gabellieri, L. Picardi, C. Ronsivalle, G. Stoppini, G. Tropiano, A. Vignati","On the Use of a 5 MeV Electron Linac for Electron Beam Tests Processing",1727 1729,
,"R. W. Mueller, R. C. Arnold","Basic Features of a Reactor Driver Concept for Indirect Drive",1731 1734,
,"M. Friedrich, W. Buerger, H. Curian, B. Hartmann, D. Hebert, E. Hentschel, H. Matthes, W. Probst, T. Rothe, M. Seidel, W. Stolz, S. Turuc","Accelerator Mass Spectrometry at the Rossendorf 5 MV Tandem Accelerator",1734 1737,
