FRAAU01,"M. Yabashi, RIKEN Spring-8 Harima, Hyogo; S. Goto, T. Hirono, JASRI/SPring-8, Hyogo-ken; T. Ishikawa, RIKEN Spring-8 Harima, Hyogo; H. Kimura, H. Ohashi, S. Takahashi, K. Tamasaku, JASRI/SPring-8, Hyogo-ken","Photon Optics at SCSS",785 792,
FRAAU02,"H. Graafsma, DESY, Hamburg","X-Ray Detectors at DESY",99 98,
FRAAU03,"M. Kuhlmann, DESY, Hamburg; P. Mercere, SOLEIL, Gif-sur-Yvette; E. PlÃ¶njes, K.I. Tiedtke, S. Toleikis, DESY, Hamburg; P. Zeitoun, LOA, Palaiseau","Wave-Front Observations at FLASH",794 797,
FRAAU04,"H. Legall, MBI, Berlin; A. Antonov, Optigraph GmbH, Berlin; V. Arkadiev, IAP, Berlin; A. Bjeoumikhov, IfG, Berlin; A. Erko, BESSY GmbH, Berlin; I. Grigorieva, Optigraph GmbH, Berlin; H. Stiel, MBI, Berlin","A New Generation of X-Ray Optics Based on Pyrolytic Graphite",798 801,
FRAAU05,"M. Richter, PTB, Berlin; C. Blome, DESY, Hamburg; S.V. Bobashev, IOFFE, St. Petersburg; L. Cibik, PTB, Berlin; J.B. Hastings, R. Ischebeck, SLAC, Menlo Park, California; U. Jastrow, DESY, Hamburg; U. Kroth, M. Krumrey, PTB, Berlin; S.P. Moeller, SLAC, Menlo Park, California; J.R. Schneider, DESY, Hamburg; H. Schoeppe, PTB, Berlin; A.A. Sorokin, IOFFE, St. Petersburg; K.I. Tiedtke, T. Tschentscher, DESY, Hamburg; G. Ulm, PTB, Berlin","Quantitative Detection of Femtosecond X-Ray Pulses",99 98,
FRBAU01,"J.R. Schneider, DESY, Hamburg","Science at Single Pass X-Ray Free Electron Lasers",99 98,
FRBAU02,"M. Meyer, LIXAM, Orsay","One- and Two-Colour Photoionization Experiments at FLASH",99 98,
FRBAU03,"H. Chapman, LLNL, Livermore, California; J. Hajdu, Uppsala University, Biomedical Centre, Uppsala; S.P. Hau-Riege, LLNL, Livermore, California","Ultrafast Coherent Diffraction Imaging with X-ray Free Electron Lasers",805 811,
FRBAU04,"I. Lindau, MAX-lab, Lund; R.W. Falcone, UCB, Berkeley, California","The Proposed Experimental Program at LCLS",99 98,
MOAAU01,"A. Gover, E. Dyunin, University of Tel-Aviv, Faculty of Engineering, Tel-Aviv","FEL Prize Lecture: Coherent Electron-Beam Radiation Sources and FELs: A Theoretical Overview",99 98,
MOAAU02,"W.B. Colson, NPS, Monterey, California","Evolution of FELs Over the Last 34 Years",99 98,
MOAAU03,"E. Schneidmiller, M.V. Yurkov, DESY, Hamburg","Lasing at 13 nm of the SASE FEL at FLASH",99 98,
MOAAU04,"T. Shintake, RIKEN Spring-8 Harima, Hyogo","First Lasing at SCSS",16 17,
MOAAU05,"X.J. Wang, J.B. Murphy, J. Rose, Y. Shen, T. Tsang, T. Watanabe, BNL, Upton, Long Island, New York","The First Lasing of 193 nm SASE, 4th Harmonic HGHG and ESASE at the NSLS SDL",18 21,
MOBAU01,"D. Dowell, SLAC, Menlo Park, California","Status of the Linac Coherent Light Source",99 98,
MOBAU02,"B. Faatz, DESY, Hamburg","Results and Lessons from FLASH",99 98,
MOBAU03,"R. Brinkmann, DESY, Hamburg","The European XFEL Project",24 28,
MOBAU04,"Y.T. Ding, P. Emma, Z. Huang, SLAC, Menlo Park, California; V. Kumar, RRCAT, Indore (M.P.)","Optical Klystron Enhancement to SASE X-Ray FELs",29 32,
MOBAU05,"T. Shintake, RIKEN Spring-8 Harima, Hyogo","Status of Japanese XFEL Project and SCSS Test Accelerator",33 36,
MOCAU01,"A. Meseck, BESSY GmbH, Berlin","The BESSY Soft X-Ray FEL: A Seeded HGHG FEL",226 232,
MOCAU02,"G. De Ninno, ELETTRA, Basovizza, Trieste","The Challenges of Seeded FELs",99 98,
MOCAU03,"B.W.J. McNeil, USTRAT/SUPA, Glasgow; D.J. Dunning, CCLRC/DL/ASTeC, Daresbury, Warrington, Cheshire; B. Sheehy, Sheehy Scientific Consulting, Wading River, New York; N. Thompson, CCLRC/DL/ASTeC, Daresbury, Warrington, Cheshire","The Use of HHG at 4GLS",234 241,
MOCAU04,"T. Shintake, RIKEN Spring-8 Harima, Hyogo","Focal Point Laser-Field as Optical Seeder",242 247,
MOCAU05,"L. Giannessi, ENEA C.R. Frascati, Frascati (Roma); P. Musumeci, INFN-Roma, Roma; M. Nisoli, Politecnico/Milano, Milano; M. Quattromini, ENEA C.R. Frascati, Frascati (Roma); G. Sansone, S. Stagira, S. de Silvestri, Politecnico/Milano, Milano","Analysis of the Process of Amplification in a Single Pass FEL of High Order Harmonics Generated in a Gas Jet",248 251,
MOPPH001,"M. Labat, CEA, Gif-sur-Yvette; M.-E. Couprie, SOLEIL, Gif-sur-Yvette; T. Hara, RIKEN Spring-8 Harima, Hyogo; M. Hosaka, M. Katoh, UVSOR, Okazaki; G. Lambert, CEA, Gif-sur-Yvette; A. Mochihashi, UVSOR, Okazaki; D. Nutarelli, LAC, Orsay; M. Shimada, UVSOR, Okazaki; Y. Takashima, Nagoya University, Nagoya; J. Yamazaki, UVSOR, Okazaki","Coherent Harmonic Generation on UVSOR-II Storage Ring",37 40,
MOPPH004,"G.F. Mkrtchian, YSU, Yerevan","Wave Amplification in Stimulated Smith-Purcell Process",99 98,
MOPPH005,"K.G. Batrakov, S. Sytova, Belarussian State University, Scientific Research Institute of Nuclear Problems, Minsk","Generation Regimes of FEL With Volume Distributed Feedback",41 44,
MOPPH006,"J.T. Donohue, CENBG, Gradignan; J. Gardelle, CESTA, Le Barp","Extracting Information from Smith-Purcell FEL Simulations",45 48,
MOPPH007,"J.T. Donohue, CENBG, Gradignan; J. Gardelle, CESTA, Le Barp","Simulation of Smith-Purcell FELs at Terahertz Frequencies",49 52,
MOPPH008,"G. Klemz, MBI, Berlin; I. Will, FZR, Dresden","A Beam Shaper for the Optical Beamline of RF Photoinjectors",53 55,
MOPPH009,"B. Beutner, W. Decking, M. Dohlus, T. Limberg, M. Roehrs, DESY, Hamburg","Beam Dynamics Experiments and Analysis on CSR Effects at FLASH",56 58,
MOPPH010,"M. Tecimer, NHMFL, Tallahassee, Florida","A Compact (Optical Klystron) VUV-SASE FEL",99 98,
MOPPH011,"B.W.J. McNeil, USTRAT/SUPA, Glasgow; D.J. Dunning, CCLRC/DL/ASTeC, Daresbury, Warrington, Cheshire; G.R.M. Robb, USTRAT/SUPA, Glasgow; N. Thompson, CCLRC/DL/ASTeC, Daresbury, Warrington, Cheshire","FELO: A One-Dimensional Time-Dependent FEL Oscillator Code",59 62,
MOPPH012,"B.W.J. McNeil, USTRAT/SUPA, Glasgow; B. Sheehy, Sheehy Scientific Consulting, Wading River, New York; N. Thompson, CCLRC/DL/ASTeC, Daresbury, Warrington, Cheshire","The Conceptual Design of the 4GLS XUV-FEL",63 66,
MOPPH014,"V. Kumar, RRCAT, Indore (M.P.); K.-J. Kim, ANL, Argonne, Illinois","Optimization of Parameters of Smith-Purcell BWO",67 70,
MOPPH015,"V. Kumar, RRCAT, Indore (M.P.); K.-J. Kim, ANL, Argonne, Illinois","Analysis of Smith-Purcell BWO with End Reflections",71 74,
MOPPH016,"B. Maraghechi, B. Maraghechi, IPM, Tehran; T. Mohsenpour, AUT, Tehran","Mode Couplings in a Raman Free-Electron-Laser with Ion-Channel Guiding",75 78,
MOPPH020,"Yu. Lurie, CJS, Ariel; A. Gover, University of Tel-Aviv, Faculty of Engineering, Tel-Aviv; Y. Pinhasi, CJS, Ariel","Enhancement of a Coherent (Super Radiant) Emission in FEL by Means of Energy Modulation of an Emitting Short Electron Bunch",79 82,
MOPPH021,"A. Antoniazzi, UniversitÃ  di Firenze, Florence; G. De Ninno, LURE, Orsay; F.D. Doveil, New Affiliation Request Pending, -TBS-; Y. Elskens, UniversitÃ© de Provence, Marseille; D. Fanelli, UniversitÃ  di Firenze, Florence; A.M. Macor, New Affiliation Request Pending, -TBS-; S. Ruffo, UniversitÃ  di Firenze, Florence","Wave-Particles Interactions: Free Electron Laser vs. Traveling Wave Tube",99 98,
MOPPH022,"D. Fanelli, A. Antoniazzi, UniversitÃ  di Firenze, Florence; R. Bachelard, C. Chandre, X. Leoncini, M. Vittot, CNRS/CPT, Marseille","Control of the Intensity of a Wave Interacting with Charged Particles",83 86,
MOPPH023,"A. Antoniazzi, D. Fanelli, UniversitÃ  di Firenze, Florence; R.S. Johal, New Affiliation Request Pending, -TBS-; S. Ruffo, UniversitÃ  di Firenze, Florence","Analytical Characterization of the Saturated States for a Single-Pass Free Electron Laser in Presence of Higher Harmonics",99 98,
MOPPH025,"D. Fanelli, A. Antoniazzi, UniversitÃ  di Firenze, Florence; J. Barre', UniversitÃ© de Nice Sophia-Antipolis, Nice; T. Dauxois, ENS LYON, Lyon; G. De Ninno, ELETTRA, Basovizza, Trieste; S. Ruffo, UniversitÃ  di Firenze, Florence","Free Electron Laser as Paradigmatic Example of Systems with Long-Range Interactions",87 90,
MOPPH026,"L. Giannessi, ENEA C.R. Frascati, Frascati (Roma)","Overview of Perseo, a System for Simulating FEL Dynamics in Mathcad",91 94,
MOPPH027,"L. Giannessi, ENEA C.R. Frascati, Frascati (Roma); P. Musumeci, INFN-Roma, Roma","The Harmonic Cascaded FEL",99 98,
MOPPH028,"L. Giannessi, ENEA C.R. Frascati, Frascati (Roma); D. Alesini, INFN/LNF, Frascati (Roma); S. Ambrogio, ENEA C.R. Frascati, Frascati (Roma); M.E. Biagini, R. Boni, INFN/LNF, Frascati (Roma); M. Bougeard, B. CarrÃ©, CEA, Gif-sur-Yvette; M. Castellano, INFN/LNF, Frascati (Roma); F. Ciocci, ENEA C.R. Frascati, Frascati (Roma); A. Clozza, INFN/LNF, Frascati (Roma); M.-E. Couprie, SOLEIL, Gif-sur-Yvette; G. Dattoli, ENEA C.R. Frascati, Frascati (Roma); A. Dipace, ENEA Portici, Portici (Napoli); A. Doria, ENEA C.R. Frascati, Frascati (Roma); A. Drago, M. Ferrario, V. Fusco, INFN/LNF, Frascati (Roma); G.P. Gallerano, ENEA C.R. Frascati, Frascati (Roma); A. Gallo, INFN/LNF, Frascati (Roma); D. Garzella, CEA, Gif-sur-Yvette; A. Ghigo, INFN/LNF, Frascati (Roma); E. Giovenale, ENEA C.R. Frascati, Frascati (Roma); M. Labat, G. Lambert, CEA, Gif-sur-Yvette; M. Mattioli, UniversitÃ  di Roma I La Sapienza, Roma; H. Merdji, CEA, Gif-sur-Yvette; M. Migliorati, INFN/LNF, Frascati (Roma); P. Musumeci, INFN-Roma, Roma; M. Nisoli, Politecnico/Milano, Milano; P.L. Ottaviani, S. Pagnutti, ENEA-Bologna, Bologna; L. Palumbo, INFN/LNF, Frascati (Roma); M. Petrarca, INFN-Roma, Roma; L. P. Poletto, Univ. degli Studi di Padova, Padova; M. Quattromini, A. Renieri, C. Ronsivalle, ENEA C.R. Frascati, Frascati (Roma); M. Rosetti, ENEA-Bologna, Bologna; E. Sabia, ENEA Portici, Portici (Napoli); P. Salieres, CEA, Gif-sur-Yvette; C. Sanelli, INFN/LNF, Frascati (Roma); G. Sansone, Politecnico/Milano, Milano; L. Serafini, INFN-Milano, Milano; F. Sgamma, INFN/LNF, Frascati (Roma); I.P. Spassovsky, ENEA C.R. Frascati, Frascati (Roma); B. Spataro, INFN/LNF, Frascati (Roma); S. Stagira, Politecnico/Milano, Milano; O. Tcherbakoff, CEA, Gif-sur-Yvette; S. Tomassini, INFN/LNF, Frascati (Roma); G. T. Tondello, Univ. degli Studi di Padova, Padova; C. Vaccarezza, C. Vicario, INFN/LNF, Frascati (Roma); S. de Silvestri, Politecnico/Milano, Milano","Future Seeding Experiments at SPARC",95 98,
MOPPH030,"A. Bacci, INFN-Milano, Milano; M. Ferrario, INFN/LNF, Frascati (Roma); C. Maroli, INFN-Milano, Milano; V. Petrillo, Universita' degli Studi di Milano, Milano; L. Serafini, INFN-Milano, Milano","X-Rays Generation with a FEL Based on an Optical Wiggler",99 102,
MOPPH031,"F. Curbis, UniversitÃ  degli Studi di Trieste, Trieste; A. Antoniazzi, UniversitÃ  di Firenze, Florence; F. Curbis, UniversitÃ  degli Studi di Trieste, Trieste; G. De Ninno, ELETTRA, Basovizza, Trieste; D. Fanelli, UniversitÃ  di Firenze, Florence","The Saturated Regime of a Seeded Single-Pass Free Electron Laser: a Theoretical Investigation through the Statistical Mechanics of the Vlasov Equation",103 106,
MOPPH032,"N. Nishimori, JAEA/FEL, Ibaraki-ken","Analysis of FEL Oscillations in a Perfectly Synchronized Optical Cavity",107 110,
MOPPH033,"D. Li, K. Imasaki, ILT, Suita, Osaka; Z. Liang, W. Liu, Z. Yang, UESTC, Chengdu, Sichuan","Two-Stream Smith-Purcell Free-Electron Laser Using a Dual-Grating: Linear Analysis",111 114,
MOPPH034,"N.S. Ginzburg, V.R. Baryshev, A. Sergeev, I.V. Zotova, IAP/RAS, Nizhny Novgorod","Production of 'Giant' Pulses of Scattered Radiation from Pump Wave Spot Runing over the Electron Beam",115 117,
MOPPH036,"I. de la Fuente, K.-J. Boller, P.J.M. van der Slot, Twente University, Laser Physics and Non-Linear Optics Group, Enschede","Influence of Linear Fluctuations on Low- and High-Gain Cherenkov FELs",118 121,
MOPPH037,"I.V. Drebot, Yu.N. Grigor'ev, A.Y. Zelinsky, NSC/KIPT, Kharkov","Theory of Radiation of Electrons in the Field of a Linear Polarized Stationary Electromagnetic Wave",122 125,
MOPPH039,"B. Hafizi, Icarus Research, Inc., Bethesda, Maryland; J. Penano, P. Sprangle, NRL, Washington, DC","Lethargy in an Optically Guided FEL Amplifier",99 98,
MOPPH040,"S. Reiche, UCLA, Los Angeles, California; H.-D. Nuhn, SLAC, Menlo Park, California","Transverse Coherence Properties of the LCLS X-Ray Beam",126 129,
MOPPH042,"Z. Huang, SLAC, Menlo Park, California","An Analysis of Shot Noise Propagation and Amplification in Harmonic Cascade FELs",130 133,
MOPPH043,"Z. Huang, R.D. Ruth, SLAC, Menlo Park, California","Fully Coherent X-Ray Pulses from a Regenerative Amplifier Free Electron Laser",99 98,
MOPPH044,"P. Sprangle, NRL, Washington, DC; H. Freund, SAIC, McLean; B. Hafizi, Icarus Research, Inc., Bethesda, Maryland; J. Penano, NRL, Washington, DC","Optical Beam Quality in Free-Electron Lasers",134 137,
MOPPH045,"P. Sprangle, NRL, Washington, DC; B. Hafizi, Icarus Research, Inc., Bethesda, Maryland; J. Penano, NRL, Washington, DC","Optically Guided, Compact, High-Power FEL Amplifier for Atmospheric Propagation",99 98,
MOPPH046,"G. Lambert, M. Bougeard, W. Boutu, B. CarrÃ©, CEA, Gif-sur-Yvette; O.V. Chubar, M.-E. Couprie, SOLEIL, Gif-sur-Yvette; D. Garzella, CEA, Gif-sur-Yvette; T. Hara, H. Kitamura, RIKEN Spring-8 Harima, Hyogo; M. Labat, CEA, Gif-sur-Yvette; T. Shintake, RIKEN Spring-8 Harima, Hyogo","Seeding the FEL of the SCSS Prototype Accelerator with Harmonics of a Ti:Sa Laser Produced in Gas.",138 141,
MOPPH047,"O. Tcherbakoff, M. Bougeard, P. Breger, B. CarrÃ©, CEA, Gif-sur-Yvette; M.-E. Couprie, SOLEIL, Gif-sur-Yvette; A. Doria, ENEA C.R. Frascati, Frascati (Roma); D. Garzella, CEA, Gif-sur-Yvette; L. Giannessi, ENEA C.R. Frascati, Frascati (Roma); M. Labat, G. Lambert, H. Merdji, P. Monchicourt, P. Salieres, CEA, Gif-sur-Yvette","Seeding SPARC Facility with Harmonic Generation in Gases: Preliminary Tests of the Harmonic Generation in Gas Chamber",142 145,
MOPPH048,"C. Bruni, SOLEIL, Gif-sur-Yvette; P. Bosland, B. CarrÃ©, CEA, Gif-sur-Yvette; O.V. Chubar, SOLEIL, Gif-sur-Yvette; M.-E. Couprie, G. Devanz, CEA, Gif-sur-Yvette; J.-M. Filhol, SOLEIL, Gif-sur-Yvette; D. Garzella, O. Gobert, Ph. Hollander, M. Jablonka, M. Labat, G. Lambert, CEA, Gif-sur-Yvette; A. Loulergue, SOLEIL, Gif-sur-Yvette; M. Luong, CEA, Gif-sur-Yvette; J.-R. MarquÃ¨s, LULI, Palaiseaux; F. Meot, CEA, Gif-sur-Yvette; H. Monard, CLIO/ELYSE/LCP, Orsay; P. Monot, A. Mosnier, CEA, Gif-sur-Yvette; L. Nahon, SOLEIL, Gif-sur-Yvette; J.-M. Ortega, CLIO/ELYSE/LCP, Orsay; G. Petite, CEA, Gif-sur-Yvette; A. Rousse, LOA, Palaiseau; O. Tcherbakoff, B. Visentin, CEA, Gif-sur-Yvette","The ARC-EN-CIEL FEL Proposal",146 149,
MOPPH050,"J. Bahrdt, BESSY GmbH, Berlin; B. Faatz, DESY, Hamburg; V. Miltchev, Uni HH, Hamburg; R. Reininger, New Affiliation Request Pending, -TBS-; R. Treusch, DESY, Hamburg","The Properties of the FEL Output for Different Seeding Schemes",150 153,
MOPPH051,"B.C. Kuske, R. Follath, A. Meseck, BESSY GmbH, Berlin","Development and Application of Figures of Merit to Evaluate the Output of HGHG FEL Cascades",154 157,
MOPPH052,"A. Meseck, G. Wuestefeld, BESSY GmbH, Berlin","Study of a Deflecting Dispersive Chicane for BESSY Soft X-Ray FEL",158 161,
MOPPH053,"V. Miltchev, Uni HH, Hamburg; B. Faatz, DESY, Hamburg; J. Rossbach, Uni HH, Hamburg; R. Treusch, DESY, Hamburg","Simulation Studies on the Self-Seeding Option at FLASH",162 165,
MOPPH054,"J.N. Corlett, LBNL, Berkeley, California; E. Allaria, C.J. Bocchetta, D. Bulfone, F.C. Cargnello, D. Cocco, ELETTRA, Basovizza, Trieste; M. Cornacchia, SLAC, Menlo Park, California; P. Craievich, G. D'Auria, M.B. Danailov, G. De Ninno, S. Di Mitri, B. Diviacco, ELETTRA, Basovizza, Trieste; L.R. Doolittle, LBNL, Berkeley, California; P. Emma, SLAC, Menlo Park, California; W.M. Fawley, LBNL, Berkeley, California; M. Ferianis, A. Galimberti, A. Gambitta, M. Giannini, ELETTRA, Basovizza, Trieste; W. Graves, MIT, Middleton, Massachusetts; Z. Huang, SLAC, Menlo Park, California; F. Iazzourene, ELETTRA, Basovizza, Trieste; F.X. Kaertner, MIT, Cambridge, Massachusetts; E. Karantzoulis, ELETTRA, Basovizza, Trieste; S.M. Lidia, LBNL, Berkeley, California; M. Lonza, F.M. Mazzolini, G. Penco, ELETTRA, Basovizza, Trieste; G. Penn, I.V. Pogorelov, J. Qiang, A. Ratti, LBNL, Berkeley, California; L. Rumiz, S. Spampinati, ELETTRA, Basovizza, Trieste; J.W. Staples, LBNL, Berkeley, California; G. Tromba, M. Trovo, A. Vascotto, M. Veronese, ELETTRA, Basovizza, Trieste; D. Wang, MIT, Middleton, Massachusetts; R.B. Wilcox, LBNL, Berkeley, California; J. Wu, SLAC, Menlo Park, California; M. Zangrando, ELETTRA, Basovizza, Trieste; A. Zholents, LBNL, Berkeley, California","FERMI @ Elettra: A Seeded FEL Facility for EUV and Soft X-Rays",166 169,
MOPPH055,"F. Curbis, F. Curbis, UniversitÃ  degli Studi di Trieste, Trieste; G. De Ninno, ELETTRA, Basovizza, Trieste; H. Freund, SAIC, McLean","Coherent Harmonic Emission of the Elettra Storage-Ring Free-Electron Laser in Single-Pass Configuration: a Numerical Study for Different Undulator Polarizations",170 173,
MOPPH057,"G. De Ninno, E. Allaria, ELETTRA, Basovizza, Trieste; W.M. Fawley, G. Penn, LBNL, Berkeley, California","Design and Performance of the FERMI at Elettra FEL",174 177,
MOPPH058,"G. De Ninno, E. Allaria, M. Trovo, ELETTRA, Basovizza, Trieste","Start-to-end Time-Dependent Study of FEL Output Sensitivity to Electron-beam Jitters for the First Stage of the FERMI@Elettra Project",178 181,
MOPPH061,"S. Werin, MAX-lab, Lund; M. Abo-Bakr, J. Bahrdt, BESSY GmbH, Berlin; M. Brandin, MAX-lab, Lund; K. Goldammer, BESSY GmbH, Berlin; T. Hansen, MAX-lab, Lund; A. L'Huillier, J. Larsson, A. Persson, New Affiliation Request Pending, -TBS-; S. Thorin, MAX-lab, Lund; C.-G. Wahlstrom, New Affiliation Request Pending, -TBS-","The Test Facility for Harmonic Generation at the MAX-lab Injector Linac",182 185,
MOPPH062,"Y. Kim, G. Edwards, M. Emamian, S.M. Hartman, S. Mikhailov, G. Swift, P.W. Wallace, P. Wang, Y.K. Wu, FEL/Duke University, Durham, North Carolina","New Coherent Femtosecond Soft X-Ray FEL Facility at Duke University",99 98,
MOPPH063,"J. Wu, P.R. Bolton, SLAC, Menlo Park, California","Coherent X-Ray Production by Cascading Stages of High Gain Harmonic Generation Free Electron Lasers Seeded by IR Laser Driven High-Order Harmonic Generation",186 189,
MOPPH064,"J.B. Murphy, X.J. Wang, T. Watanabe, BNL, Upton, Long Island, New York; J. Wu, SLAC, Menlo Park, California","Longitudinal Coherence Preservation and Chirp Evolution in a High Gain Laser Seeded Free Electron Laser Amplifier",99 98,
MOPPH065,"T. Watanabe, BNL, Upton, Long Island, New York; H. Freund, SAIC, McLean; J.B. Murphy, J. Rose, Y. Shen, T. Tsang, X.J. Wang, BNL, Upton, Long Island, New York","The First Experimental Observation of FEL Amplifier Efficiency Improvement using Electron Beam Energy Detuning at the NSLS SDL",190 193,
MOPPH066,"L.-H. Yu, D.F.L. Liu, J. Rose, T.V. Shaftan, T. Tsang, X.J. Wang, T. Watanabe, BNL, Upton, Long Island, New York","Chirped Pulse Amplification Experiment at 800 nm",194 197,
MOPPH067,"B. Sheehy, Sheehy Scientific Consulting, Wading River, New York; J.A. Clarke, D.J. Dunning, CCLRC/DL/ASTeC, Daresbury, Warrington, Cheshire; B.W.J. McNeil, USTRAT/SUPA, Glasgow; N. Thompson, CCLRC/DL/ASTeC, Daresbury, Warrington, Cheshire","Issues in High Harmonic Seeding of the 4GLS XUV-FEL",198 201,
MOPPH068,"E. Saldin, E. Schneidmiller, M.V. Yurkov, DESY, Hamburg","Attosecond Pulses from X-Ray FEL with an Energy-Chirped Electron Beam and a Tapered Undulator",202 205,
MOPPH069,"E. Saldin, E. Schneidmiller, M.V. Yurkov, DESY, Hamburg","Transverse and Longitudinal Coherence Properties of the Radiation from X-Ray SASE FELs",206 209,
MOPPH070,"C.W. Roberson, New Affiliation Request Pending, -TBS-","Free Electron Laser Beam Quality Research",99 98,
MOPPH071,"T.-Y. Lee, Y.S. Bae, J. Choi, J.Y. Huang, H.-S. Kang, C. Kim, D.E. Kim, M. Kim, PAL, Pohang, Kyungbuk; Y. Kim, FEL/Duke University, Durham, North Carolina; I.S. Ko, J.-S. Oh, Y.W. Parc, PAL, Pohang, Kyungbuk; J.H. Park, POSTECH, Pohang, Kyungbuk","Design Status of PAL-XFEL",210 213,
MOPPH072,"R.J. Bakker, A. Adelmann, A. Anghel, M. Dehler, R. Ganter, S.C. Leemann, K.L. Li, M. Pedrozzi, J.-Y. Raguin, L. Rivkin, V. Schlott, F.Q. Wei, A.F. Wrulich, PSI, Villigen","Ultra High Brightness Accelerator Design",214 217,
MOPPH073,"W.M. Fawley, LBNL, Berkeley, California","An Enhanced GINGER Simulation Code with Harmonic Emission and HDF5 IO Capabilities",218 221,
MOPPH075,"J. Blau, D.T. Burggraff, W.B. Colson, T. Voughs, NPS, Monterey, California","Simulations of High Power-FEL Amplifiers",222 225,
MOPPH076,"J. Blau, W.B. Colson, A. Kampouridis, R. Vigil, NPS, Monterey, California","Mode Analysis and Mirror Distortions in High Power Oscillator FELs",99 98,
THAAU01,"W.M. Fawley, G. Penn, A. Zholents, LBNL, Berkeley, California","Output Bandwidth Effects in Seeded, Harmonic Cascade FELs",99 98,
THAAU02,"G. Geloni, E. Saldin, E. Schneidmiller, M.V. Yurkov, DESY, Hamburg","Fourier Optics Treatment of Classical Relativistic Electrodynamics",501 508,
THAAU03,"D.C. Nguyen, LANL, Los Alamos, New Mexico; W.B. Colson, NPS, Monterey, California; H. Freund, SAIC, McLean","A Scalloped Electron Beam Free-Electron Laser",509 511,
THAAU04,"S. Bielawski, PhLAM/CERCLA, Villeneuve d'Ascq Cedex; M.-E. Couprie, CEA, Gif-sur-Yvette; M. Hosaka, M. Katoh, A. Mochihashi, UVSOR, Okazaki; C. Szwaj, PhLAM/CERCLA, Villeneuve d'Ascq Cedex","Influence of Optical Feedback on the Coherence Properties of FEL Oscillators",99 98,
THAAU05,"Y. Pinhasi, Yu. Lurie, A. Yahalom, CJS, Ariel","Space-Frequency Model of Ultra Wide-Band Interactions in Free-Electron Lasers",513 516,
THAAU06,"L. Serafini, A. Bacci, INFN-Milano, Milano; M. Ferrario, INFN/LNF, Frascati (Roma); C. Maroli, V. Petrillo, A.R. Rossi, INFN-Milano, Milano","Parametric Optimization of a X-Ray FEL Based on a Thomson Source",517 520,
THBAU01,"J. Bahrdt, BESSY GmbH, Berlin","APPLE Undulators for HGHG-FELs",521 528,
THBAU02,"H.-D. Nuhn, P. Emma, G.L. Gassner, C.M. LeCocq, F. Peters, R.E. Ruland, SLAC, Menlo Park, California","Electron Beam Alignment Strategy in the LCLS Undulators",529 536,
THBAU03,"S. Di Mitri, ELETTRA, Basovizza, Trieste","How to Obtain High Quality Electron Bunches in the Presence of Normal Conducting LINAC Wake Fields",537 544,
THBAU04,"D.C. Nguyen, LANL, Los Alamos, New Mexico; H. Freund, SAIC, McLean","Stair-Step Tapered Wiggler for High-Efficiency FEL",545 547,
THBAU05,"J.J. Welch, J. Arthur, SLAC, Menlo Park, California; R.M. Bionta, LLNL, Livermore, California; R.J. Dejus, ANL, Argonne, Illinois; P. Emma, J.B. Hastings, Z. Huang, H.-D. Nuhn, P. Stefan, SLAC, Menlo Park, California; B.X. Yang, ANL, Argonne, Illinois","Precision Measurement of the Undulator K Parameter using Spontaneous Radiation",548 551,
THCAU01,"B. Schmidt, DESY, Hamburg","Overview on Diagnostics for X- and XUV-FELs",761 768,
THCAU02,"T. Shintake, RIKEN Spring-8 Harima, Hyogo; H. Baba, JASRI/SPring-8, Hyogo-ken; T. Hara, A. Higashiya, T. Inagaki, H. Maesaka, RIKEN Spring-8 Harima, Hyogo; H. Matsumoto, KEK, Ibaraki; K. Onoe, JASRI/SPring-8, Hyogo-ken; Y. Otake, K. Shirasawa, RIKEN Spring-8 Harima, Hyogo; H. Tanaka, JASRI/SPring-8, Hyogo-ken; T. Tanaka, RIKEN Spring-8 Harima, Hyogo; T. Tanikawa, University of Hyogo, Hyogo; K. Togawa, M. Yabashi, RIKEN Spring-8 Harima, Hyogo","Low Emittance Injector at SCSS",769 776,
THCAU03,"L. Catani, INFN-Roma II, Roma; M. Bellaveglia, R. Boni, M. Boscolo, M. Castellano, INFN/LNF, Frascati (Roma); E. Chiadroni, A. Cianchi, INFN-Roma II, Roma; L. Cultrera, G. Di Pirro, A. Drago, M. Ferrario, D. Filippetto, V. Fusco, A. Gallo, G. Gatti, INFN/LNF, Frascati (Roma); M. Migliorati, Rome University La Sapienza, Roma; P. Musumeci, INFN-Roma, Roma; L. Palumbo, Rome University La Sapienza, Roma; M. Petrarca, INFN-Roma, Roma; C. Ronsivalle, ENEA C.R. Frascati, Frascati (Roma); F. Tazzioli, C. Vaccarezza, M. Vescovi, C. Vicario, INFN/LNF, Frascati (Roma)","Operational Experience with the Emittance-Meter at SPARC",777 780,
THCAU04,"R. Ganter, R.J. Bakker, M. Dehler, G.J. Gobrecht, C. Gough, E. Kirk, F. Le Pimpec, S.C. Leemann, K.L. Li, M. Paraliev, M. Pedrozzi, J.-Y. Raguin, L. Rivkin, V. Schlott, H. Sehr, S. Tsujino, A.F. Wrulich, PSI, Villigen","Peak Current Performances from Electron Sources based on Field Emission (Single Tip and Field Emitter Arrays (FEAs))",781 784,
THPPH001,"D. Garzella, O. Gobert, Ph. Hollander, F. Lepetit, CEA, Gif-sur-Yvette; T. Oksenhendler, FASTLITE, Palaiseau; M. Perdrix, CEA, Gif-sur-Yvette","Temporal Analysis and Shape Control of UV High Energy Laser Pulses for Photoinjectors",552 555,
THPPH002,"O. Kugeler, W. Anders, J. Knobloch, A. Neumann, BESSY GmbH, Berlin","Characterisation of Microphonics in HoBiCaT",556 559,
THPPH003,"F. Marhauser, BESSY GmbH, Berlin; G. Asova, J.W. Baehr, DESY Zeuthen, Zeuthen; M. Dirsat, V. Duerr, BESSY GmbH, Berlin; H.-J. Grabosch, DESY Zeuthen, Zeuthen; O. Kalekin, Humboldt Universitaet zu Berlin, Berlin; S. Khodyachykh, S.A. Korepanov, M. Krasilnikov, DESY Zeuthen, Zeuthen; A. Meseck, BESSY GmbH, Berlin; A. Oppelt, B. Petrosyan, DESY Zeuthen, Zeuthen; R. Richter, BESSY GmbH, Berlin; J.R. Roensch, Uni HH, Hamburg; L. Staykov, F. Stephan, DESY Zeuthen, Zeuthen; F. Tonisch, DESY, Hamburg; E. Weihreter, BESSY GmbH, Berlin","A High Average Power RF-Photoinjector Gun Cavity Developed for the BESSY Soft X-ray FEL",560 563,
THPPH006,"I. Will, G. Klemz, MBI, Berlin; F. Staufenbiel, J. Teichert, FZR, Dresden","Photocathode Laser for the Superconducting Photo Injector at the Forschungszentrum Rossendorf",564 566,
THPPH007,"A. Arnold, H. Buettig, D. Janssen, FZR, Dresden; T. Kamps, BESSY GmbH, Berlin; G. Klemz, DESY Zeuthen, Zeuthen; W.-D. Lehmann, IfE, Dresden; U. Lehnert, FZR, Dresden; D. Lipka, F. Marhauser, BESSY GmbH, Berlin; A. Matheisen, DESY, Hamburg; P. Michel, K. Moeller, P. Murcek, Ch. Schneider, R. Schurig, F. Staufenbiel, FZR, Dresden; J. Stephan, IKST, Drsden; J. Teichert, FZR, Dresden; V. Volkov, BINP SB RAS, Novosibirsk; I. Will, MBI, Berlin; R. Xiang, FZR, Dresden; B. van der Horst, DESY, Hamburg","First RF-Measurements at the 3.5-Cell SRF-Photo-Gun Cavity in Rossendorf",567 570,
THPPH008,"D. Janssen, FZR, Dresden; F. Marhauser, BESSY GmbH, Berlin; V. Volkov, BINP SB RAS, Novosibirsk","High Peak Current Design of a Superconducting Cavity for a SRF Photoinjector",571 574,
THPPH009,"J. Teichert, A. Arnold, H. Buettig, R. Hempel, D. Janssen, FZR, Dresden; T. Kamps, BESSY GmbH, Berlin; G. Klemz, DESY Zeuthen, Zeuthen; W.-D. Lehmann, IfE, Dresden; U. Lehnert, FZR, Dresden; D. Lipka, BESSY GmbH, Berlin; P. Michel, K. Moeller, P. Murcek, Ch. Schneider, R. Schurig, F. Staufenbiel, FZR, Dresden; J. Stephan, IKST, Drsden; I. Will, MBI, Berlin; R. Xiang, FZR, Dresden","Cryomodule and Tuning System of the Superconducting RF Photo-Injector",575 578,
THPPH010,"C. Gerth, M. Roehrs, H. Schlarb, DESY, Hamburg","Layout of the Diagnostic Sections for Emittance and Energy Spread Measurements at the European XFEL",99 98,
THPPH011,"C. Gerth, DESY, Hamburg","On-line Energy Spectrum Measurements Using Synchrotron Radiation in the Bunch Compressors at FLASH",99 98,
THPPH012,"J.H. Han, K. Floettmann, DESY, Hamburg","Dark Current Collimation and Modified Gun Geometry for the European X-Ray FEL Project",579 582,
THPPH013,"M. Krasilnikov, DESY, Hamburg","Impact of the Cathode Roughness on the Emittance of an Electron Beam",583 586,
THPPH016,"L. FrÃ¶hlich, Uni HH, Hamburg; M. GÃ¶rler, P. GÃ¶ttlicher, DESY, Hamburg; A. Hamdi, M. Luong, CEA, Gif-sur-Yvette; D. Noelle, DESY, Hamburg; J. Novo, CEA, Gif-sur-Yvette; D. Pugachov, H. Schlarb, S. Schreiber, M. Staack, M. Werner, DESY, Hamburg","First Experience with the Machine Protections System of FLASH",587 589,
THPPH017,"S. Schreiber, DESY, Hamburg; L. FrÃ¶hlich, Uni HH, Hamburg; M. GÃ¶rler, K. Klose, M. Staack, DESY, Hamburg; I.H. Templin, I. Will, MBI, Berlin","Experience with the Photoinjector Laser at FLASH",590 593,
THPPH018,"H. Delsim-Hashemi, Uni HH, Hamburg; O. Grimm, DESY, Hamburg; J. Rossbach, Uni HH, Hamburg; H. Schlarb, B. Schmidt, DESY, Hamburg; P. SchmÃ¼ser, Uni HH, Hamburg; A.F.G. van der Meer, FOM Rijnhuizen, Nieuwegein","Single-Shot Longitudinal Diagnostics with THz Radiation at the Free-Electron Laser FLASH",594 596,
THPPH019,"J.R. Roensch, Uni HH, Hamburg; G. Asova, J.W. Baehr, H.-J. Grabosch, S. Khodyachykh, S.A. Korepanov, M. Krasilnikov, DESY Zeuthen, Zeuthen; D. Lipka, F. Marhauser, BESSY GmbH, Berlin; A.P. Onuchin, BINP SB RAS, Novosibirsk; A. Oppelt, B. Petrosyan, DESY Zeuthen, Zeuthen; R. Richter, BESSY GmbH, Berlin; S. Riemann, DESY Zeuthen, Zeuthen; J. Rossbach, Uni HH, Hamburg; L. Staykov, F. Stephan, DESY Zeuthen, Zeuthen","Investigations of Longitudinal Beam Properties at the Photoinjector Test Facility in Zeuthen",597 600,
THPPH020,"S. Khodyachykh, J.W. Baehr, DESY Zeuthen, Zeuthen; T. Garvey, LAL, Orsay; M. Krasilnikov, DESY Zeuthen, Zeuthen; D. Lipka, BESSY GmbH, Berlin; A. Oppelt, DESY Zeuthen, Zeuthen; J.R. Roensch, Uni HH, Hamburg; L. Staykov, F. Stephan, DESY Zeuthen, Zeuthen","Design of the Multipurpose Dispersive Section at PITZ",601 604,
THPPH021,"S.A. Korepanov, S. Khodyachykh, M. Krasilnikov, A. Oppelt, DESY Zeuthen, Zeuthen; V.V. Paramonov, RAS/INR, Moscow; F. Stephan, DESY Zeuthen, Zeuthen","Design Consideration of the RF Deflector to Optimize the Photo Injector at PITZ",605 608,
THPPH022,"A. Oppelt, G. Asova, J.W. Baehr, H.-J. Grabosch, S. Khodyachykh, S.A. Korepanov, M. Krasilnikov, B. Petrosyan, DESY Zeuthen, Zeuthen; R. Richter, BESSY GmbH, Berlin; J.R. Roensch, Uni HH, Hamburg; L. Staykov, F. Stephan, DESY Zeuthen, Zeuthen","Upgrade of the PITZ Facility and First Beam Measurements",99 98,
THPPH023,"A. Oppelt, K. Abrahamyan, O.A. Aldrian, G. Asova, J.W. Baehr, G. Dimitrov, DESY Zeuthen, Zeuthen; K. Floettmann, DESY, Hamburg; H.-J. Grabosch, L. Hakobyan, DESY Zeuthen, Zeuthen; J.H. Han, DESY, Hamburg; Y. Ivanisenko, DESY Zeuthen, Zeuthen; O. Kalekin, Humboldt Universitaet zu Berlin, Berlin; S. Khodyachykh, S.A. Korepanov, M. Krasilnikov, DESY Zeuthen, Zeuthen; F. Marhauser, BESSY GmbH, Berlin; C. Martens, R. Meyer, DESY, Hamburg; P. Michelato, INFN/LASA, Segrate (MI); V. Miltchev, DESY Zeuthen, Zeuthen; L. Monaco, INFN/LASA, Segrate (MI); B. Petrosyan, DESY Zeuthen, Zeuthen; R. Richter, BESSY GmbH, Berlin; J.R. Roensch, Uni HH, Hamburg; D. Sertore, INFN/LASA, Segrate (MI); R.I. Spesyvtsev, L. Staykov, F. Stephan, DESY Zeuthen, Zeuthen; F. Tonisch, DESY, Hamburg; E. Weihreter, BESSY GmbH, Berlin","Tuning, Conditioning, and Dark Current Measurements of a New Gun Cavity at PITZ",609 612,
THPPH025,"P. Craievich, D. Castronovo, M. Ferianis, ELETTRA, Basovizza, Trieste; M. Poggi, INFN/LNL, Legnaro, Padova","Design of the Cavity BPM for FERMI@ELETTRA",613 616,
THPPH026,"M.B. Danailov, A.A. Demidovich, R. Ivanov, ELETTRA, Basovizza, Trieste","Design of a Two-Stage Laser Pulse Shaping System for FEL Photoinjectors",617 620,
THPPH027,"G. Penco, ELETTRA, Basovizza, Trieste; S.M. Lidia, LBNL, Berkeley, California; M. Trovo, ELETTRA, Basovizza, Trieste","Ramping Longitudinal Distribution Studies for the FERMI@ELETTRA Injector",621 624,
THPPH028,"M. Trovo, ELETTRA, Basovizza, Trieste; S.M. Lidia, LBNL, Berkeley, California; G. Penco, ELETTRA, Basovizza, Trieste","Further Studies in the FERMI@ELETTRA Photoninjector Optimization",625 628,
THPPH029,"M. Veronese, S. Di Mitri, M. Ferianis, ELETTRA, Basovizza, Trieste","The Diagnostics of the FERMI@Elettra Bunch Compressors",629 632,
THPPH030,"M.P.C. Pretelli, O.C.E.M. S.p.A., Bologna; T. Bonicelli, EFDA, Garching; R. Claesen, ENEA C.R. Frascati, Frascati (Roma); D. Fasel, EPFL, Lausanne; P.L. Mondino, EFDA, Garching; L. Rinaldi, V.R. Rossi, O.C.E.M. S.p.A., S. Giorgio di Piano; M. Santinelli, ENEA C.R. Frascati, Frascati (Roma); L. Sita, G. Taddia, O.C.E.M. S.p.A., Bologna","Main High Voltage Solid State Gyrotron Power Supply 60kV / 80A",633 636,
THPPH031,"M. Bellaveglia, D. Alesini, INFN/LNF, Frascati (Roma); A. Bacci, INFN-Milano, Milano; S. Bertolucci, M.E. Biagini, R. Boni, INFN/LNF, Frascati (Roma); I. Boscolo, INFN-Milano, Milano; M. Boscolo, INFN/LNF, Frascati (Roma); F. Broggi, INFN-Milano, Milano; M. Castellano, INFN/LNF, Frascati (Roma); L. Catani, E. Chiadroni, INFN-Roma II, Roma; S. Cialdi, INFN-Milano, Milano; A. Cianchi, INFN-Roma II, Roma; A. Clozza, L. Cultrera, G. Di Pirro, A. Drago, A. Esposito, M. Ferrario, L. Ficcadenti, D. Filippetto, V. Fusco, A. Gallo, G. Gatti, A. Ghigo, INFN/LNF, Frascati (Roma); L. Giannessi, ENEA C.R. Frascati, Frascati (Roma); D. Giove, INFN-Milano, Milano; S. Guiducci, M. Incurvati, C. Ligi, INFN/LNF, Frascati (Roma); M. Mattioli, INFN-Roma, Roma; M. Mauri, INFN-Milano, Milano; M. Migliorati, A. Mostacci, INFN/LNF, Frascati (Roma); P. Musumeci, INFN-Roma, Roma; L. Palumbo, L. Pellegrino, INFN/LNF, Frascati (Roma); A. Perrone, INFN-Lecce, Lecce; M. Petrarca, INFN-Roma, Roma; M.A. Preger, INFN/LNF, Frascati (Roma); M. Quattromini, A. Renieri, ENEA C.R. Frascati, Frascati (Roma); R. Ricci, INFN/LNF, Frascati (Roma); C. Ronsivalle, ENEA C.R. Frascati, Frascati (Roma); J.B. Rosenzweig, UCLA, Los Angeles, California; A.R. Rossi, INFN-Milano, Milano; C. Sanelli, INFN/LNF, Frascati (Roma); L. Serafini, INFN-Milano, Milano; F. Sgamma, B. Spataro, INFN/LNF, Frascati (Roma); S. Tazzari, INFN-Roma II, Roma; F. Tazzioli, C. Vaccarezza, M. Vescovi, C. Vicario, INFN/LNF, Frascati (Roma)","Commissioning of the SPARC Photo-Injector",637 640,
THPPH032,"E. Sabia, ENEA Portici, Portici (Napoli); G. Dattoli, ENEA C.R. Frascati, Frascati (Roma); A. Dipace, ENEA Portici, Portici (Napoli)","Free Electron Laser Triggered Photo-Cathode",641 644,
THPPH033,"Y. Otake, RIKEN Spring-8 Harima, Hyogo; T. Fukui, N. Hosoda, JASRI/SPring-8, Hyogo-ken; H. Maesaka, RIKEN Spring-8 Harima, Hyogo; T. Ohata, T. Ohshima, JASRI/SPring-8, Hyogo-ken; T. Shintake, RIKEN Spring-8 Harima, Hyogo","Sub-Pico-Second Trigger System for the SCSS Prototype Accelerator",645 648,
THPPH034,"H. Dewa, T. Asaka, H. Hanaki, T. Kobayashi, A. Mizuno, S. Suzuki, T. Taniuchi, H. Tomizawa, K. Yanagida, JASRI/SPring-8, Hyogo-ken","Laser Pulse Length Dependence of Beam Emittance of Photocathode RF-Gun",649 652,
THPPH035,"T. Kii, K. Masuda, M. Nakano, H. Ohgaki, N. Okawachi, T. Yamazaki, K. Yoshikawa, H. Zen, Kyoto IAE, Kyoto","Design Study on High-Tc Superconducting Micro-Undulator",653 655,
THPPH036,"K. Masuda, T. Kii, K. Kusukame, H. Ohgaki, T. Shiiyama, T. Yamazaki, K. Yoshikawa, H. Zen, Kyoto IAE, Kyoto","Design Study of RF Triode Structure for the KU-FEL Thermionic RF Gun",656 659,
THPPH037,"M. Nakano, T. Kii, K. Masuda, H. Ohgaki, N. Okawachi, T. Yamazaki, K. Yoshikawa, H. Zen, Kyoto IAE, Kyoto","Magnetic Field Measurement of the Undulator in KU-FEL",660 663,
THPPH038,"N. Okawachi, T. Kii, K. Masuda, M. Nakano, H. Ohgaki, T. Yamazaki, K. Yoshikawa, H. Zen, Kyoto IAE, Kyoto","Production of Electron Beam with Constant Energy by Controlling Input Power into a Thermionic RF Gun",664 667,
THPPH039,"H. Zen, T. Kii, K. Masuda, M. Nakano, H. Ohgaki, N. Okawachi, S. Sasaki, T. Shiiyama, T. Yamazaki, K. Yoshikawa, Kyoto IAE, Kyoto","Experimental Study on Effect of Energy Distribution on Transverse Phase Space Tomography",668 671,
THPPH040,"S. Kashiwagi, G. Isoyama, R. Kato, ISIR, Osaka; H. Sasaki, K. Tsuchiya, S. Yamamoto, KEK, Ibaraki","Study on Focusing Property of New Type Wiggler and SASE-FEL Experiment at the ISIR, Osaka University",672 675,
THPPH041,"R. Kato, T. Igo, G. Isoyama, S. Kashiwagi, Y. Kon, ISIR, Osaka","Longitudinal Phase-Space Measurements of a High-Brightness Single-Bunch Beam",676 679,
THPPH042,"K. Kasamsook, K. Akiyama, H. Hama, F. Hinode, M. Kawai, T. Muto, K. Nanbu, T. Tanaka, M. Yasuda, Laboratory of Nuclear Science, Tohoku University, Sendai","A Compact Low Emittance DC Gun Employing Single Crystal Cathode of LaB6",680 683,
THPPH043,"J.-S. Oh, T. Hara, T. Inagaki, J.-S. Oh, T. Shintake, K. Shirasawa, RIKEN Spring-8 Harima, Hyogo","Stable RF Phase Insensitive to the Modulator Voltage Fluctuation of the C-band Main Linac for SCSS XFEL",684 687,
THPPH044,"J.-S. Oh, T. Inagaki, J.-S. Oh, T. Shintake, K. Shirasawa, RIKEN Spring-8 Harima, Hyogo","Analysis of Inverter Charging Waveform for Ultra Stable SCSS Modulator",688 691,
THPPH045,"Y.W. Parc, PAL, Pohang, Kyungbuk; X. Dao, TUB, Beijing; J.Y. Huang, C. Kim, I.S. Ko, J.H. Park, S.J. Park, PAL, Pohang, Kyungbuk","Electro-Optic Sampling Method Using High DC Voltage Applying Setup",692 694,
THPPH046,"J.H. Park, PAL, Pohang, Kyungbuk; X. Dao, TUB, Beijing; J.Y. Huang, C. Kim, I.S. Ko, Y.W. Parc, S.J. Park, PAL, Pohang, Kyungbuk; X.J. Wang, BNL, Upton, Long Island, New York","Preliminary Measurement of Emittance Evolution Using Emittance Meter at the PAL",695 698,
THPPH047,"F. Scarlat, A.M. Mihalache, M. Oane, C. Oproiu, INFLPR, Bucharest - Magurele","Project of IR FEL",99 98,
THPPH050,"Y.-C. Huang, H.-L. Chang, A.-C. Chiang, NTHU, Hsinchu","Beat-Wave Laser-Driven Photoinjector for Superradiance Free-Electron Laser",699 702,
THPPH053,"YL. Li, ANL, Argonne, Illinois; X. Chang, BNL, Upton, Long Island, New York","3-D Laser Pulse Shaping for Photoinjector Drive Lasers",703 705,
THPPH054,"R.M. Lill, ANL, Argonne, Illinois; R. Johnson, Z. Li, SLAC, Menlo Park, California; L.H. Morrison, ANL, Argonne, Illinois; S. Smith, T. Straumann, SLAC, Menlo Park, California; G.J. Waldschmidt, D.R. Walters, ANL, Argonne, Illinois","Linac Coherent Light Source Undulator RF BPM System",706 709,
THPPH055,"A.H. Lumpkin, W. Berg, ANL, Argonne, Illinois; D.W. Rule, NSWC, West Bethesda, Maryland; N. Sereno, B.X. Yang, C. Yao, ANL, Argonne, Illinois","Nonintercepting Beam Size and Position Monitor Using ODR for X-Ray FELs",710 713,
THPPH056,"A.H. Lumpkin, ANL, Argonne, Illinois; J.B. Hastings, SLAC, Menlo Park, California; D.W. Rule, NSWC, West Bethesda, Maryland","Initial Search for 9-keV XTR from a 28-GeV Beam at SPPS*",714 717,
THPPH057,"S. Sasaki, E. Trakhtenberg, I. Vasserman, ANL, Argonne, Illinois","Modeling and Measurement of Mu-Metal Shielding Effect on the Magnetic Performance of an LCLS Undulator*",718 720,
THPPH058,"C.-X. Wang, K.-J. Kim, ANL, Argonne, Illinois","Beam Spreading and Emittance Oscillation of an Intense Magnetized Beam in Free Space",721 724,
THPPH059,"K. Holldack, BESSY GmbH, Berlin; A. Zholents, LBNL, Berkeley, California","Energy Modulation of the Electrons by the Laser Field in the Wiggler Magnet: Analysis and Experiment",725 727,
THPPH062,"G.V. Stupakov, Y.T. Ding, Z. Huang, SLAC, Menlo Park, California","Calculation of the Beam Field in the LCLS Bunch Length Monitor",728 731,
THPPH063,"J.F. Schmerge, J. Castro, J.E. Clendenin, E.R. Colby, D. Dowell, S.M. Gierman, H. Loos, M. Nalls, W.E. White, SLAC, Menlo Park, California","In-Situ Cleaning of Metal Photo-Cathodes in RF Guns",732 735,
THPPH064,"P. Evtushenko, J.L. Coleman, K. Jordan, J.M. Klopf, G. Neil, G.P. Williams, Jefferson Lab, Newport News, Virginia","Bunch Length Measurements at JLab FEL",736 739,
THPPH066,"S. Zhang, S.V. Benson, D. Douglas, D. Hardy, G. Neil, M.D. Shinn, Jefferson Lab, Newport News, Virginia","Longitudinal Phase Space Characterization of Electron Bunches At the JLab FEL Facility",740 743,
THPPH067,"P. Krzeminski, H.P. Bohlen, E. Davies, Y. Li, J. Page, R.N. Tornoe, E.L. Wright, L. Zitelli, CPI, Palo Alto, California","IOT Amplifiers for FELs",99 98,
THPPH068,"K. Jensen, NRL, Washington, DC; D.W. Feldman, N.A. Moody, IREAP, College Park, Maryland; P.G. O'Shea, University Maryland, College Park, Maryland; J.L. Shaw, J.E. Yater, NRL, Washington, DC","The Development and Application of a Photoemission Model for Cesiated Photocathode Surfaces",744 747,
THPPH069,"N.A. Moody, D.W. Feldman, IREAP, College Park, Maryland; K. Jensen, NRL, Washington, DC; P.G. O'Shea, IREAP, College Park, Maryland; J.L. Shaw, J.E. Yater, NRL, Washington, DC","Experimental Progress Toward Low Workfunction Controlled Porosity Dispenser Photocathodes",748 751,
THPPH070,"M.P. Dunning, UCLA, Los Angeles, California; M. Bellaveglia, M. Boscolo, L. Catani, A. Cianchi, INFN/LNF, Frascati (Roma); A.M. Cook, UCLA, Los Angeles, California; G. Di Pirro, INFN/LNF, Frascati (Roma); R.J. England, UCLA, Los Angeles, California; M. Ferrario, D. Filippetto, G. Gatti, INFN/LNF, Frascati (Roma); S.M. Jones, Jet Propulsion Laboratory, Pasadena, California; P. Musumeci, INFN-Roma, Roma; L. Palumbo, INFN/LNF, Frascati (Roma); J.B. Rosenzweig, UCLA, Los Angeles, California; C. Vicario, INFN/LNF, Frascati (Roma)","Optimum Beam Creation In Photoinjectors Using Space-Charge Expansion",752 755,
THPPH071,"W.B. Colson, J. Blau, A. Kampouridis, NPS, Monterey, California","Free Electron Lasers in 2006",756 760,
TUAAU01,"G.A. Krafft, Jefferson Lab, Newport News, Virginia","Performance Achievements and Challenges for FELs Based on Energy Recovery Linacs",252 256,
TUAAU02,"J.A. Clarke, CCLRC/DL/ASTeC, Daresbury, Warrington, Cheshire","Future Light Sources: Integration of Lasers, FELs and Accelerators at 4GLS",257 264,
TUAAU03,"N. Nishimori, JAEA/FEL, Ibaraki-ken; R. Hajima, H. Iijima, N. Kikuzawa, E.J. Minehara, R. Nagai, T. Nishitani, M. Sawamura, JAEA/ERL, Ibaraki","FEL Oscillation with a High Extraction Efficiency at JAEA ERL FEL",265 272,
TUAAU04,"G. Neil, S.V. Benson, D. Douglas, P. Evtushenko, T. Powers, Jefferson Lab, Newport News, Virginia","On the Design Implications of Incorporating an FEL in an ERL",273 276,
TUAAU05,"Z.C. Liu, J.-E. Chen, J.K. Hao, K.X. Liu, X.Y. Lu, S.W. Quan, B.C. Zhang, K. Zhao, G.M. wang, PKU/IHIP, Beijing","Optical Design of the Energy Recovery Linac FEL at Peking University",277 280,
TUBAU01,"G. Penn, LBNL, Berkeley, California","Prospects of Cascaded Harmonic Generation FELs",281 286,
TUBAU02,"J. Kim, J. Chen, F.X. Kaertner, MIT, Cambridge, Massachusetts; F. Ludwig, DESY, Hamburg; Z. Zhang, Peking University, School of Physics, Beijing","Femtosecond Synchronization and Stabilization Techniques",287 290,
TUBAU03,"Th. Maltezopoulos, DESY, Hamburg; C. Cunovic, Universitaet Bielefeld, Bielefeld; M. Drescher, Uni HH, Hamburg; U. Fruehling, DESY, Hamburg; R. Kalms, M. Krikunova, Uni HH, Hamburg; N. Mueller, Universitaet Bielefeld, Bielefeld; E. PlÃ¶njes, DESY, Hamburg; M. Wieland, Uni HH, Hamburg","Cross-Correlation between a VUV-FEL and an Optical Laser",99 98,
TUBAU04,"P. Musumeci, F. Germoni, M. Mattioli, M. Serluca, INFN-Roma, Roma","Inverse Free Electron Lasers for Advanced Light Sources",292 295,
TUBAU05,"P. van der Meulen, N.X. Javahiraly, M. Larsson, FYSIKUM, AlbaNova, Stockholm University, Stockholm; E. Saldin, H. Schlarb, E. Schneidmiller, A. Winter, M.V. Yurkov, DESY, Hamburg; V.G. Ziemann, UU/ISV, Uppsala","Technical Aspects of the Integration of the Optical Replica Synthesizer for the Diagnostics of Ultra-short Bunches into FLASH at DESY",296 299,
TUBAU06,"M. Roehrs, C. Gerth, H. Schlarb, DESY, Hamburg","Investigations of the Longitudinal Electron Bunch Structure at the FLASH Linac with a Transverse Deflecting RF-Structure",300 303,
TUCAU01,"W.J. van der Zande, Nijmegen University, Physics Faculty, Nijmegen; F.J.M. Harren, A.P.M. Kentgens, J.C. Maan, T.H.M. Rasing, Radboud University Nijmegen, Institute of Molecules and Materials, Nijmegen","Design of a Long Wavelength FEL for Experiments under High Magnetic Fields",485 487,
TUCAU02,"P. Michel, H. Buettig, F.G. Gabriel, M. Helm, U. Lehnert, Ch. Schneider, R. Schurig, W. Seidel, D. Stehr, J. Teichert, S. Winnerl, R. Wuensch, FZR, Dresden","The Rossendorf IR-FEL ELBE",488 491,
TUCAU03,"N. Vinokurov, N. Gavrilov, B.A. Knyazev, E.I. Kolobanov, V.V. Kotenkov, V.V. Kubarev, G. Kulipanov, A.N. Matveenko, L.E. Medvedev, S.V. Miginsky, L.A. Mironenko, A.D. Oreshkov, A.V. Ovchar, V. Ovchar, V.M. Popik, T.V. Salikova, M.A. Scheglov, S.S. Serednyakov, O.A. Shevchenko, A.N. Skrinsky, V.G. Tcheskidov, BINP SB RAS, Novosibirsk","Status of the Novosibirsk High Power Terahertz FEL",492 495,
TUCAU04,"S. Krishnagopal, B. Biswas, S. Chouksey, S.K. Gupta, U. Kale, A. Kumar, V. Kumar, S. Lal, P. Mehta, P. Nerpagar, K.K. Pant, RRCAT, Indore (M.P.)","FEL Activities in India",496 499,
TUPPH001,"N. Thompson, CCLRC/DL/ASTeC, Daresbury, Warrington, Cheshire; K.-J. Boller, Twente University, Laser Physics and Non-Linear Optics Group, Enschede; D.J. Dunning, CCLRC/DL/ASTeC, Daresbury, Warrington, Cheshire; J.G. Karssenberg, Twente University, Laser Physics and Non-Linear Optics Group, Enschede; B.W.J. McNeil, USTRAT/SUPA, Glasgow; P.J.M. van der Slot, Twente University, Laser Physics and Non-Linear Optics Group, Enschede","A 3D Model of the 4GLS VUV-FEL Conceptual Design Including Improved Modelling of the Optical Cavity",304 307,
TUPPH002,"H. Iijima, R. Hajima, E.J. Minehara, R. Nagai, N. Nishimori, JAEA/ERL, Ibaraki","Development of Frequency-Resolved Optical Gating for Measurement of Correlation between Time and Frequency of Chirped FEL",308 311,
TUPPH005,"R. Nagai, R. Hajima, H. Iijima, N. Kikuzawa, E.J. Minehara, N. Nishimori, T. Nishitani, M. Sawamura, JAEA/ERL, Ibaraki","Beam Current Doubling of JAEA ERL-FEL",312 315,
TUPPH006,"R. Nagai, R. Hajima, H. Iijima, N. Kikuzawa, E.J. Minehara, N. Nishimori, T. Nishitani, M. Sawamura, JAEA/ERL, Ibaraki","Performance of a Conventional Analog Phi-A Type Low-Level RF Controller",316 318,
TUPPH007,"T. Nishitani, R. Hajima, JAEA/ERL, Ibaraki; H. Hayashitani, Nagoya University, Nagoya; H. Iijima, N. Kikuzawa, E.J. Minehara, R. Nagai, N. Nishimori, JAEA/ERL, Ibaraki; Y. Noritake, Nagoya University, Nagoya; M. Sawamura, JAEA/ERL, Ibaraki; M. Tabuchi, Y. Takeda, Nagoya University, Nagoya","JAEA Photocathode DC-Gun for an ERL Injector",319 322,
TUPPH008,"S.V. Benson, M.D. Shinn, Jefferson Lab, Newport News, Virginia","Harmonic Lasing Characterization at Jefferson Lab",323 326,
TUPPH009,"M. Tecimer, L.C. Brunel, NHMFL, Tallahassee, Florida; G. Neil, Jefferson Lab, Newport News, Virginia; J. van Tol, NHMFL, Tallahassee, Florida","A Design Study of a FIR/THz-FEL for High Magnetic Field Research",327 330,
TUPPH011,"S.G. Oganesyan, G.S. Oganesyan, LT CSC, Yerevan","Free Electron Oscillator Performance Below and Above Threshold",99 98,
TUPPH012,"V.G. Baryshevsky, N.A. Belous, A. Gurinovich, A.S. Lobko, P.V. Molchanov, V.I. Stolyarsky, Belarussian State University, Scientific Research Institute of Nuclear Problems, Minsk","Experimental Study of a Volume Free Electron Laser with a ''Grid'' Resonator",331 334,
TUPPH013,"A. Gurinovich, V.G. Baryshevsky, Belarussian State University, Scientific Research Institute of Nuclear Problems, Minsk","Electrodynamical Properties of a Volume Free Electron Laser with a ''Grid'' Resonator",335 338,
TUPPH014,"U. Lehnert, P. Michel, W. Seidel, J. Teichert, R. Wuensch, FZR, Dresden","Laser Gain and Intra-Cavity Losses of the ELBE Mid-IR FEL",339 340,
TUPPH015,"W. Seidel, S. Friebel, R. Jainsch, M. Justus, K.-W. Leege, D. Proehl, D. Stehr, H. Weigelt, S. Winnerl, D. Wohlfarth, FZR, Dresden","Remote Controlled IR-Diagnostic Station for the FEL at Rossendorf",341 344,
TUPPH016,"R. Wuensch, M. Freitag, R. Schlenk, W. Seidel, U. Willkommen, D. Wohlfarth, B. Wustmann, FZR, Dresden","The Partial-Waveguide Resonator of the U100-FEL at FZ Rossendorf",345 348,
TUPPH017,"M. Rezvani Jalal, AUT, Tehran; F.M. Aghamir, IPM, Tehran","The Effect of an Axial AC Magnetic Field Perturbation on Mode Transition of a Circular FEL",99 98,
TUPPH018,"A. Faingersh, J. Dadoun, University of Tel-Aviv, Faculty of Engineering, Tel-Aviv; G.G. Denisov, IAP/RAS, Nizhny Novgorod; M. Einat, CJS, Ariel; Kh. Garb, A. Gover, University of Tel-Aviv, Faculty of Engineering, Tel-Aviv; B. Kapilevich, B. Litvak, Y. Pinhasi, CJS, Ariel; M.Y. Shmelyov, IAP/RAS, Nizhny Novgorod; Y. Socol, University of Tel-Aviv, Faculty of Engineering, Tel-Aviv; A. Yahalom, CJS, Ariel","New Resonator for the Israeli FEL",349 351,
TUPPH019,"Y. Socol, E. Dyunin, University of Tel-Aviv, Faculty of Engineering, Tel-Aviv; M. Einat, CJS, Ariel; A. Gover, University of Tel-Aviv, Faculty of Engineering, Tel-Aviv; Yu. Lurie, Y. Pinhasi, CJS, Ariel; M. Volshonok, University of Tel-Aviv, Faculty of Engineering, Tel-Aviv; A. Yahalom, CJS, Ariel","Present Status of the Israeli FEL: Increasing FEL Power by Electron Beam Energy Boosting",352 355,
TUPPH020,"E. Allaria, ELETTRA, Basovizza, Trieste; A. Antoniazzi, UniversitÃ  di Firenze, Florence; G. De Ninno, ELETTRA, Basovizza, Trieste; D. Fanelli, UniversitÃ  di Firenze, Florence","Dynamics Control of the Elettra Storage Ring Free-Electron Laser with Digital Feedbacks",356 359,
TUPPH021,"F. Curbis, F. Curbis, UniversitÃ  degli Studi di Trieste, Trieste; M.B. Danailov, G. De Ninno, B. Diviacco, L. Romanzin, M. Trovo, ELETTRA, Basovizza, Trieste","Q-Switch Techniques Implemented at the ELETTRA Storage-Ring Free Electron Laser",360 363,
TUPPH022,"M.R. Asakawa, Kansai University, Osaka; M. Kusaba, OSU, Daito, Osaka; N. Miyabe, Kansai University, Osaka; K. Nakao, Y. Tsunawaki, OSU, Daito, Osaka","Development of a Compact Cherenkov Free-Electron Laser in Terahertz Spectral Range",364 367,
TUPPH023,"M. Hosaka, UVSOR, Okazaki; T. Hara, RIKEN Spring-8 Harima, Hyogo; M. Katoh, A. Mochihashi, M. Shimada, UVSOR, Okazaki; Y. Takashima, Nagoya University, Nagoya","High Power Deep UV Lasing on the UVSOR-II Storage Ring FEL",368 370,
TUPPH024,"H. Hama, K. Akiyama, F. Hinode, K. Kasamsook, M. Kawai, T. Muto, K. Nanbu, Laboratory of Nuclear Science, Tohoku University, Sendai; H. Tanaka, JASRI/SPring-8, Hyogo-ken; T. Tanaka, M. Yasuda, Laboratory of Nuclear Science, Tohoku University, Sendai","Super Coherent THz Light Source Based on an Isochronous Ring with Very Short Electron Bunches",371 374,
TUPPH025,"H. Ogawa, N. Sei, K. Yagi-Watanabe, K. Y. Yamada, M.Y. Yasumoto, AIST, Tsukuba, Ibaraki","Recent Experiments and Prospect on the NIJI-IV VUV/IR FEL",375 377,
TUPPH026,"N.S. Ginzburg, IAP/RAS, Nizhny Novgorod; E.R. Kocharovskaya, New Affiliation Request Pending, -TBS-; A. Sergeev, IAP/RAS, Nizhny Novgorod","Dispersion Effects in Short Pulse Waveguide FEL",378 381,
TUPPH027,"H.L. Gao, R.Q. Tan, D.L. Wang, Institute of Electronics, Chinese Academy of Sciences, Beijing; N.Y. Wang, CIAE, Beijing; Y. Wang, J. Wu, Institute of Electronics, Chinese Academy of Sciences, Beijing","The Experimental Research of the SR-FEL Cavity Mirrors at 355nm and 248nm",382 385,
TUPPH028,"X. Yang, X. Jin, M. Li, W. Li, Z. Xu, CAEP/IAE, Mianyang, Sichuan","The Research of FIR-FEL in CAEP",386 389,
TUPPH029,"Y.U. Jeong, P. Ahn, H.J. Cha, KAERI, Daejon; G.M. Kazakevich, Fermilab, Batavia, Illinois; B.C. Lee, J. Mun, S. H. Park, KAERI, Daejon","Terahertz Spectroscopy of Metals and Dielectric Materials by Using a Compact Free Electron Laser",99 98,
TUPPH031,"M. Kim, J. Choi, H.-S. Kang, T.-Y. Lee, PAL, Pohang, Kyungbuk","Physical Design of VUV-FEL Test Facility for 3.7 GeV-XFEL of PAL",99 98,
TUPPH032,"M. Einat, CJS, Ariel; N.S. Ginzburg, IAP/RAS, Nizhny Novgorod; A. Gover, University of Tel-Aviv, Faculty of Engineering, Tel-Aviv; A. Kaminsky, JINR, Dubna, Moscow Region; J. Lucas, University of Liverpool, Liverpool; N.Yu. Peskov, M.I. Petelin, IAP/RAS, Nizhny Novgorod; S. Sedykh, JINR, Dubna, Moscow Region; Y. Socol, University of Tel-Aviv, Faculty of Engineering, Tel-Aviv","Development of Powerful FEMs for X, Ka and W Bands for Physical and Industrial Applications",390 392,
TUPPH033,"N.S. Ginzburg, K.E. Dorfman, A. Malkin, R.M. Rozental, IAP/RAS, Nizhny Novgorod","A FEL Amplifier Based on Planar Bragg Waveguides",393 396,
TUPPH034,"N.S. Ginzburg, R.M. Rozental, A. Sergeev, I.V. Zotova, IAP/RAS, Nizhny Novgorod","Generation of Narrow Band Short mm Wave Superradiance Pulses in a Non-uniform Planar Waveguide",397 399,
TUPPH035,"N.S. Ginzburg, JINR, Dubna, Moscow Region; V.I. Belousov, G.G. Denisov, IAP/RAS, Nizhny Novgorod; A.G. Reutova, RAS/IEP, Ekaterinburg; A. Sergeev, IAP/RAS, Nizhny Novgorod; K.A. Sharypov, V.G. Shpak, S.A. Shunailov, M.R. Ulmaskulov, M.I. Yalandin, RAS/IEP, Ekaterinburg; I.V. Zotova, IAP/RAS, Nizhny Novgorod","Generation of Superradiant Pulses by Backscattering of Pumping Wave on the Intense Electron Bunch",400 402,
TUPPH036,"G.M. Kazakevich, BINP SB RAS, Novosibirsk; Y.U. Jeong, KAERI, Daejon; G.I. Kuznetsov, BINP SB RAS, Novosibirsk; B.C. Lee, S. H. Park, KAERI, Daejon; V.M. Pavlov, BINP SB RAS, Novosibirsk","Optimization of the Injection System for Microtron-Based Terahertz FEL",403 406,
TUPPH037,"J.G. Karssenberg, K.-J. Boller, J.W.J. Verschuur, Twente University, Laser Physics and Non-Linear Optics Group, Enschede; I. Volokhine, Philips Research, Eindhoven; P.J.M. van der Slot, Twente University, Laser Physics and Non-Linear Optics Group, Enschede","FEL-Oscillator Simulations with Genesis 1.3",407 410,
TUPPH038,"Y. Kim, G. Edwards, M. Emamian, J. Gustavsson, S.M. Hartman, G. Swift, P.W. Wallace, P. Wang, FEL/Duke University, Durham, North Carolina","Commissioning of S-band RF GUN and Linac for the Mark-III FEL Facility at Duke University",411 414,
TUPPH039,"C.H. Boulware, H.L. Andrews, C.A. Brau, J.D. Jarvis, Vanderbilt University, Nashville, Tennessee","Bright Electron Beams and Smith-Purcell Free-Electron Lasers",415 418,
TUPPH040,"B. Buckley, Cornell University, Ithaca, New York; D. Kayran, V. Litvinenko, BNL, Upton, Long Island, New York","Emittance Compensation of Superconducting Gun and Linac System for Beams with Large Chromatic Variance",419 422,
TUPPH042,"A.O. Aganyants, YerPhI, Yerevan","Free Electron Gamma Laser by Means of Excited Fields of Crystal",99 98,
TUPPH043,"U. Fruehling, DESY, Hamburg; M. Drescher, Uni HH, Hamburg; O. Grimm, DESY, Hamburg; O.S. Kozlov, JINR, Dubna, Moscow Region; E. PlÃ¶njes, J. Rossbach, E. Saldin, E. Schneidmiller, M.V. Yurkov, DESY, Hamburg","The IR/VUV Pump-Probe Facility at the VUV FEL FLASH",99 98,
TUPPH044,"C. Spezzani, E. Allaria, ELETTRA, Basovizza, Trieste; M. Amati, G. Bongiorno, UniversitÃ  degli Studi di Milano, Milano; M. Coreno, CNR - IMIP, Trieste; F. Curbis, G. De Ninno, B. Diviacco, ELETTRA, Basovizza, Trieste; C. Lenardi, T. Mazza, P. Milani, T.A. Mostefaoui, P. Piseri, L. Ravagnan, UniversitÃ  degli Studi di Milano, Milano; L. Romanzin, S. Tileva, M. Trovo, ELETTRA, Basovizza, Trieste","Free Electron Laser Study of Free Carbon Clusters",423 426,
TUPPH045,"C. Spezzani, E. Allaria, F. Curbis, M.B. Danailov, G. De Ninno, B. Diviacco, M. Ferianis, S. Tileva, M. Trovo, ELETTRA, Basovizza, Trieste","Temporal Characterization of Sub-Picosecond Optical Pulses by means of a Cross-Correlation Technique",99 98,
TUPPH046,"T. Kanai, K. Awazu, S. Suzuki, Osaka University, Suita","Free Electron Laser Pulse Control by Acousto-Optic Modulators",427 430,
TUPPH047,"D. Li, K. Imasaki, ILT, Suita, Osaka; G.S. Park, SNU, Seoul; Z. Yang, UESTC, Chengdu, Sichuan","Absolute and Convective Instability of Smith-Purcell Free Electron Laser",431 434,
TUPPH048,"Z. Shi, UESTC, Chengdu, Sichuan; K. Imasaki, D. Li, ILT, Suita, Osaka; Z. Liang, Z. Yang, UESTC, Chengdu, Sichuan","Superradiant Smith-Purcell Radiation in the Terahertz-wave Region from Bunched Electron Beams",435 438,
TUPPH049,"D. Li, ILT, Suita, Osaka; S. Amano, NewSUBARU/SPring-8, Laboratory of Advanced Science and Technology for Industry (LASTI), Hyogo; K. Imasaki, ILT, Suita, Osaka; S. Miyamoto, T. Mochizuki, NewSUBARU/SPring-8, Laboratory of Advanced Science and Technology for Industry (LASTI), Hyogo; G.S. Park, Z. Yang, SNU, Seoul","Study on Superradiant Smith-Purcell Radiation",439 442,
TUPPH050,"S. H. Park, KAERI, Daejon; A.V. Bondarenko, BINP SB RAS, Novosibirsk; Y.U. Jeong, B.C. Lee, J.Y. Lee, K. Lee, KAERI, Daejon; S.V. Miginsky, BINP SB RAS, Novosibirsk","Progress in Development on the Compton X-Ray Source at the KAERI SC RF LINAC",99 98,
TUPPH052,"G. Andonian, UCLA, Los Angeles, California; M. Babzien, I. Ben-Zvi, BNL, Upton, Long Island, New York; M.P. Dunning, A.Y. Murokh, C. Pellegrini, S. Reiche, J.B. Rosenzweig, UCLA, Los Angeles, California; V. Yakimenko, BNL, Upton, Long Island, New York","Future FEL Studies at the VISA Experiment in the SASE and Seeded Modes",443 446,
TUPPH053,"M.P. Dunning, G. Andonian, UCLA, Los Angeles, California; M. Babzien, BNL, Upton, Long Island, New York; A.M. Cook, E. Hemsing, UCLA, Los Angeles, California; K. Kusche, BNL, Upton, Long Island, New York; A.Y. Murokh, S. Reiche, J.B. Rosenzweig, D. Schiller, UCLA, Los Angeles, California; V. Yakimenko, BNL, Upton, Long Island, New York","Magnetic Chicane Radiation Studies at the BNL ATF",447 450,
TUPPH054,"K.E. Hacker, F. Loehl, H. Schlarb, DESY, Hamburg","Beam Pickup Designs Suited for an Optical Sampling Technique",451 454,
TUPPH055,"W.M. Fawley, E. Esarey, W. Leemans, C.B. Schroeder, LBNL, Berkeley, California","A Design for an XUV FEL Driven by the Laser-Plasma Accelerator at the LBNL LOASIS Facility",455 458,
TUPPH056,"A. Winter, DESY, Hamburg; W.J. Jalmuzna, Warsaw University of Technology, Institute of Electronic Systems, Warsaw","Comparative Study of Digital and Analog Synchronization Techniques for Lasers in Accelerators",459 461,
TUPPH057,"D.J. Dunning, J.A. Clarke, CCLRC/DL/ASTeC, Daresbury, Warrington, Cheshire; B.W.J. McNeil, USTRAT/SUPA, Glasgow; D.J. Scott, N. Thompson, CCLRC/DL/ASTeC, Daresbury, Warrington, Cheshire","First Tolerance Studies for the 4GLS FEL Sources",462 465,
TUPPH061,"S. Zhang, S.V. Benson, J. Hansknecht, D. Hardy, G. Neil, M.D. Shinn, Jefferson Lab, Newport News, Virginia","Phase Noise Comparision of Short Pulse Laser Systems",466 469,
TUPPH062,"A. Erko, A. Firsov, BESSY GmbH, Berlin","Reflection Zone Plates for Free Electron Laser Optics",99 98,
TUPPH063,"T. Kachel, H.A. Duerr, K. Holldack, BESSY GmbH, Berlin; S. Khan, Uni HH, Hamburg; R. Mitzner, Universitaet Muenster, Physikalisches Institut, Muenster; N. Pontius, T. Quast, C. Stamm, BESSY GmbH, Berlin","First Experiments with Femtosecond Soft X-Ray Pulses at BESSY",99 98,
TUPPH064,"M. Braeuer, U. Hahn, S. Toleikis, DESY, Hamburg","A Mechanical Shutter to Select Single Bunch Trains at the FLASH Facility at DESY",470 473,
TUPPH065,"K.I. Tiedtke, U. Hahn, DESY, Hamburg; A. Hoehl, PTB, Berlin; U. Jastrow, V. Kocharyan, DESY, Hamburg; U. Kroth, PTB, Berlin; T. Nunez, DESY, Hamburg; M. Richter, PTB, Berlin; A.A. Sorokin, IOFFE, St. Petersburg","Online Photon Beam Position and Intensity Monitoring at FLASH",99 98,
TUPPH066,"R. Mitzner, Universitaet Muenster, Physikalisches Institut, Muenster; W. Eberhardt, M. Neeb, T. Noll, BESSY GmbH, Berlin; M. Rutkowski, H. Zacharias, Universitaet Muenster, Physikalisches Institut, Muenster","A Beam Splitter and Delay Line for Autocorrelation and Pump-Probe Experiments at Soft X-Ray FELs",99 98,
TUPPH067,"L. Staykov, DESY Zeuthen, Zeuthen; G. Asova, INRNE, Sofia; J.W. Baehr, H.-J. Grabosch, S. Khodyachykh, S.A. Korepanov, M. Krasilnikov, A. Oppelt, B. Petrosyan, J.R. Roensch, F. Stephan, DESY Zeuthen, Zeuthen; I. Tsakov, INRNE, Sofia","Commissioning of a New Emittance Measurement System at PITZ",474 476,
TUPPH070,"K. Lee, Y.U. Jeong, S. H. Park, KAERI, Daejon","Nonlinear Thomson Scattering of an Intense Laser Pulse on Electron Beam",99 98,
TUPPH071,"H. Freund, SAIC, McLean; S.V. Benson, M.D. Shinn, Jefferson Lab, Newport News, Virginia","Simulation of Mirror Distortion in Free-Electron LASER Oscillators",477 480,
TUPPH072,"V. Yakimenko, M. Babzien, BNL, Upton, Long Island, New York; E.K. Kallos, UCLA, Los Angeles, California; W.D. Kimura, STI, Washington; K. Kusche, BNL, Upton, Long Island, New York; P. Muggli, UCLA, Los Angeles, California","Generation and Characterization of the Microbunched Beams in the Range from 0.3 to 500 Femtoseconds",481 484,
