fraau01,"K. Honkavaara, B. Faatz, S. Schreiber, DESY, Hamburg","Status of FLASH",533 536,
fraau02,"T. Tanaka, RIKEN Spring-8 Harima, Hyogo; T. Asaka, JASRI/SPring-8, Hyogo-ken; T. Fukui, T. Hara, RIKEN/SPring-8, Hyogo; T. Hasegawa, JASRI/SPring-8, Hyogo-ken; A. Higashiya, N. Hosoda, T. Inagaki, S. I. Inoue, T. Ishikawa, H. Kitamura, M. K. Kitamura, H. Maesaka, M. Nagasono, RIKEN/SPring-8, Hyogo; H. Ohashi, JASRI/SPring-8, Hyogo-ken; T. Ohshima, Y. Otake, T. Sakurai, T. Shintake, K. Shirasawa, RIKEN/SPring-8, Hyogo; S. Takahashi, JASRI/SPring-8, Hyogo-ken; H. Tanaka, RIKEN/SPring-8, Hyogo; S. Tanaka, JASRI/SPring-8, Hyogo-ken; T. Tanikawa, RIKEN Spring-8 Harima, Hyogo; K. Togawa, M. Yabashi, RIKEN/SPring-8, Hyogo","SASE Saturation at the SCSS Test Accelerator Ranging from 50 nm to 60 nm",537 542,
fraau03,"P. Michel, M. Justus, U. Lehnert, P. Michel, D. Proehl, R. Schurig, W. Seidel, J. Teichert, FZD, Dresden","Investigation and Improvement of Beam Stability at the ELBE FELs",543 547,
fraau04,"P. Emma, R. Akre, A. Brachmann, F.-J. Decker, Y. T. Ding, D. Dowell, J. C. Frisch, A. Gilevich, G. R. Hays, P. Hering, Z. Huang, R. H. Iverson, C. Limborg-Deprey, H. Loos, A. Miahnahri, S. Molloy, H.-D. Nuhn, SLAC, Menlo Park, California; D. F. Ratner, Stanford University, Stanford, Califormia; J. L. Turner, J. J. Welch, W. E. White, J. Wu, SLAC, Menlo Park, California","Commissioning of the LCLS Linac and Bunch Compressors",548 551,
fraau05,"S. Schreiber, DESY, Hamburg; J. H. Han, Diamond, Oxfordshire; S. Lederer, DESY, Hamburg; P. M. Michelato, L. Monaco, D. Sertore, INFN/LASA, Segrate (MI)","Cathode Issues at the FLASH Photoinjector",552 555,
fraau06,"S. Werin, MAX-lab, Lund; M. Abo-Bakr, J. Bahrdt, BESSY GmbH, Berlin; F. Curbis, N. Cutic, MAX-lab, Lund; K. Holldack, BESSY GmbH, Berlin; F. Lindau, S. Thorin, MAX-lab, Lund","Commissioning of the Test FEL at MAX-lab",556 559,
moaau01,"J. Rossbach, Uni HH, Hamburg","First Lasing below 7 nm Wavelength at FLASH/DESY, Hamburg",99 98,
moaau02,"H. Ohgaki, K. Higashimura, Kyoto IAE, Kyoto; Y. U. Jeong, KAERI, Daejon; T. Kii, R. Kinjo, K. Masuda, T. Yamazaki, K. Yoshikawa, H. Zen, Kyoto IAE, Kyoto","First Lasing of MIR-FEL at Kyoto University",4 7,
mobau01,"J. B. Rosenzweig, UCLA, Los Angeles, California","Real and Virtual Free-Electron Laser Experiments: From VISA to the Femtosecond Frontier",8 8,
mocau01,"E. Hemsing, UCLA, Los Angeles, California; A. Gover, University of Tel-Aviv, Faculty of Engineering, Tel-Aviv; J. B. Rosenzweig, UCLA, Los Angeles, California","A Virtual Dielectric Eigenmode Expansion of High-Gain FEL Radiation for Study of Paraxial Wave Mode Coupling",167 171,
mocau02,"A. Gover, E. Dyunin, University of Tel-Aviv, Faculty of Engineering, Tel-Aviv","FEL Coherence below Shot Noise Limit, and Its Fundamental Limits",172 172,
mocau03,"Y. T. Ding, Z. Huang, SLAC, Menlo Park, California","SASE FEL Polarization Control Using Crossed Undulator",173 176,
mocau04,"B. W.J. McNeil, USTRAT/SUPA, Glasgow; D. J. Dunning, STFC/DL/ASTeC, Daresbury, Warrington, Cheshire; B. Sheehy, Sheehy Scientific Consulting, Wading River, New York; N. Thompson, STFC/DL/ASTeC, Daresbury, Warrington, Cheshire","Retention of Attosecond Pulse Structure in an HHG Seeded FEL Amplifier",177 180,
mocau05,"G. Geloni, E. Saldin, E. Schneidmiller, M. V. Yurkov, DESY, Hamburg","A Scheme for Stabilization of Output Power of an X-ray SASE FEL",181 183,
mopph003,"H. Freund, SAIC, McLean; L. Giannessi, ENEA C. R. Frascati, Frascati (Roma); W. H. Miner, SAIC, McLean","The Effect of Shot-Noise on the Start-Up of the Fundamental and Harmonics in Free-Electron Lasers",9 12,
mopph004,"V. Kumar, RRCAT, Indore (M. P.); K.-J. Kim, ANL, Argonne, Illinois","Effect of Energy Spread on Start Current of Smith-Purcell BWO",13 16,
mopph005,"H. L. Andrews, C. A. Brau, J. D. Jarvis, Vanderbilt University, Nashville, TN","Three-Dimensional Theory for a Smith-Purcell Free-Electron Laser with Grating Sidewalls",17 20,
mopph007,"H. Freund, SAIC, McLean; B. Hafizi, Icarus Research, Inc., Bethesda, Maryland; J. Penano, P. Sprangle, NRL, Washington, DC","Optical Beam Quality in Free-Electron Lasers",21 24,
mopph009,"A. Marinelli, Rome University La Sapienza, Roma; L. Giannessi, ENEA C. R. Frascati, Frascati (Roma); C. Pellegrini, S. Reiche, UCLA, Los Angeles, California","Comparison of HGHG and Self Seeded Scheme for the Production of Narrow Bandwidth FEL Radiation",25 28,
mopph011,"G. Geloni, E. Saldin, E. Schneidmiller, M. V. Yurkov, DESY, Hamburg","A Simple Method for Timing an XFEL Source to High-Power Lasers",29 31,
mopph013,"R. R. Lindberg, K.-J. Kim, ANL, Argonne, Illinois","Mode Growth and Competition in the X-ray FEL Oscillator Start-up from Noise",32 35,
mopph016,"U. Lehnert, FZD, Dresden; V. B. Asgegar, University of Pune, Pune; P. Michel, G. Staats, J. Teichert, R. Wuensch, FZD, Dresden","Gain Deterioration at Particular Wavelengths in a Partially Waveguided FEL",36 38,
mopph019,"Ö. Karsli, A. Aksoy, O. Yavas, Ankara University, Faculty of Engineering, Tandogan, Ankara","A First Step to Turkish Accelerator Center (TAC): An Infrared Free Electron Laser (IR-FEL) Facility",39 42,
mopph021,"A. A. Lutman, DEEI, Trieste; P. Craievich, G. Penco, ELETTRA, Basovizza; J. Wu, SLAC, Menlo Park, California","Impact of a Chirp and a Curvature in the Electron Energy Distribution on a Seeded Free Electron Laser",43 46,
mopph025,"C. K.W. Nam, P. Aitken, B. W.J. McNeil, USTRAT/SUPA, Glasgow","Unaveraged Three-Dimesional Modelling of the FEL",47 50,
mopph026,"V. Litvinenko, I. Ben-Zvi, Y. Hao, A. Kayran, E. Pozdeyev, BNL, Upton, Long Island, New York; S. Reiche, UCLA, Los Angeles, California; O. A. Shevchenko, N. Vinokurov, BINP SB RAS, Novosibirsk; G. Wang, BNL, Upton, Long Island, New York","High Gain FEL Amplification of Charge Modulation Caused by a Hadron",51 54,
mopph032,"H. X. Deng, Z. M. Dai, SINAP, Shanghai","Three Dimensional Simulations on Harmonic Operation of Shanghai Deep Ultraviolet Free Electron Laser",55 58,
mopph033,"H. X. Deng, Z. M. Dai, SINAP, Shanghai","Study of Short Seed Pulse Effects in High Gain Harmonic Generation Free Electron Laser",59 62,
mopph034,"P. J.M. van der Slot, K.-J. Boller, Mesa+, Enschede; H. Freund, SAIC, McLean; R. van der Meer, Mesa+, Enschede","Mirror Aberrations in Low Gain FEL Oscillators",63 66,
mopph037,"V. Kumar, RRCAT, Indore (M. P.); K.-J. Kim, ANL, Argonne, Illinois","Smith-Purcell BWO with Electron Beam Focussing",67 70,
mopph041,"M. Yasuda, H. Hama, F. Hinode, K. Kasamsook, M. Kawai, A. Kurihara, K. Nanbu, Y. Shibasaki, S. Takahashi, Tohoku University, School of Scinece, Sendai","Development of THz Light Source Using Pre-Bunched FEL",71 74,
mopph042,"D. J. Dunning, STFC/DL/ASTeC, Daresbury, Warrington, Cheshire","FEL Scheme with Optical Cavity Round-Trip Frequency at Multiple of Electron Bunch Repetition Rate",75 78,
mopph046,"G. M. Kazakevich, BINP SB RAS, Novosibirsk; Y. U. Jeong, B. C. Lee, KAERI, Daejon; V. M. Pavlov, BINP SB RAS, Novosibirsk","Phase Stability of a Microtron Driving a Terahertz FEL",79 82,
mopph047,"H. L. Andrews, C. A. Brau, Vanderbilt University, Nashville, TN; R. Durant, C. F. Guertin, Vermont Photonics, Bellows Falls, VT; J. D. Jarvis, Vanderbilt University, Nashville, TN; T. H. Lowell, M. R. Mross, A. O'Donnell, Vermont Photonics, Bellows Falls, VT","Experimental Observation of the Evanescent Wave in a Smith-Purcell Free-Electron Laser",83 86,
mopph048,"R. Hajima, N. Nishimori, JAEA/ERL, Ibaraki","Free-Electron Laser Options for the Energy-Recvory Linac Light Source in Japan",87 89,
mopph049,"M. Roehrs, C. Gerth, DESY, Hamburg","Electron Beam Diagnostics with Transverse Deflecting Structures at the European X-Ray Free Electron Laser",90 93,
mopph051,"J. L. Turner, R. Akre, A. Brachmann, F.-J. Decker, Y. T. Ding, D. Dowell, P. Emma, J. C. Frisch, A. Gilevich, G. R. Hays, P. Hering, Z. Huang, R. H. Iverson, C. Limborg-Deprey, H. Loos, A. Miahnahri, S. Molloy, H.-D. Nuhn, SLAC, Menlo Park, California; D. F. Ratner, Stanford University, Stanford, Califormia; J. J. Welch, W. E. White, J. Wu, SLAC, Menlo Park, California","Beam Stability Studies in the LCLS Linac",94 97,
mopph052,"J. Wu, R. Akre, A. Brachmann, F.-J. Decker, Y. T. Ding, D. Dowell, P. Emma, D. Fairley, J. C. Frisch, A. Gilevich, G. R. Hays, P. Hering, Z. Huang, R. H. Iverson, C. Limborg-Deprey, H. Loos, A. Miahnahri, S. Molloy, H.-D. Nuhn, SLAC, Menlo Park, California; D. F. Ratner, Stanford University, Stanford, Califormia; J. L. Turner, J. J. Welch, W. E. White, SLAC, Menlo Park, California","Commissioning Experience with the Linac Coherent Light Source Feedback Systems",98 101,
mopph053,"V. Petrillo, Universita' degli Studi di Milano, Milano; C. Benedetti, P. Londrillo, INFN-Bologna, Bologna; L. Serafini, Istituto Nazionale di Fisica Nucleare, Milano; A. Sgattoni, Bologna University, Bologna; P. Tomassini, Istituto Nazionale di Fisica Nucleare, Milano; G. Turchetti, Bologna University, Bologna","Ultra-high Brightness Electron Beams by All Optical Plasma Based Injectors",102 105,
mopph054,"T. Tanikawa, Sokendai, Okazaki, Aichi; B. Carré, CEA, Gif-sur-Yvette; M.-E. Couprie, SOLEIL, Gif-sur-Yvette; D. Garzella, CEA, Gif-sur-Yvette; T. Hara, T. Ishikawa, RIKEN/SPring-8, Hyogo; M. Katoh, UVSOR, Okazaki; H. Kitamura, RIKEN/SPring-8, Hyogo; M. Labat, CEA, Gif-sur-Yvette; G. Lambert, LOA, Palaiseau; T. Shintake, RIKEN/SPring-8, Hyogo; K. Tahara, RIKEN Spring-8 Harima, Hyogo; T. Tanaka, RIKEN/SPring-8, Hyogo; Y. T. Tanaka, RIKEN Spring-8 Harima, Hyogo; M. Yabashi, RIKEN/SPring-8, Hyogo","Spectral Characteristics of the Seeded FEL Using Higher Harmonic Generation in a Gas at the SCSS Test Accelerator",106 109,
mopph055,"Y. Kim, Å. Andersson, M. Dach, R. Ganter, C. Gough, C. P. Hauri, R. Ischebeck, F. Le Pimpec, M. Paraliev, M. Pedrozzi, T. Schietinger, B. Steffen, A. F. Wrulich, PSI, Villigen","Low Thermal Emittance Measurements at the PSI-XFEL Low Emittance Gun Test Facility",110 113,
mopph056,"Y. T. Ding, P. H. Bucksbaum, Z. Huang, SLAC, Menlo Park, California; H. Merdji, CEA, Gif-sur-Yvette; D. F. Ratner, Stanford University, Stanford, Califormia","Generation of Attosecond X-ray Pulses with a Multi-Cycle Two-Color ESASE Scheme",114 117,
mopph057,"L. Palumbo, INFN/LNF, Frascati (Roma)","Status of SPARX-FEL Project",118 120,
mopph058,"T.-Y. Lee, J. Choi, PAL, Pohang, Kyungbuk","Gun Emittance and Compact XFEL",121 124,
mopph060,"E.-S. Kim, Kyungpook National University, Daegu; M. Yoon, POSTECH, Pohang, Kyungbuk","Start-to-End Simulations for the 10 GeV PAL-FEL Project",125 127,
mopph064,"T.-Y. Lee, PAL, Pohang, Kyungbuk","RMS Mode Size of the XFEL Radiation",128 130,
mopph066,"M.-E. Couprie, C. Benabderrahmane, SOLEIL, Gif-sur-Yvette; C. Bruni, LAL, Orsay; O. V. Chubar, SOLEIL, Gif-sur-Yvette; E. Collet, University of Rennes, Rennes; J. Denard, P. Dumas, J.-M. Filhol, SOLEIL, Gif-sur-Yvette; D. Garzella, CEA, Gif-sur-Yvette; L. Giannessi, ENEA C. R. Frascati, Frascati (Roma); M. Idir, M. Labat, SOLEIL, Gif-sur-Yvette; G. Lambert, LOA, Palaiseau; P. Lebasque, A. Lestrade, M. Louvet, SOLEIL, Gif-sur-Yvette; J. Luning, CCPMR, Paris; P. Marchand, O. Marcouillé, P. Mercere, SOLEIL, Gif-sur-Yvette; M. Meyer, LIXAM, Orsay; P. Morin, L. S. Nadolski, L. Nahon, SOLEIL, Gif-sur-Yvette; P. Zeitoun, LOA, Palaiseau","The ARC-EN-CIEL Fourth Generation Light Source Proposal",131 134,
mopph068,"S. Huang, G. Swift, Y. K. Wu, FEL/Duke University, Durham, North Carolina","Controlling Wiggler Harmonic Radiation to Reduce Damage to FEL Cavity Mirrors",135 138,
mopph069,"S. F. Mikhailov, S. Huang, J. Li, V. Popov, Y. K. Wu, FEL/Duke University, Durham, North Carolina","A Pass-by-Pass Gain Measurement Technique for Oscillator FELs",139 142,
mopph072,"M. Labat, CEA, Gif-sur-Yvette; M.-E. Couprie, SOLEIL, Gif-sur-Yvette; M. Hosaka, Nagoya University, Nagoya; M. Katoh, M. Shimada, UVSOR, Okazaki","Operation of the UVSOR-II FEL in Helical Mode",143 146,
mopph073,"N. Sei, H. Ogawa, K. Yamada, M. Y. Yasumoto, AIST, Tsukuba, Ibaraki","Near-Infrared Free Electron Laser Experiment with the Storage Ring NIJI-IV",147 150,
mopph075,"L. Gupta, IPS ACADEMY, Indore; S. C. Bapna, RRCAT, Indore (M. P.); Y. Choyal, K. P. Maheshwari, Devi Ahilya University, Indore","Experimental Study of an Unneutralized Relativistic Electron Beam Transportation through the Waveguides",151 154,
mopph077,"J. Park, H.-S. Kang, C. Kim, PAL, Pohang, Kyungbuk","Electron-Linac Based fs-THz Program at Pohang Accelerator Laboratory",155 156,
mopph078,"D. Li, ILT, Suita, Osaka; M. R. Asakawa, Kansai University, Osaka; G. Huo, Oil Production Research Institute, Dongying; K. Imasaki, ILT, Suita, Osaka; W. Liu, UESTC, Chengdu, Sichuan; G. S. Park, SNU, Seoul","Terahertz Cherenkov Free--Electron Laser",157 159,
mopph080,"R. P. Walker, Diamond, Oxfordshire","Considerations for a New Light Source for the UK",160 162,
mopph081,"R. Bartolini, Diamond, Oxfordshire; S. I. Bajlekov, University of Oxford, Clarendon Laboratory, Oxford; N. Delerue, JAI, Oxford; G. Doucas, S. M. Hooker, OXFORDphysics, Oxford, Oxon; K. J. Peach, JAI, Oxford; D. Urner, OXFORDphysics, Oxford, Oxon; J. S. Wark, University of Oxford, Clarendon Laboratory, Oxford","OPALS: The Oxford Plasma Accelerator Light Source Project",163 166,
thaau01,"G. Pile, J. L. Bailey, T. Barsz, W. Berg, J. T. Collins, P. K. Den Hartog, H. W. Friedsam, M. S. Jaski, S.-H. Lee, R. M. Lill, E. R. Moog, J. W. Morgan, ANL, Argonne, Illinois; H.-D. Nuhn, SLAC, Menlo Park, California; S. Sasaki, S. E. Shoaf, L. Skubal, S. J. Stein, W. F. Toter, E. Trakhtenberg, I. Vasserman, D. R. Walters, M. White, G. E. Wiemerslage, J. Z. Xu, B. X. Yang, ANL, Argonne, Illinois","Design and Construction of the Linac Coherent Light Source (LCLS) Undulator System",460 466,
thaau02,"J. Teichert, A. Arnold, H. Buettig, D. Janssen, M. Justus, FZD, Dresden; T. Kamps, BESSY GmbH, Berlin; G. Klemz, MBI, Berlin; U. Lehnert, P. Michel, P. Murcek, FZD, Dresden; J. Rudolph, BESSY GmbH, Berlin; A. Schamlott, FZD, Dresden; M. Schenk, BESSY GmbH, Berlin; Ch. Schneider, R. Schurig, F. Staufenbiel, FZD, Dresden; I. Will, MBI, Berlin; R. Xiang, FZD, Dresden","Initial Commissioning Experience with the Superconducting RF Photoinjector at ELBE",467 472,
thaau03,"R. Kinjo, K. Higashimura, Kyoto IAE, Kyoto; Y. U. Jeong, KAERI, Daejon; T. Kii, K. Masuda, K. Nagasaki, H. Ohgaki, H. Zen, Kyoto IAE, Kyoto","A Bulk High-Tc Superconductor Staggered Array Undulator",473 476,
thaau04,"J. D. Jarvis, H. L. Andrews, C. A. Brau, B. K. Choi, J. L. Davidson, W. P. Kang, S. Raina, Y. M. Wong, Vanderbilt University, Nashville, Tennessee","Development of Diamond Field-Emitter Arrays for Free-Electron Lasers",477 480,
thaau05,"C. H. Boulware, DESY Zeuthen, Zeuthen; W. Ackermann, E. Arevalo, TEMF, TU Darmstadt, Darmstadt; G. Asova, J. W. Baehr, DESY Zeuthen, Zeuthen; K. Floettmann, DESY, Hamburg; T. Garvey, PSI, Villigen; H.-J. Grabosch, L. Hakobyan, M. Hänel, Ye. Ivanisenko, S. Khodyachykh, M. K. Khojoyan, DESY Zeuthen, Zeuthen; G. Klemz, MBI, Berlin; S. A. Korepanov, M. Krasilnikov, DESY Zeuthen, Zeuthen; S. Lederer, DESY, Hamburg; P. M. Michelato, L. Monaco, C. Pagani, INFN/LASA, Segrate (MI); B. Petrosyan, DESY Zeuthen, Zeuthen; D. Reschke, DESY, Hamburg; R. Richter, BESSY GmbH, Berlin; S. Rimjaem, DESY Zeuthen, Zeuthen; J. Roensch, Uni HH, Hamburg; K. Rosbach, Humboldt University Berlin, Institut für Physik, Berlin; T. A. Scholz, DESY Zeuthen, Zeuthen; D. Sertore, INFN/LASA, Segrate (MI); A. Shapovalov, R. Spesyvtsev, L. Staykov, F. Stephan, DESY Zeuthen, Zeuthen; I. Will, MBI, Berlin","Latest Results at the Upgraded PITZ Facility",481 484,
thbau01,"H. Loos, R. Akre, A. Brachmann, F.-J. Decker, Y. T. Ding, D. Dowell, P. Emma, J. C. Frisch, A. Gilevich, G. R. Hays, P. Hering, Z. Huang, R. H. Iverson, C. Limborg-Deprey, A. Miahnahri, S. Molloy, H.-D. Nuhn, SLAC, Menlo Park, California; D. F. Ratner, Stanford University, Stanford, Califormia; J. L. Turner, J. J. Welch, W. E. White, J. Wu, SLAC, Menlo Park, California","Observation of Coherent Optical Transition Radiation in the LCLS Linac",485 489,
thbau02,"F. Loehl, V. R. Arsov, DESY, Hamburg; C. Behrens, Uni HH, Hamburg; M. Felber, L. Froehlich, K. E. Hacker, DESY, Hamburg; W. Jalmuzna, TUL-DMCS, Lodz; B. Lorbeer, F. Ludwig, K.-H. Matthiesen, H. Schlarb, B. Schmidt, DESY, Hamburg; S. Schulz, Uni HH, Hamburg; J. Szewinski, The Andrzej Soltan Institute for Nuclear Studies, Centre Swierk, Swierk/Otwock; S. Wesch, Uni HH, Hamburg; A. Winter, DESY, Hamburg; J. Zemella, Uni HH, Hamburg","Observation of 40 fs Synchronization of Electron Bunches for FELs",490 493,
thbau03,"F. X. Kaertner, J. Chen, J. Cox, J. Kim, MIT, Cambridge, Massachusetts","Femtosecond Synchronization of Large-Scale X-ray Free Electron Lasers",494 496,
thbau04,"S. Khan, Uni HH, Hamburg; G. Angelova, Uppsala University, Uppsala; J. Boedewadt, Uni HH, Hamburg; M. Larsson, Stockholm University, Department of Physics, Stockholm; F. Loehl, DESY, Hamburg; A. Meseck, BESSY GmbH, Berlin; E. Saldin, DESY, Hamburg; P. M. Salen, FYSIKUM, AlbaNova, Stockholm University, Stockholm; H. Schlarb, E. Schneidmiller, A. Winter, M. V. Yurkov, DESY, Hamburg; V. G. Ziemann, Uppsala University, Uppsala; P. van der Meulen, FYSIKUM, AlbaNova, Stockholm University, Stockholm","Results from the Optical Replica Experiments at FLASH",497 500,
thbau05,"A. H. Lumpkin, Fermilab, Batavia, Illinois; R. J. Dejus, N. Sereno, ANL, Argonne, Illinois","COTR and SASE Generated by Compressed Electron Beams",501 506,
thcau01,"N. Vinokurov, E. N. Dementyev, B. A. Dovzhenko, N. Gavrilov, B. A. Knyazev, E. I. Kolobanov, V. V. Kubarev, G. N. Kulipanov, A. N. Matveenko, L. E. Medvedev, S. V. Miginsky, L. A. Mironenko, V. K. Ovchar, V. M. Popik, T. V. Salikova, M. A. Scheglov, S. S. Serednyakov, O. A. Shevchenko, A. N. Skrinsky, V. G. Tcheskidov, Y. Tokarev, P. Vobly, BINP SB RAS, Novosibirsk","Commissioning of Novosibirsk Multi-pass Energy Recovery Linac",507 510,
thcau02,"D. C. Nguyen, LANL, Los Alamos, New Mexico","Development of High-average-current RF Injectors",511 516,
thcau03,"P. Evtushenko, S. V. Benson, D. Douglas, D. W. Sexton, JLAB, Newport News, Virginia","Electron Beam Timing Jitter and Energy Modulation Measurements at the JLab ERL",517 520,
thcau05,"N. Hafz, D.-K. Ko, J. Lee, APRI-GIST, Gwangju","Generation of Stable GeV-class Electron Beams from Laser-Plasmas and their Applications in Compact FELs",521 523,
thdau01,"U. Fruehling, DESY, Hamburg; F. Budzyn, M. Drescher, T. Gebert, Uni HH, Hamburg; M. Gensch, DESY, Hamburg; O. Grimm, R. Kalms, M. Krikunova, Uni HH, Hamburg; E. Plönjes, DESY, Hamburg; J. Rossbach, M. Wieland, Uni HH, Hamburg","Light Field Driven Streak-camera: Towards a Single Pulse Time Structure Measurement at FLASH",524 524,
thdau04,"E. J. Minehara, JAEA/FEL, Ibaraki-ken","Non-thermal Laser Machining with ERL-FELs for Nuclear Industries",525 528,
thdau05,"V. Litvinenko, BNL, Upton, Long Island, New York; G. I. Bell, Tech-X, Boulder, Colorado; I. Ben-Zvi, M. Blaskiewicz, BNL, Upton, Long Island, New York; D. L. Bruhwiler, Tech-X, Boulder, Colorado; Y. S. Derbenev, JLAB, Newport News, Virginia; A. V. Fedotov, Y. Hao, A. Kayran, E. Pozdeyev, BNL, Upton, Long Island, New York; S. Reiche, UCLA, Los Angeles, California; O. A. Shevchenko, BINP SB RAS, Novosibirsk; A. V. Sobol, Tech-X, Boulder, Colorado; D. Trbojevic, BNL, Upton, Long Island, New York; N. Vinokurov, BINP SB RAS, Novosibirsk; G. Wang, BNL, Upton, Long Island, New York","Progress with FEL-based Coherent Electron Cooling",529 532,
tuaau01,"R. Prazeres, LCP/CLIO, ORSAY CEDEX; F. Glotin, J.-M. Ortega, CLIO/ELISE/LCP, Orsay","Analysis of the Periodic Spectral Gaps Observed in the Tuning Range of FELs with a Partial Waveguide",184 191,
tuaau02,"H. L. Andrews, C. A. Brau, Vanderbilt University, Nashville, TN; R. Durant, C. F. Guertin, Vermont Photonics, Bellows Falls, VT; J. D. Jarvis, Vanderbilt University, Nashville, TN; T. H. Lowell, M. R. Mross, A. O'Donnell, Vermont Photonics, Bellows Falls, VT","Superlinear Current Dependence in a Grating-Based Tunable THz Source",192 195,
tuaau03,"T. Kii, K. Higashimura, Kyoto IAE, Kyoto; Y. U. Jeong, KAERI, Daejon; R. Kinjo, Kyoto IAE, Kyoto; R. Kuroda, AIST, Tsukuba, Ibaraki; K. Masuda, H. Ohgaki, H. Zen, Kyoto IAE, Kyoto","Design Study on THz Seeded FEL Using Photocathode RF Gun and Short Period Undulator",196 199,
tuaau05,"R. T. Jongma, Radboud University Nijmegen, Institute of Molecules and Materials, Nijmegen; K. Dunkel, ACCEL, Bergisch Gladbach; U. Lehnert, P. Michel, FZD, Dresden; C. Piel, ACCEL, Bergisch Gladbach; R. Wuensch, FZD, Dresden; C. A.J. van der Geer, Pulsar Physics, Eindhoven; A. F.G. van der Meer, FOM Rijnhuizen, Nieuwegein; P. J.M. van der Slot, Twente University, Laser Physics and Non-Linear Optics Group, Enschede; W. J. van der Zande, Institute for Molecules and Materials, Radboud University Nijmegen, Nijmegen","Design of the Nijmegen High-Resolution THz-FEL",200 203,
tuaau06,"H.-S. Kang, S. D. Jang, C. Kim, H.-G. Kim, W. W. Lee, C. D. Park, S. J. Park, Y. J. Park, J. H. Seo, Y. G. Son, PAL, Pohang, Kyungbuk","Status of fs-THz Beam Line Project of the PAL",204 206,
tubau01,"T. Hara, RIKEN/SPring-8, Hyogo; B. Carré, CEA, Gif-sur-Yvette; M.-E. Couprie, SOLEIL, Gif-sur-Yvette; D. Garzella, CEA, Gif-sur-Yvette; T. Ishikawa, H. Kitamura, RIKEN/SPring-8, Hyogo; M. Labat, SOLEIL, Gif-sur-Yvette; G. Lambert, LOA, Palaiseau; T. Ohshima, T. Shintake, RIKEN/SPring-8, Hyogo; K. Tahara, RIKEN Spring-8 Harima, Hyogo; T. Tanaka, RIKEN/SPring-8, Hyogo; Y. T. Tanaka, RIKEN Spring-8 Harima, Hyogo; T. Tanikawa, Sokendai, Okazaki, Aichi; M. Yabashi, RIKEN/SPring-8, Hyogo","VUV Seeded FEL Experiment at the SCSS Test Accelerator",207 212,
tubau03,"E. Plönjes, DESY, Hamburg; G. Dovillaire, Imagine Optic, Orsay; B. Floeter, LLG, Goettingen; P. N. Juranic, B. Keitel, M. Kuhlmann, DESY, Hamburg; K. Mann, B. Schaefer, LLG, Goettingen; K. I. Tiedtke, DESY, Hamburg","FEL Wave-front Measurements in the Soft X-ray Region at FLASH",213 213,
tubau04,"J. B. Rosenzweig, UCLA, Los Angeles, California; M. Boscolo, INFN/LNF, Frascati (Roma); M. P. Dunning, L. Faillace, UCLA, Los Angeles, California; M. Ferrario, INFN/LNF, Frascati (Roma); A. Fukasawa, UCLA, Los Angeles, California; L. Giannessi, ENEA C. R. Frascati, Frascati (Roma); E. Hemsing, G. Marcus, A. Marinelli, P. Musumeci, B. D. O'Shea, UCLA, Los Angeles, California; L. Palumbo, INFN/LNF, Frascati (Roma); C. Pellegrini, UCLA, Los Angeles, California; V. Petrillo, Istituto Nazionale di Fisica Nucleare, Milano; S. Reiche, UCLA, Los Angeles, California; C. Ronsivalle, ENEA C. R. Frascati, Frascati (Roma); B. Spataro, C. Vaccarezza, INFN/LNF, Frascati (Roma)","Generation of Sub-fsec, High Brightness Electron Beams for Single Spike SASE FEL Operation",214 217,
tubau05,"M. Yoon, POSTECH, Pohang, Kyungbuk; I. M. Hwang, CHEP, Daegu; W. H. Hwang, D. E. Kim, PAL, Pohang, Kyungbuk; E.-S. Kim, Kyungpook National University, Daegu; S. J. Park, PAL, Pohang, Kyungbuk","A 0.1 nm SASE FEL at Pohang Accelerator Laboratory",218 221,
tubau06,"Y. Otake, RIKEN/SPring-8, Hyogo","Construction Status of XFEL/SPring-8 (Its Stability Issue)",222 226,
tucau04,"Y. K. Wu, FEL/Duke University, Durham, North Carolina; S. V. Benson, JLAB, Newport News, Virginia; J. Li, S. F. Mikhailov, FEL/Duke University, Durham, North Carolina; G. Neil, JLAB, Newport News, Virginia; V. Popov, FEL/Duke University, Durham, North Carolina","Second Harmonic Lasing with Storage Ring Based FELs",459 459,
tupph001,"F. Le Pimpec, R. Ganter, C. Gough, C. P. Hauri, M. Paraliev, PSI, Villigen","Comparison of High Gradient Achievement for Different Metals in DC and Pulsed DC Mode",227 230,
tupph002,"P. J.M. van der Slot, K.-J. Boller, T. Denis, Mesa+, Enschede","The Photonic FEL: Toward a Handheld THz FEL",231 234,
tupph003,"V. Miltchev, A. Azima, J. Boedewadt, H. Delsim-Hashemi, M. Drescher, Uni HH, Hamburg; S. Düsterer, J. Feldhaus, DESY, Hamburg; R. Ischebeck, PSI, Villigen; S. Khan, Uni HH, Hamburg; T. Laarmann, DESY, Hamburg; Th. Maltezopoulos, M. Mittenzwey, J. Rossbach, Uni HH, Hamburg; H. Schlarb, DESY, Hamburg; R. Tarkeshian, M. Wieland, Uni HH, Hamburg","Tolerance Studies on the High Harmonic Laser Seeding at Flash",235 238,
tupph004,"B. Faatz, W. Decking, Y. Li, J. Pflueger, E. Saldin, E. Schneidmiller, M. V. Yurkov, DESY, Hamburg","Study of Controllable Polarization SASE FEL using a Crossed-planar Undulator",239 242,
tupph006,"J. Bahrdt, M. Abo-Bakr, W. Frentrup, A. Gaupp, BESSY GmbH, Berlin; S. K. Hoffgen, FhG, Euskirchen; K. Holldack, BESSY GmbH, Berlin; J. Kuhnhenn, FhG, Euskirchen; F. Lindau, MAX-lab, Lund; M. Scheer, BESSY GmbH, Berlin; S. Thorin, MAX-lab, Lund; U. Weinand, FhG, Euskirchen; S. Werin, MAX-lab, Lund","Diagnostic Tools for the Undulator System of the Seeded HGHG-FEL at MAX-lab",243 246,
tupph008,"J. H. Park, M. Babzien, K. Kusche, V. Yakimenko, BNL, Upton, Long Island, New York","Experimental Approaches of Emittance Dilution Induced by Misalignments in a Photoinjector",247 250,
tupph009,"S. Spampinati, S. Di Mitri, B. Diviacco, ELETTRA, Basovizza","Effects of Undulator Steering on FERMI@ELETTRA FEL",251 253,
tupph011,"P. Evtushenko, A. Freyberger, JLAB, Newport News, Virginia; C. Liu, CASA, newport news; A. H. Lumpkin, Fermilab, Batavia, Illinois","Near-Field Optical Diffraction Radiation Measurements at CEBAF",254 257,
tupph012,"M. Ferrario, INFN/LNF, Frascati (Roma); G. Andonian, UCLA, Los Angeles, California; A. Bacci, I. Boscolo, Istituto Nazionale di Fisica Nucleare, Milano; M. Boscolo, INFN/LNF, Frascati (Roma); F. Castelli, S. Cialdi, Istituto Nazionale di Fisica Nucleare, Milano; L. Giannessi, ENEA C. R. Frascati, Frascati (Roma); E. Hemsing, G. Marcus, UCLA, Los Angeles, California; L. Palumbo, INFN/LNF, Frascati (Roma); V. Petrillo, Istituto Nazionale di Fisica Nucleare, Milano; S. Reiche, UCLA, Los Angeles, California; C. Ronsivalle, ENEA C. R. Frascati, Frascati (Roma); J. B. Rosenzweig, UCLA, Los Angeles, California; L. Serafini, Istituto Nazionale di Fisica Nucleare, Milano; M. Serluca, INFN-Roma, Roma; C. Vaccarezza, INFN/LNF, Frascati (Roma)","Single spike experiments with the SPARC SASE FEL",258 261,
tupph014,"J. D. Jarvis, H. L. Andrews, C. A. Brau, B. K. Choi, J. L. Davidson, W. P. Kang, S. Raina, Y. M. Wong, Vanderbilt University, Nashville, Tennessee","Transverse Emittance of Diamond Field-Emitter Arrays",262 264,
tupph015,"F. Briquez, C. Benabderrahmane, O. V. Chubar, M.-E. Couprie, T. K. El Ajjouri, C. A. Kitegi, F. Marteau, A. Mary, K. Tavakoli, J. Vétéran, SOLEIL, Gif-sur-Yvette","Construction of Short Period APPLE II Type Undulators at SOLEIL",265 268,
tupph016,"J. D. Jarvis, H. L. Andrews, C. A. Brau, B. K. Choi, J. L. Davidson, W. P. Kang, S. Raina, Y. M. Wong, Vanderbilt University, Nashville, Tennessee","Fabrication of Diamond Field-Emitter-Array Cathodes for Free-Electron Lasers",269 270,
tupph017,"D. E. Kim, H. S. Han, C. K. Kim, H.-G. Lee, S. H. Nam, C. D. Park, K.-H. Park, H. S. Suh, PAL, Pohang, Kyungbuk; M. Yoon, POSTECH, Pohang, Kyungbuk; Y. G. Young-Gyu, PAL, Pohang, Kyungbuk","In Vacuum Undulator System for PAL-FEL",271 273,
tupph018,"G. Marcus, G. Andonian, UCLA, Los Angeles, California; M. Ferrario, INFN/LNF, Frascati (Roma); A. Fukasawa, UCLA, Los Angeles, California; L. Giannessi, ENEA C. R. Frascati, Frascati (Roma); L. Palumbo, INFN/LNF, Frascati (Roma); S. Reiche, J. B. Rosenzweig, UCLA, Los Angeles, California","Longitudinal Diagnostic for Single-Spike SASE FEL Operation",274 277,
tupph019,"C. Kim, PAL, Pohang, Kyungbuk; K. Hyun, I. S. Ko, POSTECH, Pohang, Kyungbuk; Y. W. Parc, J. Park, PAL, Pohang, Kyungbuk; C. Yim, POSTECH, Pohang, Kyungbuk","Laser Pulse Shaping for Generation of Low-Emittance Electron-Beam",278 281,
tupph021,"L. Faillace, UCLA, Los Angeles, California; P. Frigola, RadiaBeam, Marina del Rey; A. Fukasawa, B. D. O'Shea, UCLA, Los Angeles, California; L. Palumbo, INFN/LNF, Frascati (Roma); J. B. Rosenzweig, UCLA, Los Angeles, California; B. Spataro, INFN/LNF, Frascati (Roma)","An Ultra-high Repetition Rate S-band RF Gun",282 284,
tupph023,"J. B. Rosenzweig, M. P. Dunning, UCLA, Los Angeles, California; M. Ferrario, INFN/LNF, Frascati (Roma); E. Hemsing, G. Marcus, A. Marinelli, P. Musumeci, UCLA, Los Angeles, California","Quasicrystalline Beam Formation in RF Photoinjectors",285 288,
tupph024,"H. Tomizawa, H. Dewa, H. Hanaki, A. Mizuno, T. Taniuchi, JASRI/SPring-8, Hyogo-ken","Review of Manipulation Laser Technology on 3D-Pulse-Shape & Polarization for the Conventional Photocathode RF Gun and the Future Z-polarization Schottky Emission Gun",289 293,
tupph026,"K. Kasamsook, H. Hama, F. Hinode, M. Kawai, K. Nanbu, M. Yasuda, Tohoku University, School of Scinece, Sendai","Emittance Measurement of a DC Gun for Smith-Purcell Backward Wave Oscillator FEL",294 297,
tupph027,"Z. Huang, K. L.F. Bane, F.-J. Decker, Y. T. Ding, D. Dowell, P. Emma, J. C. Frisch, R. H. Iverson, C. Limborg-Deprey, H. Loos, H.-D. Nuhn, SLAC, Menlo Park, California; D. F. Ratner, Stanford University, Stanford, Califormia; G. V. Stupakov, J. L. Turner, J. J. Welch, J. Wu, SLAC, Menlo Park, California","Measurements of Coherent Synchrotron Radiation and its Impact on the LCLS Electron Beam",298 301,
tupph028,"J. D. Jarvis, H. L. Andrews, C. A. Brau, B. K. Choi, J. L. Davidson, W. P. Kang, S. Raina, Y. M. Wong, Vanderbilt University, Nashville, Tennessee","Uniformity Conditioning of Diamond Field-Emitter Arrays",302 304,
tupph029,"H. Hama, F. Hinode, K. Kasamsook, M. Kawai, K. Nanbu, M. Yasuda, Tohoku University, School of Scinece, Sendai","Space Charge Effect for Short Electron Bunches in an Alpha Magnet",305 308,
tupph030,"G. V. Stupakov, SLAC, Menlo Park, California","Longitudinal and Transverse Self-forces in Relativistic Line-charge Beam",309 312,
tupph033,"J. J. Welch, S. DeBarger, P. Emma, N. Li, J. Wu, SLAC, Menlo Park, California","LCLS Compressor Dipole Field Quality and Beam Measurements",313 316,
tupph034,"J. D. Jarvis, H. L. Andrews, C. A. Brau, B. K. Choi, J. L. Davidson, W. P. Kang, S. Raina, C. L. Stewart, Y. M. Wong, Vanderbilt University, Nashville, Tennessee","Toward Energy-Spread Measurements of Diamond Field-Emitter Arrays",317 319,
tupph035,"I. M. Hwang, POSTECH, Pohang, Kyungbuk; E.-S. Kim, Kyungpook National University, Daegu; M. Yoon, POSTECH, Pohang, Kyungbuk","Optimization and Sensitivity Studies for PAL FEL Injector",320 322,
tupph036,"F. Scarlat, E. S. Badita, INFLPR, Bucharest - Magurele; C. Bontoiu, ELETTRA, Basovizza; G. Georgescu, R. Medianu, E. Mitru, M. Oane, A. M. Scarisoreanu, INFLPR, Bucharest - Magurele","Status of the FEL Project at NILPRP",323 325,
tupph037,"R. Spesyvtsev, J. W. Baehr, M. Krasilnikov, J. Roensch, DESY Zeuthen, Zeuthen","A Transverse Slice Emittance Measurement System Using Quadrupole Scan Technique and Streak Readout at PITZ",326 329,
tupph038,"J. Roensch, Uni HH, Hamburg; G. Asova, J. W. Baehr, C. H. Boulware, H.-J. Grabosch, L. Hakobyan, M. Hänel, Ye. Ivanisenko, M. K. Khojoyan, M. Krasilnikov, DESY Zeuthen, Zeuthen; S. Lederer, D. Lipka, DESY, Hamburg; B. Petrosyan, DESY Zeuthen, Zeuthen; R. Richter, BESSY GmbH, Berlin; S. Rimjaem, DESY Zeuthen, Zeuthen; K. Rosbach, Humboldt University Berlin, Institut für Physik, Berlin; J. Rossbach, Uni HH, Hamburg; T. A. Scholz, A. Shapovalov, R. Spesyvtsev, F. Stephan, DESY Zeuthen, Zeuthen","First Measurement Results from the Upgraded Low Energy Longgitudinal Phase Space Diagnostics at PITZ",330 333,
tupph040,"A. Fukasawa, UCLA, Los Angeles, California; D. Alesini, INFN/LNF, Frascati (Roma); H. Badakov, UCLA, Los Angeles, California; L. Ficcadenti, INFN/LNF, Frascati (Roma); B. D. O'Shea, UCLA, Los Angeles, California; L. Palumbo, Rome University La Sapienza, Roma; J. B. Rosenzweig, UCLA, Los Angeles, California; B. Spataro, INFN/LNF, Frascati (Roma)","A Hybrid Standing Wave-Traveling Wave Photoinjector",334 337,
tupph041,"D. F. Ratner, Stanford University, Stanford, Califormia; A. Chao, Z. Huang, SLAC, Menlo Park, California","Three-dimensional Analysis of Longitudinal Space Charge Microbunching Starting from Shot Noise",338 341,
tupph043,"S. Spampinati, S. Di Mitri, M. Ferianis, M. Veronese, ELETTRA, Basovizza","Diagnostics of the Laser Heater Induced Beam Heating in FERMI@elettra",342 344,
tupph044,"F. Hellberg, H. Danared, A. Hedqvist, MSL, Stockholm; Y. Holler, B. Krause, A. Petrov, J. Pflueger, DESY, Hamburg","Investigation of Quadrupole Magnets for the XFEL Project Using a Rotating Coil Set-up",345 347,
tupph045,"B. C. Kuske, J. Bahrdt, BESSY GmbH, Berlin","Tolerance Studies for APPLE Undulators in FEL Facilities",348 351,
tupph046,"Y. Otake, RIKEN Spring-8 Harima, Hyogo; N. Hosoda, RIKEN/SPring-8, Hyogo; K. Imai, OPtical Comb, Inc., Yokohama; M. K. Kitamura, RIKEN/SPring-8, Hyogo; M. Kourogi, OPtical Comb, Inc., Yokohama; H. Maesaka, RIKEN/SPring-8, Hyogo; M. Musya, University of electro-communications, Tokyo; T. Ohshima, RIKEN/SPring-8, Hyogo; K. Tamasaku, RIKEN Spring-8 Harima, Hyogo","Development of the Optical Timing and RF Distribution System for XFEL/SPring-8",352 355,
tupph047,"H. H. Lu, IHEP Beijing, Beijing; P. Neumann, J. Pflueger, M. Rueter, M. Tischer, T. Vielitz, DESY, Hamburg; D. Wang, M. T. Wang, J. Zhuang, IHEP Beijing, Beijing","A Permanent Magnet Phase Shifter for the European-XFEL",356 358,
tupph048,"M. Ferrario, D. Alesini, INFN/LNF, Frascati (Roma); A. Bacci, Istituto Nazionale di Fisica Nucleare, Milano; M. Bellaveglia, R. Boni, INFN/LNF, Frascati (Roma); I. Boscolo, Istituto Nazionale di Fisica Nucleare, Milano; M. Boscolo, INFN/LNF, Frascati (Roma); M. Bougeard, CEA, Gif-sur-Yvette; F. Broggi, Istituto Nazionale di Fisica Nucleare, Milano; B. Carré, CEA, Gif-sur-Yvette; M. Castellano, INFN/LNF, Frascati (Roma); F. Castelli, Istituto Nazionale di Fisica Nucleare, Milano; L. Catani, INFN-Roma II, Roma; E. Chiadroni, INFN/LNF, Frascati (Roma); S. Cialdi, Istituto Nazionale di Fisica Nucleare, Milano; A. Cianchi, Università di Roma II Tor Vergata, Roma; F. Ciocci, ENEA C. R. Frascati, Frascati (Roma); A. Clozza, INFN/LNF, Frascati (Roma); M.-E. Couprie, SOLEIL, Gif-sur-Yvette; L. Cultrera, INFN/LNF, Frascati (Roma); G. Dattoli, ENEA C. R. Frascati, Frascati (Roma); C. De Martinis, Istituto Nazionale di Fisica Nucleare, Milano; M. Del Franco, ENEA C. R. Frascati, Frascati (Roma); G. Di Pirro, INFN/LNF, Frascati (Roma); A. Dipace, A. Doria, ENEA C. R. Frascati, Frascati (Roma); A. Drago, A. Esposito, L. Ficcadenti, D. Filippetto, V. Fusco, INFN/LNF, Frascati (Roma); G. P. Gallerano, ENEA C. R. Frascati, Frascati (Roma); A. Gallo, INFN/LNF, Frascati (Roma); D. Garzella, CEA, Gif-sur-Yvette; G. Gatti, A. Ghigo, INFN/LNF, Frascati (Roma); L. Giannessi, ENEA C. R. Frascati, Frascati (Roma); D. Giove, Istituto Nazionale di Fisica Nucleare, Milano; E. Giovenale, ENEA C. R. Frascati, Frascati (Roma); M. Labat, G. Lambert, CEA, Gif-sur-Yvette; A. Marcelli, B. Marchetti, INFN/LNF, Frascati (Roma); A. Marinelli, UCLA, Los Angeles, California; C. Maroli, Istituto Nazionale di Fisica Nucleare, Milano; M. Mattioli, INFN-Roma, Roma; H. Merdji, CEA, Gif-sur-Yvette; M. Migliorati, A. Mostacci, INFN/LNF, Frascati (Roma); G. L. Orlandi, ENEA C. R. Frascati, Frascati (Roma); E. Pace, INFN/LNF, Frascati (Roma); S. Pagnutti, ENEA C. R. Frascati, Frascati (Roma); L. Palumbo, L. Pellegrino, INFN/LNF, Frascati (Roma); A. Petralia, ENEA C. R. Frascati, Frascati (Roma); M. Petrarca, INFN-Roma, Roma; V. Petrillo, Istituto Nazionale di Fisica Nucleare, Milano; M. Quattromini, ENEA C. R. Frascati, Frascati (Roma); R. Ricci, INFN/LNF, Frascati (Roma); C. Ronsivalle, ENEA C. R. Frascati, Frascati (Roma); J. B. Rosenzweig, UCLA, Los Angeles, California; J. Rossbach, Uni HH, Hamburg; A. R. Rossi, Istituto Nazionale di Fisica Nucleare, Milano; U. Rotundo, INFN/LNF, Frascati (Roma); E. Sabia, ENEA C. R. Frascati, Frascati (Roma); P. Salieres, CEA, Gif-sur-Yvette; C. Sanelli, INFN/LNF, Frascati (Roma); L. Serafini, Istituto Nazionale di Fisica Nucleare, Milano; M. Serluca, INFN-Roma, Roma; F. Sgamma, INFN/LNF, Frascati (Roma); I. P. Spassovsky, ENEA C. R. Frascati, Frascati (Roma); B. Spataro, INFN/LNF, Frascati (Roma); V. Surrenti, ENEA C. R. Frascati, Frascati (Roma); F. Tazzioli, INFN/LNF, Frascati (Roma); O. Tchebakoff, CEA, Gif-sur-Yvette; S. Tomassini, C. Vaccarezza, M. Vescovi, C. Vicario, INFN/LNF, Frascati (Roma)","Recent Results of the SPARC Project",359 362,
tupph051,"R. Tarkeshian, J. Boedewadt, M. Drescher, Uni HH, Hamburg; R. Ischebeck, PSI, Villigen; J. Rossbach, Uni HH, Hamburg; H. Schlarb, S. Schreiber, DESY, Hamburg","Conceptual Ideas for the Temporal Overlap of the Electron Beam and the Seed Laser for sFLASH",363 366,
tupph052,"H. Zen, K. Higashimura, T. Kii, R. Kinjo, K. Masuda, H. Ohgaki, Kyoto IAE, Kyoto","Beam Loading Compensation by RF Detuning in a Thermionic RF Gun",367 370,
tupph053,"T. Tanaka, RIKEN Spring-8 Harima, Hyogo; H. Kitamura, RIKEN/SPring-8, Hyogo; T. Seike, JASRI/SPring-8, Hyogo-ken","Measurement of SPring-8 XFEL Undualtor Prototype with the SAFALI System",371 373,
tupph056,"A. Meseck, BESSY GmbH, Berlin","The Impact of the Space Charge on the STARS Performance",374 377,
tupph058,"A. Meseck, B. C. Kuske, BESSY GmbH, Berlin","Developments in Cascaded HGHG-FELs",378 381,
tupph060,"W. Seidel, E. Cizmar, O. Drachenko, FZD, Dresden; L. Eng, Dresden University of Technology, Institute of Applied Photophysics, Dresden; M. Helm, M. Justus, FZD, Dresden; S. C. Kehr, Dresden University of Technology, Institute of Applied Photophysics, Dresden; U. Lehnert, P. Michel, M. Ozerov, H. Schneider, R. Schurig, D. Stehr, M. Wagner, S. Winnerl, D. Wohlfarth, S. Zvyagin, FZD, Dresden","Three Years of CW-Operation at FELBE - Experiences and Applications",382 385,
tupph064,"W. B. Colson, J. Blau, R. L. Edmonson, J. W. Lewellen, B. A. Wilder, NPS, Monterey, California","Free Electron Lasers in 2008",386 390,
tupph065,"K. Nakao, K. Hayakawa, Y. Hayakawa, LEBRA, Funabashi; M. Inagaki, Nihon University, ; K. Nogami, LEBRA, Funabashi; T. Sakai, I. Sato, Nihon University, ; T. Tanaka, LEBRA, Funabashi","Control and Support System for LEBRA FEL Operation",391 393,
tupph067,"J. W. Lewellen, W. B. Colson, S. P. Niles, T. I. Smith, NPS, Monterey, California","Status of the NPS Free-Electron Laser",394 396,
tupph068,"B. Schmidt, C. Behrens, DESY, Hamburg; H. Delsim-Hashemi, P. Schmüser, Uni HH, Hamburg; S. Wesch, DESY, Hamburg","Coherent Micro-Bunching Radiation from Electron Bunches at FLASH in the 10 Micrometer Wavelength Range",397 400,
tupph070,"J. Zemella, V. R. Arsov, M. Felber, K. E. Hacker, F. Loehl, F. Ludwig, K.-H. Matthiesen, H. Schlarb, B. Schmidt, DESY, Hamburg; S. Schulz, Uni HH, Hamburg; A. Winter, DESY, Hamburg","Drift-Free, Cost-Effective Detection Principle to Measure the Timing Overlap between Two Optical Pulse Trains",401 404,
tupph072,"S. Khan, A. Azima, J. Boedewadt, H. Delsim-Hashemi, M. Drescher, Uni HH, Hamburg; S. Düsterer, J. Feldhaus, T. Laarmann, Th. Maltezopoulos, DESY, Hamburg; A. Meseck, BESSY GmbH, Berlin; V. Miltchev, M. Mittenzwey, J. Rossbach, Uni HH, Hamburg; H. Schlarb, DESY, Hamburg; R. Tarkeshian, M. Wieland, Uni HH, Hamburg","sFLASH: An Experiment for Seeding VUV Radiation at FLASH",405 408,
tupph073,"S. Liu, IHEP Beijing, Beijing; S. Araki, M. K. Fukuda, N. Terunuma, J. Urakawa, KEK, Ibaraki","Laser Profile Shaping and Emittance for the Photocathode Injector",409 412,
tupph076,"G. Berden, FOM Rijnhuizen, Nieuwegein; W. A. Gillespie, University of Dundee, Nethergate, Dundee, Scotland; S. P. Jamison, STFC/DL/ASTeC, Daresbury, Warrington, Cheshire; A. MacLeod, UAD, Dundee; P. J. Phillips, University of Dundee, Nethergate, Dundee, Scotland; B. Schmidt, P. Schmüser, B. Steffen, DESY, Hamburg; A. F.G. van der Meer, FOM Rijnhuizen, Nieuwegein","Electro-optic Techniques for Longitudinal Electron Bunch Diagnostics",413 416,
tupph077,"K. Chouffani, F. Harmon, IAC, Pocatello; S. Naeem, ISU, Pocatello, Idaho; D. Wells, IAC, Pocatello","Generation and Application of Laser-Compton Scattering (LCS) from Relativistic Electron Beams",417 420,
tupph078,"R. Amirikas, A. Bertolini, J. Eschke, B. Faatz, M. Lomperski, DESY, Hamburg","Vibration Stability Studies of a Type III+ XFEL/FLASH Superconducting Accelerating Module Operating at 2K",421 424,
tupph079,"Ye. Ivanisenko, C. H. Boulware, L. Staykov, F. Stephan, DESY Zeuthen, Zeuthen","Slice Emittance Measurements Using an Energy Chirped Beam in a Dispersive Section at PITZ",425 428,
tupph080,"G. Lambert, LOA, Palaiseau; M. Bougeard, B. Carré, CEA, Gif-sur-Yvette; O. V. Chubar, M.-E. Couprie, SOLEIL, Gif-sur-Yvette; D. Garzella, O. B. Gobert, CEA, Gif-sur-Yvette; T. Hara, RIKEN/SPring-8, Hyogo; T. Ishikawa, RIKEN Spring-8 Harima, Hyogo; H. Kitamura, RIKEN/SPring-8, Hyogo; M. Labat, H. Merdji, P. Salieres, CEA, Gif-sur-Yvette; T. Shintake, RIKEN/SPring-8, Hyogo; K. Tahara, Y. T. Tanaka, RIKEN Spring-8 Harima, Hyogo; T. Tanikawa, UVSOR, Okazaki; M. Yabashi, RIKEN/SPring-8, Hyogo","FEL Emissions at 160 nm in Seeded Configuration on the SCSS Test Accelerator",429 431,
tupph081,"D. Li, K. Imasaki, ILT, Suita, Osaka; G. S. Park, SNU, Seoul; Z. Yang, UESTC, Chengdu, Sichuan","Smith-Purcell Free-Electron Laser with Sidewall Grating",432 434,
tupph082,"A. Maekawa, The University of Tokyo, Nuclear Professional School, Ibaraki-ken; H. Tomizawa, JASRI/SPring-8, Hyogo-ken; M. Uesaka, The University of Tokyo, Nuclear Professional School, Ibaraki-ken","Generation of Radial Polarized Laser Beam and its Applications for Accelerator",435 438,
tupph083,"D. Li, ILT, Suita, Osaka; S. Amano, K. Horikawa, NewSUBARU/SPring-8, Laboratory of Advanced Science and Technology for Industry (LASTI), Hyogo; K. Imasaki, ILT, Suita, Osaka; K. Ishihara, S. Miyamoto, T. Mochizuki, NewSUBARU/SPring-8, Laboratory of Advanced Science and Technology for Industry (LASTI), Hyogo","Positron Generation through Laser Compton Scattering Gamma-ray",439 441,
tupph084,"K.-H. Park, PAL, Pohang, Kyungbuk; J.-S. Chai, KIRAMS, Seoul; B.-K. Kang, POSTECH, Pohang, Kyungbuk; J. Kang, KIRAMS, Seoul; D. E. Kim, Y. G. Young-Gyu, Y. D. Yun, PAL, Pohang, Kyungbuk","Field Mapping System for KIRAMS-30 Cyclotron Magnet",442 444,
tupph085,"S.-H. Jeong, J. Choi, D. E. Kim, K.-H. Park, PAL, Pohang, Kyungbuk","Digital Power Supply for Air Core Magnet",445 447,
tupph087,"P. J.M. van der Slot, K.-J. Boller, R. A. Loch, M. J.H. Luttikhof, L. G. Prodan, M. Tesselaar, Mesa+, Enschede; J. W.J. Verschuur, Twente University, Laser Physics and Non-Linear Optics Group, Enschede","Real-Time Ellipsometry for Monitoring the Growth of Cesium-Telluride Photocathodes",448 451,
tupph088,"M. White, J. T. Collins, M. S. Jaski, G. Pile, S. Sasaki, S. E. Shoaf, S. J. Stein, E. Trakhtenberg, I. Vasserman, J. Z. Xu, ANL, Argonne, Illinois","Magnets, Supports, and Controls for the Linac Coherent Light Source (LCLS) Undulator System",452 454,
tupph089,"D. R. Walters, J. L. Bailey, W. Berg, P. K. Den Hartog, J. Erdmann, S.-H. Lee, R. M. Lill, J. W. Morgan, G. Pile, W. F. Toter, E. Trakhtenberg, G. E. Wiemerslage, B. X. Yang, ANL, Argonne, Illinois","Vacuum and Beam Diagnostics for the Linac Coherent Light Source (LCLS) Undulator System",455 458,
