,"B. McDaniel","The Commissioning and Performance Characteristics of CESR",1984 1989,
,"J.R. Rees","The PEP Storage Ring-Current Status",1989 1994,
,"S. van der Meer","Stochastic Cooling in the CERN Antiproton Accumulator",1994 1999,
,"R.H. Stokes, K.R. Crandall, T.P. Wangler","The Radio-Frequency Quadrupole-A New Linear Accelerator",1999 2004,
,"W.M. Brobeck","Early Days at the Radiation Laboratory",2004 2007,
,"D.E. Young","The Fermilab Proton-Antiproton Collider",2008 2013,
,"K. Blasche, D. Boehne, B. Franczak, B. Franzke, C. Riedel","SIS-A Two Stage Synchrotron Facility for Heavy Ions",2013 2016,
,"H. Wiedemann","The Slac-Linac-Collider (SLC)  Project",2016 2020,
,"B.H. Wiik","HERA, A New Stage in Colliding Beam Facilities",2020 2025,
,"J. Rossbach,  PETRA Storage Ring Group","New Developments at PETRA",2025 2028,
,"A. Skuja,  CHEER Group","The Status of CHEER",2028 2031,
,"K.M. Terwilliger, J.A. Bywater, E.D. Courant, D.G. Crabb, A. Feltman, M. Fujisaki, A.D. Krisch, R. Lambiase, R.J. Lari, Y.Y. Lee, L.G. Ratner, R.D. Ruth, L.W. Smith","Acceleration of Polarized Protons in the Brookhaven AGS",2031 2034,
,"D. Neuffer","Design of Muon Storage Rings for Neutrino Oscillations Experiments",2034 2037,
,"J.E. Griffin, J.F. Bridges, J.A. MacLachlan","Preparation and Study of Bunches Containing 10<sup>11</sup>Protons in the Fermilab Main Ring",2037 2040,
,"J.E. Griffin, J.F. Bridges, J.A. MacLachlan","Review of the Fermilab Main Ring Accelerator Study Program as Directed to the PPbar Program",2040 2043,
,"A.M. Baldin, Yu. D. Beznogikh, E.D. Donets, I.B. Issinsky, L.G. Makarov, V.A. Monchinsky, V.A. Popov, I.N. Semenyushkin, V.F. Sikolenko, V.I. Volkov, L.P. Zinoviev","Present-Day Status of the Synchrophasotron as a Nuclear Accelerator",2043 2046,
,"F.R. Huson","A 120-GeV Superbooster for Fermilab",2046 2049,
,"M. Boutheon, R. Cappi, H. Haseroth, C.E. Hill, J.-P. Koutchouk","Acceleration and Stacking of alpha Particles in the CERN Linac, PS and ISR",2049 2052,
,"T. Kamei, Y. Kimura","KEK Accelerator Facilities and Tristan Project",2052 2055,
,"B. Autin, R. Billinge, R. Brown, G. Carron, C. Johnson, E. Jones, H. Koziol, C. Leemann, T.R. Sherwood, E.J.N. Wilson, S. van der Meer","Beam Optics Studies on the Antiproton Accumulator",2055 2058,
,"D.E. Nagle","Prospects for Pion and Kaon Factories",2060 2062,
,"J.H. Ormrod","Overview of Superconducting Cyclotron Projects",2062 2067,
,"S. Penner","CW Electron Accelerators for Nuclear Physics",2067 2074,
,"M.A. Green, E.M. Rowe, W.S. Trzeciak, W.R. Winter","Design and Operation of the 100 MeV  Alladin Microtron Injector",2074 2077,
,"T.K. Khoe, Y. Cho, R.J. Holt, H.E. Jackson, G.S. Mavrogenes","The Design of the Argonne Double-Sided Microtron",2077 2080,
,"R.C. York, J.S. McCarthy, B.E. Norum, J.C. Sheppard","A Proposal for a High Current, High Duty Factor Electron Accelerator",2080 2083,
,"R.S. Lord, J.B. Ball, R. M. Beckers, T.P. Cleary, E.D. Hudson, C.A. Ludemann, J.A. Martin, W.T. Milner, S.W. Mosko, N.F. Ziegler","Coupled Operation of the Oak Ridge Isochronous Cyclotron and the 25 MV Tandem",2083 2086,
,"Y. Hirao","Operation of TARN",2086 2089,
,"C.E. Thorn, A. J. Baltz, C. Chasman","New Magnet Pole Shape for Isochronous Cyclotrons",2089 2092,
,"J.A. Martin, J.B. Ball, J.K. Ballou, R.L. Brown, T.P. Cleary, W.H. Gray, E.D. Hudson, P.S. Litherland, R.S. Lord, C.A. Ludemann, G.S. McNeilly, S.W. Mosko, F.W. Nehrig, S.W. Schwenterly, T.A. Welton","Superconducting Conversion of the Oak Ridge Isochronous Cyclotron",2092 2095,
,"E. Acerbi, F. Aghion, G. Baccaglioni, G. Bellomo, C. Birattari, M. Castiglioni, C. De Martinis, E. Fabrici, C. Pagani, F. Resimini, A. Salomone, G. Varisco","The Milan Superconducting Cyclotron Project",2095 2098,
,"A. J. Baltz, C. Chasman, C.E. Thorn","Spiral Design and Beam Dynamics for a Variable Energy Cyclotron",2098 2101,
,"M.J. LeVine, C. Chasman","Heavy Ion Injection from Tandems into an Isochronous Cyclotron",2101 2104,
,"C.W. Potts, F.R. Brumwell, Y. Cho, A.V. Rauchas, G.J. Volk","Status Report on the Rapid Cycling Synchrotron",2104 2107,
,"H. Daniel, G. Graw, G. Hinderer, F. Hinterberger, E. Huenges, H. Koerner, P. Kienle, H. Morinaga, E. Nolte, H.J. Scheerer, U. Schneider, W. Schott, S. Skorka, U. Trinks, W. Wiedemann, W. Wilhelm, E. Zech, R. Zierl","Design Status of the Munich Cyclotron SuSe",2107 2110,
,"H.B. Knowles, R.F. Hartley","Air Core Betatrons Reexamined",2110 2113,
,"P. Axel, L.S. Cardman, R.A. Daniel, A.O. Hanson, R.A. Hoffswell, D. Jamnik, R.M. Laszewski, D.C. Sutton, A.M. Vetter","Plans for a Two Stage 450 MeV Cascade Microtron",2113 2116,
,"B. Franzke","Vacuum Requirements for Heavy Ion Synchrotrons",2116 2119,
,"Y. Cho, R.J. Holt, H.E. Jackson, T.K. Khoe, G.S. Mavrogenes","A Conceptual Design of a Linac-Stretcher Ring to Obtain a 2-GeV Continuous Electron Beam",2119 2122,
,"A. Chabert, G. Gendreau, P. Lapostolle, P. Yvon","Bunch Length Compression Inside a Separated Sector Isochronous Cyclotron and Related Problems",2122 2125,
,"G.H. Rees","Features of the Beam Dynamics for the SNS Synchrotron",2125 2128,
,"J.I.M. Botman, H.L. Hagedoorn","Median Plane Effects in the Eindhoven AVF Cyclotron",2128 2131,
,"A. Hofmann","Electron and Proton Beam Diagnostics with Synchrotron Radiation",2132 2137,
,"J.S. Fraser","Developments in Non-Destructive Beam Diagnostics",2137 2142,
,"R. Melen","A New Generation Control System at SLAC",2142 2147,
,"T. Linnecar, W. Scandale","A Transverse Schottky Noise Detector for Bunched Proton Beams",2147 2150,
,"R. Frankel, W. Buxton, K. Kohler, R. Warkentien, A. White",""Relway": A Process Data Highway System Optimized for Accelerators",2150 2153,
,"J.R. Zagel, D. Bogert, L.J. Chapman, R.J. Ducar, J.C. Gannon, M. Harrison, G. Johnson, M. Martin, S. Segler","Tevatron Satellite Refrigeration Control Subystem",2153 2155,
,"M.J. Lee, C. Blocker, A.W. Chao, R.H. Helm, R.J. Hollebeek, T. Knight, J. Nowak, J.L. Siegrist, J.E. Spencer, R.F. Stiening, T. Sun, H. Wind, C.Y. Yao","Mathematical Models for the Control Program of SLAC Linear Collider",2155 2158,
,"D.W. Reid, R.S. Biddle, M.V. Fazio, H.A. Jackson, R.D. Patton, D. Riggin","A 360 Degree Digital Phase Detector with 100 KHZ Bandwidth",2158 2160,
,"W. Ebeling","Fast Beam Profile Measurement",2160 2162,
,"A.P. Sabersky","Optical Beam Diagnostics on PEP",2162 2165,
,"H. Pines, F. Selph","Automatic Tuning of the LBL Bevalac Transfer Line",2165 2168,
,"R.J. Pasquinelli","Snapshot Digitizer System for Fermilab Main Accelerator",2168 2171,
,"W. Praeg, D. McGhee, G. Volk","Phase Lock of Rapid Cycling Synchrotron and Neutron Choppers",2171 2174,
,"S.L. Kramer, D.R. Moffett","Measuring Beam Emittance for High-Energy H<sup>-</sup> Accelerators",2174 2177,
,"R. Gerig, C. Moore, S. Pruss","Beam Quality Measurements in Fermilab Main Ring",2177 2180,
,"A. Barisy, R. Bellone, R. Blanchard, J. Camas, L. Evans, G. Ferioli, R. Hopkins, P. Sievers, J.P. Zanasco","A Transverse Beam Profile Monitor for p-pbar Studies in the CERN SPS",2180 2183,
,"E. Bozoki, B.B. Culwick, J.D. Smith","Status of the National Synchrotron Light Source Control System",2183 2186,
,"G. Gelato, H. Koziol, M. Le Gras, D.J. Williams","The Closed Orbit Observation System of the CERN Antiproton Accumulator",2186 2189,
,"S. Battisti, P. Heymans, J. Kenaghan, J. Philippe, F. Rohner, E. Sigaud","A Flexible Wide-Band Analouge Network for Direct Signal Display on Operator Consoles",2189 2192,
,"G.P. Benincasa, F. Giudici, P. Skarek","Fast Synchronous Beam Property Modulation Using a Large Distributed Microprocessor System",2192 2195,
,"J. Boillot, G. Daems, P. Heymans, M. Overington","Pulse-to-Pulse Modulation of the Beam Characteristics and Utilization in the CERN PS Accelerator Complex",2195 2198,
,"W.T. Chu, J.R. Alonso, C. A. Tobias","Heavy Ion Beam Studies and Imaging with a Multiplane Multiwire Proportional Chamber",2198 2201,
,"S. Magyary, R. Benjegerdes, D. Brodzik, M. Fahmie, J. Glatz, J. Hinkson, H. Lancaster, A. Ritchie, F. Selph, C. Timossi","Operating Experience with a New Accelerator Control System Based upon Microprocessors",2201 2204,
,"D. Bogert, L.J. Chapman, R.J. Ducar, S.L. Segler","The Tevatron Control System",2204 2207,
,"M.H.R. Donald, C. Blocker, A.W. Chao, R.J. Hollebeek, M.J. Lee, J.E. Lindstadt, J.L. Siegrist, N. Spencer","Some Schemes for On-Line Correction of the Close Orbit, Dispersion and Beta Functions in PEP",2207 2210,
,"J.D. Fox, M.E.B. Franklin","A Luminosity Monitor at PEP",2210 2213,
,"R. Koontz, T. McKinney, R. Miller, A. Wilmunder","SLAC Collider Injector, RF Drive Synchronization and Trigger Electronics and 15 Amp Thermionic Gun Development",2213 2216,
,"P. Strehl, G. Englert, M. Hartung, H. Horneff","A New Emittance Measuring Device of the Unilac",2216 2219,
,"T. Hardek, W. Kells, H. Lai","Very Low Intensity Storage-Ring Profile Monitor",2219 2222,
,"S.R. Deiss, R.W. Downing, D.B. Gustavson, R.S. Larsen, C.A. Logg, L. Paffrath","Applicability of the Fastbus Standard to Distributed Control",2222 2225,
,"G. Shering, V. Hatton","Operational Experience Using the SPS Control System",2225 2228,
,"W. de Vries, L.J. Oostrijk, M. de Lange","The MEA Computer Control Network",2228 2231,
,"G.N. Minerbo, R.A. Jameson, O.R. Sander","Four-Dimensional Beam Tomography",2231 2234,
,"J.M. Salome, R. Forni","Measurements of Microbunch Energy Spectra on a S-Band Electron Linac",2234 2237,
,"A. Browman","LAMPF Hardware Beam Transmission Monitor Systems",2237 2240,
,"E.F. Higgins, Jr., C. Moore","Longitudinal Beam Signal Processing for the Fermilab Beam Quality Monitor",2240 2243,
,"V. Agoritsas","A Sealed Metal Argon Ionization Chamber (Argonion)",2243 2246,
,"R. Frankel, A. Herman, P. Stattel, R. Warkentien","Process Control for the Isabelle System",2246 2249,
,"G. Baribaud, P. Burla, C. Carter, M. Chanel, J. Donnat, P. Heymans, F. Perriollat, J.P. Royer, H. Schoenauer, G. Suberlucq","Conversion of the CERN PS Booster Controls: Local Hardware Test and Accelerator Study Facilities",2249 2252,
,"R.M. Suyama, J.A. Johnson, D.R. Machen","The FMIT Facility Control System",2252 2255,
,"M. Cornacchia, J.M. Wang","Theoretical Treatment of Transverse Feedback Systems with Memory",2255 2258,
,"D. Blechschmidt, B. Carpenter, A. Daneels, T. Dorenbos, H. Kugler, T. Pettersson, J.-P. Riunaud, G. Shering, A. van der Schueren","Controls for the Antiproton Accumulator",2258 2261,
,"J. Boillot, M. Boutheon, D. Dekkers, J.P. Delahaye, B. Frammery, L. Henny, J.P. Potier, J.P. Riunaud, V. Schou, C. Steinbach","Operation-Oriented Computer Controls for CERN PS Complex",2261 2264,
,"M. Cornacchia, J.W. Humphrey, J. Niederer, J.H. Poole","The Isabelle Accelerator Software, Control System and Beam Diagnostic Philosophy",2264 2267,
,"G. Baribaud, S. Battisti, G.P. Benincasa, J. Boillot, M. Boutheon, R. Cailliau, B. Carpenter, J. Cuperus, G. Daems, A. Daneels, R. Debordes, J.P. Delahaye, B. Frammery, A. Gagnaire, D. Hallberg, W. Heinze, P. Heymans, H. Kugler, B. Kuiper, M. Martini, F. ","Start-up of the New CPS Controls System and Switch-Over of the 800 MeV Booster Controls",2267 2270,
,"C. Carter, C. Christiansen, J. Donnat, G. Gelato, M. Le Gras, H. Schoenauer, D.J. Williams","The Transverse Feedback System for the CERN  PS Booster",2270 2273,
,"W.S. Trzeciak","Aladdin Computer Control System",2273 2276,
,"R. Wada, J.R. Alonso","Metallic Wedge Degraders for Rapid Energy Measurement of Bevalac Heavy Ion Beams",2276 2279,
,"K.C. Crebbin","Beam Energy Measurements at the Bevalac",2279 2282,
,"V. Davidson, R. Johnson","Present SLAC Accelerator Computer Control System Features",2282 2285,
,"W. Ebeling","The Transverse Feedback System in DESY",2285 2287,
,"W. Radloff","The New Beam Position Measurement System for the DESY Synchrotron",2287 2290,
,"R.E. Shafer, T.H. Nicol, R.C. Webber","Fermilab Energy Doubler Beam Position Detector",2290 2293,
,"J.M. Brennan, J. Hasstedt, J.W. Noe, C. Pancake, A. Scholldorf, G.D. Sprouse","Control System for the Stony Brook Superconducting Heavy Ion Linac",2293 2296,
,"C.W. Olson, J.M. Paterson, J.-L. Pellegrin, J.R. Rees","Operation of the PEP Transverse Beam Feedback",2296 2299,
,"A.T. Brousseau, D.D. Chamberlin","FMIT Direct-Current Beam Monitor",2299 2301,
,"R.J. Ducar","Tevatron Serial Data Repeater System",2301 2303,
,"R.J. Ducar","A CAMAC Serial Crate Controller for the Tevatron Accelerator",2303 2305,
,"J.R. Zagel, L.J. Chapman","A Vacuum Control Subsystem for the Fermilab Tevatron",2305 2308,
,"E.F. Higgins, F.D. Wells","A Beam Position Monitor System for the Proton Storage Ring at LAMPF",2308 2311,
,"D. Beechy, D. Bogert, S. Segler, T. Watts","A Microprocessor Based Function Generator for Superconducting Dipole Correction Coils",2311 2314,
,"B.R. Sandberg","A Novel Current Monitor for DC and Modulated Magnets in the Proton Storage Ring",2314 2317,
,"M.A. Allen, L.G. Karvonen, R.A. McConnell, H. Schwarz","Operation of PEP Longitudinal Feedback System",2317 2320,
,"J.-L. Pellegrin, H. Schwarz","Control Electronics of the PEP RF System",2320 2323,
,"S.P. Jachim, R.E. Shafer, R.C. Webber","An RF Beam Position Measurement Module for the Fermilab Energy Doubler",2323 2326,
,"R.J. Pasquinelli","60 MHZ 6 Bit Digital to Analog Converters for the Super Beam Damper of the Fermilab Main Accelerator",2326 2328,
,"K.C.D. Chan, R.T.F. Bird, M.F. Coulas, J. McKeown, Y.M. Shin","Experiments with Beam Position Sensors",2328 2331,
,"A.V. Rauchas, F.R. Brumwell, Y. Cho, W. S. Czyz, G.R. Gunderson, M.J. Knott, D.E. Suddeth, G.J. Volk","Betatron Tune Measurement at the Argonne Rapid Cycling Synchrotron",2331 2334,
,"R.Y. Cui","A Radial Signal Process Method for the BPS Booster LLRF Control System",2334 2336,
,"R.Y. Cui, S.C. Zhong, C.G. Zhou","The Low-Level RF Beam Controlled System for the Booster of the Beijing Proton Synchrotron (BPS)",2336 2338,
,"A.V. Rauchas, F.R. Brumwell, Y. Cho, W. S. Czyz","Beam Position Measurement System at the Argonne Rapid Cycling Synchrotron",2338 2341,
,"C. Fischer, J.N. Gamble","The Development of an Intelligent Reliable Database Driven Alarm System at the ISR",2341 2344,
,"K. Unser","A Toroidal DC Beam Current Transformer with High Resolution",2344 2347,
,"D.D. Chamberlin, J.D. Gilpatrick, G.N. Minerbo, L.E. Teel","Noninterceptive Transverse Beam Diagnostics",2347 2350,
,"J.M. Bogaty, R. Zolecki","A Spark Protected Ion Source Control and Monitoring System at 1.5 MV",2350 2353,
,"T. Katsura, H. Nakagawa, S. Shibata","Beam Diagnostic Instrumentation in the Photon Factory Storage Ring",2353 2356,
,"H. Ikeda, H. Hirabayashi, S. Kurokawa, M. Takasaki","Control System of Beam Line Magnets in KEK",2356 2359,
,"H. Ikeda, K. Ishii, T. Kamei, T. Katoh, Y. Kimura, S. Kurokawa, S. Shibata, M. Takasaki, S. Takeda, K. Uchino","Design of the Control System of TRISTAN",2359 2362,
,"F.B. Kroes, A. Maaskant, T. Sluyk, J.B. Spelt","Non Intercepting High Resolution Beam Monitors",2362 2365,
,"P.J.T. Bruinsma, K. Bouwknegt, J.B. Spelt","A Low Cost High Resolution DAC System for Magnet Control",2365 2367,
,"A. Maaskant, P.J.T. Bruinsma","A Fast Beam Protection System",2367 2369,
,"M. Prome","The GANIL Control System",2369 2372,
,"W. Merz, R. Dixon, M. Harrison, J. McCarthy","Large Dynamic Range Beam Profile Measurement in a High Background Environment",2372 2375,
,"M. Bergher","An Absolute Calibrator for DCI Beam Current Monitors",2375 2377,
,"H. Frese, G. Hochweller, W. Krechlok, R. Schmitz","FPSS-A Fast Packet Switching System",2377 2380,
,"G. Hochweller, H. Frese, V. Heynen, W. Krechlok","PADAC Multi-Microcomputers Basic Building Blocks for Future Control Systems",2380 2382,
," Machine-Control-Group MKR","Two Years of Experience with the PETRA Control System",2382 2385,
,"R. Forster, T. Hardek, D.E. Johnson, W. Kells, V. Kerner, H. Lai, A.J. Lennox, P. McIntyre, F. Mills, Y. Miyahara, L. Oleksiuk, R. Peters, T. Rhoades, D. Young","Electron Cooling Experiments at Fermilab",2386 2389,
,"R. Cappi, J.P. Delahaye, K.H. Reich","PS Beam Measurements at Flat-Top Fields near Transition Energy",2389 2392,
,"A. Hofmann, J. Jowett, S. Myers","Change of the Energy Distribution in an Electron Storage Ring by a Dipole-Octupole Wiggler",2392 2395,
,"S.B. Vorozhtsov, V.P. Dmitrievsky","Calculation of Beam Injection and Modes of Acceleration for the JINR Phasotron",2395 2399,
,"I. Hofmann","Emittance Growth of Beams Close to the Space Charge Limit",2399 2402,
,"L.C. Teng","Approximate Physical Treatment of the Beam-Beam Effects",2402 2405,
,"R.D. Ruth, J.M. Wang","Vertical Fast Blow-up in a Single Bunch",2405 2408,
,"R.A. Jameson","Beam-Intensity Limitations in Linear Accelerators",2408 2413,
,"C. Pellegrini","Longitudinal Instabilities in Circular Accelerator and Storage Rings",2413 2420,
,"S. Tazzari","Beam-Beam Interactions:  A Summary of Experimental Evidence",2420 2425,
,"E. Close, W.B. Herrmannsfeldt","Numerical Simulation of the Transport of Intense Beams of Heavy Ions in an Electrostatic Quadrupole System",2425 2428,
,"M.A. Green","Orbit Studies for the 100 MeV Aladdin Racetrack Microtron Injector",2428 2431,
,"R.E. Meller, R.H. Siemann","Coherent Normal Modes of Colliding Beams",2431 2434,
,"D. Neuffer","Collective Longitudinal Motion in Intense Ion Beams",2434 2437,
,"R. Siemann","Instability Growth Rate Calculations for High Energy Storage Rings",2437 2440,
,"A. Piwinski","Computer Simulations of the Beam-Beam Interaction and Measurements with PETRA",2440 2443,
,"R.A. Sacks, E.P. Colton","Improvements to PARMILA",2443 2446,
,"D. Rice, K. Adams, M. Billing, E. Blum, R. Littauer, B. McDaniel, R. Meller, D. Morse, S. Peck, S. Peggs, J. Seeman, R. Siemann, R. Talman, M. Tigner, E. vonBorstel","Single Bunch Current Dependent Phenomena in CESR",2446 2449,
,"A.P. Sabersky, M.H.R. Donald","Modes on a Short Spear Bunch as Observed with a Streak Camera",2449 2452,
,"J.E. Clendenin, G.A. Loew, R.H. Miller, J.-L. Pellegrin, J.B. Truher","Single Bunch Beam Measurements for the Proposed SLAC Linear Collider",2452 2455,
,"R.L. Hogrefe, T.W. Hardek, K.D. Kellogg, R.S. Konecny, S.L. Kramer, J.D. Simpson, D.E. Suddeth","ANL Stochastic Cooling Experiments Using the FNAL 200-MeV Cooling Ring",2455 2459,
,"W. Kells","Advanced Stochastic Cooling Mechanisms",2459 2462,
,"J.J. Bisognano, S. Chattopadhyay","Stochastic Cooling of Bunched Beams",2462 2465,
,"S. Chattopadhyay, A. Faltens, L. Smith","Study of the Beam Breakup Mode in Linear Induction Accelerators for Heavy Ions",2465 2468,
,"A. Garren, I. Haber, G. Krafft"," Focusing of Heavy Ion Beams on a Fusion Target",2468 2471,
,"G.R. Lambertson, J. Bisognano, W. Flood, K. Kim, C. Leemann, B. Leskovar, C.C. Lo, R. Main, R. Reimers, L. Smith, J. Staples","Experiments on Stochastic Cooling of 200 MeV Protons",2471 2474,
,"J.C. Denard, J. Le Duff, M.P. Level, P.C. Marin, E.M. Sommer, H. Zyngier","Collective Effects on DCI",2474 2477,
,"T.-S.F. Wang, L. Smith","Transverse-Longitudinal Coupling in Intense Beams",2477 2480,
,"T.A. Welton, T. Nichols","Orbit Dynamics in Isochronous Cyclotrons",2480 2483,
,"H.H. Lai","A Design of a Slot Type Pick-up for Stochastic Cooling of a Coasting Beam",2483 2486,
,"R. Gerig, C. Moore, S. Pruss","Measurement and Compensation of Coherent Laslett Tune Shifts in the Fermilab Main Ring",2486 2488,
,"R. Gerig, C. Moore, S. Pruss","Measurement of Incoherent Laslett Tune Shifts in the Fermilab Main Ring",2488 2491,
,"S. Ohnuma","Comments on Stable Motions in Nonlinear Coupled Resonances",2491 2494,
,"D. Neuffer, A. Riddiford, A.G. Ruggiero",""Arnold Diffusion" and Diffusion Enhancement by the Beam-Beam Interaction",2494 2497,
,"J.-Y. Hemery, A. Hofmann, J.-P. Koutchouk, S. Myers, L. Vos","Investigation of the Coherent Beam-Beam Effects in the ISR",2497 2500,
,"Y.B. Chen, X. Xie","Duality Theorem of Nonstatistical and Statistical  Beam Phase Spaces",2500 2503,
,"S. Myers","Beam-Beam Simulation for LEP",2503 2506,
,"G. Guignard","Beam-Beam Limit as a Function of the Damping Time in Electron Rings",2506 2509,
,"W.P. Lysenko, E.A. Wadlinger","Three-Dimensional Space-Charge Calculation Method",2509 2513,
,"J. Bisognano, I. Haber, L. Smith, A. Sternlieb","Non-Linear and  Dispersive Effects in the Propagation and Growth of Longitudinal Waves on a Coasting  Beam",2513 2516,
,"W.P. Lysenko","Matching Bunched Beams to Alternating Gradient Focusing Systems",2516 2519,
,"W. Namkung, J. D. Lawson, P. Loschialpo, M. Reiser, J. Suter","First Results of the University of Maryland Electron Beam Transport Experiment",2519 2522,
,"D.R. Douglas, A.J. Dragt","Charged Particle Beam Transport Using Lie Algebraic Methods",2522 2525,
,"P.B. Wilson, K.L.F. Bane, K. Satoh","A Computer Simulation of Longitudinal Single-Bunch Effects in Electron-Positron Storage Rings",2525 2528,
,"B. Jecko, A. Papiernik","Radiation Losses due to the Interaction of Charged Particles with Conducting Bodies",2528 2531,
,"J.N. Galayda","Edge Focusing",2531 2534,
,"S. Giordano, J. Votruba","A Method of Measuring and Calculating the Longitudinal Microwave Coupling Impedance of ISABELLE",2534 2537,
,"B. Chen, S. Chen, E.J.N. Wilson, B. Zotter","A Survey of Collective Instabilities for Electron, Proton and Antiproton Beams in the SPS",2537 2540,
,"V.P. Belov, I.A. Shukeilo","Cyclic Motion of Heavy Ions with Charge Spread",2540 2543,
,"A. Pascolini, M. Pusterla","A New Mathematical Method in the Non-Linear Beam-Beam Interaction",2543 2546,
,"G. Hemmie, M. Leneke","Reduction of the Horizontal Antidamping in the DESY Electron Synchrotron",2546 2549,
,"G. Parzen","Effect of the Higher Field Multipoles in Superconducting Magnets on the Good Field Aperture",2549 2552,
,"W.J. Gallagher","Space Charge Expansion of Single Packets of Charge",2552 2555,
,"M. Cornacchia, G. Parzen","Effect of a Spectrometer Magnet on the Beam-Beam Interaction",2555 2558,
,"E. Ezura, E.C. Raka","Calculations of Capture Efficiency of the Debunched Stack in ISABELLE",2558 2561,
,"J. Seeman, K. Adams, M. Billing, E. Blum, J. Gareyte, J. Kirchgessner, R. Littauer, B. McDaniel, R. Meller, S. Peck, S. Peggs, D. Rice, G. Rouse, R. Siemann, R. Sundelin, R. Talman, M. Tigner, E. vonBorstel","A Single Beam Multibunch Instability at CESR",2561 2563,
,"Y. Mizumachi, K. Muto","RF Phase Shake and Counterphasing at Phase Transition",2563 2566,
,"T. Suzuki","On the Coupling Impedance of a Resonant Cavity",2566 2568,
,"K.L. Brown, J.E. Spencer","Non-Linear Optics for the Final Focus of the Single Pass Collider",2568 2571,
,"C.Y. Yao, A.W. Chao","Estimate of Coherent Tune Shift for PEP",2571 2574,
,"S. Fenster, G. Bart, H. Takeda","Multiturn Injection",2574 2577,
,"S. Fenster, T. Dann, A. Moretti","Synchrotron Improvements with Shed Waveform",2577 2580,
,"R.L. Warnock, G.R. Bart, S. Fenster","Longitudinal Stability of a Coasting Beam in a Corrugated Vacuum Chamber",2580 2583,
,"W. Kells, F. Krienen, P. McIntyre, F. Mills, L. Oleksiuk, J. Peoples","Electron Cooling for the Fermilab pbar  Source",2583 2585,
,"Y. Cho, A.V. Rauchas","Observations and Cure of Head-Tail Effect in the Argonne Rapid Cycling Synchrotron",2585 2587,
,"J.M. Grossman, I. Mayergoyz, C.D. Striffler","Theoretical Studies of Collective Ion Acceleration in Linear Beam-Evacuated Drift Tube Systems",2587 2590,
,"S.R. Farrell, W.J. Gallagher","Particle Dynamics in the Electron Linear Accelerator",2590 2593,
,"J.N. Galayda, L.N. Blumberg, R.N. Heese, H.C.H. Hsieh","Beam Optical Properties of the NSLS Dipoles",2593 2596,
,"M. Inoue","Simple Estimation of Focusing Properties of a Separated Sector Cyclotron with a Soft-Edge and Non-Zero Gradient Field",2596 2599,
,"B. Chen, S. Chen, E.J.N. Wilson","A Computer Simulation of Injection into a Superconducting Synchrotron",2599 2602,
,"B. Zotter","Turbulent Bunch Lengthening and the Microwave Instability",2602 2605,
,"K. Bane, A. Chao, T. Weiland","A Simple Model for the Energy Loss of a Bunched Beam Traversing a Cavity",2605 2608,
,"T. Katayama, T. Nakanishi, S. Yamada","Injection and Accumulation Method in the TARN",2608 2612,
,"A. Noda, A. Garren, T. Hattori, Y. Hirao, T. Hori, T. Katayama, A. Mizobuchi, M. Mutou, H. Sasaki, M. Takanaka","Characteristics of Magnetic Focusing and Chromaticity Correction System for TARN",2612 2615,
,"W.F. Stubbins","Orbit Properties from the First Integral of the Lorentz Force",2615 2618,
,"T.E. Swain","A Synchrotron Frequency Splitting Cavity - Q<sub>s</sub> Cavity - for the SRS Storage Ring",2618 2621,
,"S. Krinsky, R.L. Gluckstern","Higher-Order Terms in a Perturbation Expansion for the Impedance of a Corrugated Wave Guide",2621 2624,
,"C.J.A. Corsten, H.L. Hagedoorn","Uncoupled and Coupled Orbit Motion in a Storage Ring",2624 2627,
,"A.J. Dragt","Exact Numerical Calculation of Chromaticity in Small Rings",2627 2630,
,"E.A. Wadlinger","Buncher System Parameter Optimization",2630 2633,
,"V.A. Polyakov, I.S. Shchedrin","Electron Bunch Space Charge Influence upon Its Energy Spread and Sizes under the Motion in Free Space",2633 2636,
,"M.B. Chen, D.A. Lind","The Numerical Calculation of the Three Dimensional Electrical Field in the Central Region of a Cyclotron",2636 2639,
,"E.F. Parker","Recent Developments in Polarized Ion Sources",2640 2644,
,"J.B. Ball","The New Large Tandem Electrostatic Accelerators",2644 2649,
,"C.K. Sinclair, R.H. Miller","A High Current, Short Pulse, RF Synchronized Electron Gun for the Stanford Linear Accelerator",2649 2652,
,"J. Alessi, A. Hershcovitch, K. Prelec, Th. Sluyters","Development of Multiampere Negative Ion Sources",2652 2655,
,"M.R. Shubaly, R.W. Hamm, R.A. Judd","Beam,  An Improved Beam Extraction and Acceleration Modeling Code",2655 2658,
,"J. Hurd, A. Browman","Transverse Phase Space Time Dependence of LAMPF's High Intensity H Beam",2658 2660,
,"V.O. Kostroun, E.N. Beebe, E. Ghanbari, S.W. Janson","The Cornell Electron Beam Ion Source",2660 2663,
,"M.J. Rhee","Fully Stripped Ion Beams Produced by Pulse Powered Plasma Focus Device",2663 2666,
,"T.C. Christensen, Z.G.T. Guiragossian","Performance of Intense Pulsed Ion Source",2666 2669,
,"Z.G.T. Guiragossian, J.L. Orthel","Multi-Stage Intense Ion Beam Electrostatic Accelerator for ICF",2669 2672,
,"N.F. Ziegler, J.A. Benjamin, J.A. Biggerstaff, C.M. Jones, R.C. Juras, J.E. Mann, E.G. Richardson","Status Report on the Oak Ridge 25 MV Tandem Accelerator",2672 2675,
,"P.F. Schultz, E.P. Colton, V. W. Hughes, A. Kponou, D.R. Moffett","Polarized H<sup>-</sup> Ion Source Development for the AGS",2675 2678,
,"D.R. Moffett, R.L. Barner","An Intense H<sup>-</sup> Source for the IPNS-I Rapid Cycling Synchrotron",2678 2681,
,"D.S. Barton, R.L. Witkover","Negative Ion Source Tests for H<sup>-</sup> Injection at the Brookhaven AGS",2681 2684,
,"B. Gavin, S. Abbott, R. MacGill, R. Sorenson, J. Staples, R. Thatcher","A High Current Pulsed Ion Source for Metallic Ions",2684 2687,
,"E.A. Meyer, D.D. Armstrong, J.D. Schneider","Performance Optimization of a Cusp-Field Ion Source and High-Perveance Extractor",2687 2690,
,"Y. Mori, S. Fukumoto, K. Ito, A. Takagi","A New Type Polarized H<sup>-</sup> Ion Source with Oriented Na Atoms",2690 2693,
,"S. Fukumoto, Z. Igarashi, S. Inagaki, K. Ito, T. Kato, C. Kubota, Y. Mori, A. Takagi, E. Takasaki, T. Takenaka","Polarized Proton Preaccelerator Program",2693 2696,
,"Y. Jongen, C. Pirart, G. Ryckewaert","Ecrevis Construction Progress Report",2696 2699,
,"J.C. Elliott, R.J. Faehl, H.J. Fullbright, D.C. Moir, C.E. Swannack","Intense Low-Emittance Electron-Gun Development at PHERMEX",2699 2702,
,"A.J. Jason, D.W. Hudgings, O.B. van Dyck","Neutralization of H<sup>-</sup> Beams by Magnetic Stripping",2704 2707,
,"P. Brown, H. Frischholz, G. Geschonke, H. Henke, I. Wilson","Development and First Results with a Storage Resonator Enhancing the Shunt Impedance of an Electron Accelerating Cavity",2707 2711,
,"F. Krienen, J.A. MacLachlan","Antriproton Collection from a Production Target",2711 2717,
,"G.B. Frazier, S. Ashby, D. Barrett, L. Demeter, M. Di Capua, D. Osias, R. Ryan, P. Spence, D. Strachan, T. Sullivan","The Design of a 2 TW Pulsed Power Research Facility",2717 2721,
,"S. Adam, W. Joho, P. Lanz, H. Leber, N. Schmid, U. Schryber","First Operation of a Flattop Accelerating System in an Isochronous Cyclotron",2721 2724,
,"A. Jackson,  SRS Accelerator Group","Report on the Daresbury Synchrotron Radiation Source",2724 2729,
,"M. Puglisi, M. Cornacchia","Pulsed RF Operation Analysis",2729 2733,
,"V.L. Granatstein, L.R. Barnett, M.E. Read","Gyrotrons:  Using Relativistic Electronics to Produce High Power, High Efficiency, Millimeter-Wave Sources",2733 2737,
,"T. Jackson","Design and Performance of PEP DC Power Systems",2737 2742,
,"P.B. Wilson","Prospects for Very High Gradients in Linac-Colliders",2742 2749,
,"F.G. Resmini, G. Bellomo, H.G. Blosser, E. Fabrici, D. Johnson","Final Design of the Magnetic Field for the K-800 Superconducting Cyclotron at MSU",2749 2752,
,"M. Plotkin","Isabelle Cavity Gap Assemblies",2752 2755,
,"J. McKeown, S.O. Schriber","Accelerating Structure with On-Axis Couplers for Electron Storage Rings",2755 2758,
,"L.L. Reginato, D. Branum, E. Cook, W. Denhoy, C. Fong, S. Hibbs, D. Kippenhan, E. Moor, M. Newton, W. Pollard, D. Rogers, J. Schmidt, M. Smith, W. Weiss, J. White","Advanced Test Accelerator (ATA) Pulse Power Technology Development",2758 2761,
,"W.E. Fox, R.G. Schamaun","The FMIT Experimental Draft Tube",2761 2764,
,"P.J.T. Bruinsma, E. Heine, J.B. Spelt","Performance of the MEA Solid-State High Duty Factor Modulator",2764 2767,
,"P.F. Meads, Jr.","On the Multiturn Injection of High-Power Beams into an Accumulator Ring",2767 2769,
,"G. Krafczyk, H. Edwards, Q. Kerns, M. May, E. Tilles, F. Turkot","A 3 KG Kicker Magnet System for the Tevatron Beam Abort System",2769 2771,
,"E. Harms, B. Hendricks, G. Lee, T. Williams","Instrumentation for the Tevatron Beam Dump",2771 2774,
,"J. Kidd, N. Mokhov, T. Murphy, M. Palmer, T. Toohig, F. Turkot, A. Van Ginneken","A High Intensity Beam Dump for the Tevatron Beam Abort System",2774 2777,
,"E.R. Close","Numerical Simulation of Survey Misalignment Effects in the ATA Structure",2777 2780,
,"E.M. Rowe","The Aladdin Frequency Accelerating System Power Amplifier: 140 kW at Considerably Less Than a Dollar a Watt",2780 2782,
,"Q. Kerns, M. May, H. Miller, J. Reid, F. Turkot, R.C. Webber, D. Wildman","Energy Saver Prototype Accelerating Resonator",2782 2785,
,"J.A. MacLachlan, G. Nicholls, J. Nicholls, G. Silvestrov, T. Vsevolozhskaya","Pulsed High Current Optics for pbar Production at 5.4 GeV/c",2785 2791,
,"D.W. Hudgings, A.J. Jason","Los Alamos Proton Storage Ring Extraction System",2791 2794,
,"B.T. Leemann, P. Merrill, H.K. Syversrud, R. Wada, R.B. Yourd","A Liquid Film Stripper for High Intensity Heavy Ion Beams",2794 2797,
,"P.J. Tallerico","Status of the Los Alamos Gyrocon",2797 2800,
,"H. Smith, T. Constant, K. Crook, J. Fitch, T. Taylor","Radiation and Electrical Safety Systems for PEP",2800 2803,
,"K. Schindl,  PSB Staff","Upgrading the CERN PS Booster for SPS Multi-Pulse Filling and Antiproton Production",2803 2806,
,"R. Cappi, Ch. Steinbach","Low Frequency Duty Factor Improvement for the CERN PS Slow Extraction Using RF Phase Displacement Techniques",2806 2809,
,"R.J. Yarema","A Four Quadrant  Magnet Power Supply for Superconducting and Conventional Accelerator Applications",2809 2812,
,"D. J. Liska, A.G. Cimabue, T.R. Cole, K.O. Creek, A. Harvey, J.D. King, L.P. Robeson","High Radiation Zone Design of the FMIT High Energy Beam Transport",2812 2815,
,"J.N. Galayda, R.N. Heese, S. Krinsky","Inhomogeneities in Magnetic Field due to Variations of Lamination Gap Heights",2815 2818,
,"H. Kim, F. Crosby, J. Fugitt, R. Johnson","A Unique Space Saving Accelerator Cavity Design",2818 2821,
,"R.C. Potter, D.C. Clark, L.B. Dauelsberg, J.L. Uher","FMIT Beamstop",2821 2823,
,"F. Lothrop, J. Alonso, R. Force, H. Grunder, S. Lewis, R. Miller, M. Tekawa","Physics and Medicine: The Bevatron/Bevalac Experience, 1979-1980",2823 2826,
,"J.R. Alonso, W.T. Chu, T.L. Criswell, D. Geller, J. Howard, M. Nyman, R.P. Singh","Operations Experience at the Bevalac Radiotherapy Facility",2826 2829,
,"G. Stange","A New Type of Pulsed Air-Core Multipoles of Simple Construction",2829 2832,
,"E.S. Rodger, H.L. Weisberg","An Improved Copper Septum Magnet Design",2832 2833,
,"H. Musfeldt, H. Kumpfert, Dr. W. Schmidt","A New Generation of High Power CW-Klystrons for Accelerator and Storage Ring Application, Practical Experience and Aspectrs for Future Developments",2833 2836,
,"G. Hochschild, E. Demmel","RF Power Source Development for the High Current Linear Accelerator of the Spallation Neutron Source (SNQ)",2836 2839,
,"K. Batchelor, J. Galayda, R. Hawrylak","R.F. Cavity Design for the NSLS",2839 2842,
,"M. May, H. Edwards, M. Harrison, R. Isiminger, J. Jagger","Mechanical Design of Lambertson Magnets for Injection into the Energy Saver",2842 2844,
,"R. Sundelin, M. Billing, R. Kaplan, J. Kirchgessner, R. Meller, D. Morse, L. Phillips, D. Rice, J. Seeman, E. vonBorstel","CESR RF System",2844 2847,
,"J.B. Flanz, S. Kowalski, C.P. Sargent","An Isochronous Beam Recirculation Magnet System",2847 2850,
,"D.L. Grisham, J.E. Lambert","Water-Cooled Beam Line Components at LAMPF",2850 2853,
,"G. Mavrogenes, W.J. Gallagher","Investigation of the Disc-and-Washer Structure",2853 2856,
,"M. Foss, W. Praeg","Shaped Excitation Current for Synchrotron Magnets",2856 2859,
,"J. Lisser, K. Bouwknegt","High-Speed High-Precision Programmable Magnet Power Supply for a Wide Range of Magnet Time Constants",2859 2862,
,"R.W. Mueller, H. Deitinghoff, K. Halfmann, P. Junior, H. Klein, K. Langbein, J. Mueller, W. Neumann, A. Schempp","Proton Model of a Heavy-Ion RFQ Linac",2862 2865,
,"H. Klein, H. Deitinghoff, K. Halfmann, P. Junior, A. Schoenlein, A. Schempp","Sparking Tests, and Design Considerations for RFQ - Structures",2865 2867,
,"J.P. Gourber, C.W. Wyss","Prototypes of LEP Bending Magnets with Steel-Concrete Cores",2867 2870,
,"E.P. Colton","Modular Transport Design for FNAL Antiproton Source to Precooler",2870 2873,
,"K. Takata, P. Grand, S. Inagaki, H. Ishimaru, K. Kitagawa, H. Nakanishi, Y. Yamazaki","Disk and Washer Structure for an Electron Storage Ring",2873 2876,
,"T. Lauritzen, R.C. Sah","The PEP Liquid Level System",2876 2879,
,"R. Baartman, J. Beveridge, E.W. Blackmore, M.K. Craddock, D. Dohan, J. Doornbos, G. Dutto, K.L. Erdman, C.J. Kost, R. Laxdal, J.A. MacDonald, G.H. Mackenzie, P.W. Schmor, J.S. Vincent","Beam Developments at TRIUMF",2879 2882,
,"B. Kulke, D.S. Ravenscroft, G.E. Vogtlin","Design and Performance of the 1.5 MV Injector for FXR",2882 2885,
,"P.H. Debenham","End Magnet Design for the NBS-LASL CW Microtron",2885 2888,
,"Y. Cho, J. Madsen, S.-A. Shin, V. Stipp","Measurements of H<sup>0</sup> and H<sup></sup> Ion Yields During H<sup>-</sup> Acceleration in a 50-MEV Linac",2888 2890,
,"W.T. Weng, J.G. Cottingham, H. Foelsche, W. Frey, S. Ghoshroy, C. Schmidt, J. Tuozzolo","The AGS Fast Kicker Magnet System",2890 2893,
,"A. Luccio, M. Puglisi","Beam - and Drive - Controlled Amplifier for the Isabelle Accelerating System",2893 2895,
,"M.V. Fazio, J.M. Potter, D.W. Reid","Experimental Investigation of Heating Phenomena in Linac Mechanical Interfaces from RF Field Penetration",2895 2898,
,"W. Ebeling, H. Gerke, H. Hartwig, M. Nagl, H.P. Scholz, M. Sommerfeld, A. Zolfaghari","The Radiofrequency-Systems of PIA",2898 2901,
,"R. Gerig, H. Pfeffer","Fermilab Power Monitor",2901 2904,
,"M.V. Fazio, W.J. Hoffert, R.D. Patton","A 1-Megawatt  CW RF Power Source for 80 MHz",2904 2907,
,"C.W. Owen, B.C. Brown, J. Crawford, J. Garvey, H. Gerzevske, J. Lackey, K. Meisner, R. Rice","Status of Efforts to Improve the Transverse Properties of the Fermilab Booster",2907 2910,
,"D.C. Hagerman, R.E. Hill, W.T. Hunter, R.J. Macek, O.B. van Dyck","LAMPF Dual-Energy Operation",2910 2912,
,"G.P. Grill, J.R. Tomcavage","125 KW - 52.88 MHz Tetrode Amplifier for the National Synchrotron Light Source",2912 2915,
,"Y. Yamazaki, K. Takata, S. Tokumoto","Damping Test of the Higher-Order Modes of the Re-Entrant Accelerating Cavity",2915 2918,
,"J.Y. Choe, S. Ahn, H.S. Uhm","Broad-Band Operation in a Dielectric Loaded Gyrotron",2918 2921,
,"R.J. Nawrocky, J. Baron, P.A. Montemurro","On the Design of Fast Kickers for the ISABELLE Beam Abort System",2921 2924,
,"A.J. Stevens","Radiation Heating from Beam Loss on ISABELLE Ejection Septa",2924 2928,
,"M.H. Woodle","ISABELLE Superconducting Power Distribution System",2928 2931,
,"L.J. Demeter, G. Frazier, T. Naff","A Low Jitter Triggered Gas Switch to Synchronize Modular Accelerators",2931 2934,
,"R.A. Gough","Use of a Small Off-Line Computer in the Operation of a Versatile Heavy Ion Cyclotron",2934 2937,
,"R.J. Edwards","ISABELLE Magnet Power Supply System Performance Analysis",2937 2940,
,"R.D. Brown, D.L. Grisham","Design and Operation, Water-Cooled Pyrolytic Graphite Targets at LAMPF",2940 2942,
,"W.J. Gallagher","Energy Gain in Resonantly Excited, Slow-Wave Structures",2943 2946,
,"R.L. Cady","The LAMPF 805 MHz RF System",2946 2949,
,"D. Fiander, K. Metzmacher, S. Milner, P. Pearce, A. Poncet, J. Schnuriger, T. Wikberg","The Injection Kicker  System of the CERN Antiproton Accumulator",2949 2952,
,"J.S. Lunsford","Design of a Power Amplifier for the LAMPF Proton Storage Ring Transverse Damper System",2952 2955,
,"J. Fugitt, F. Crosby, D. Howard, R. Johnson, M. Nolan, G. Yuen","A Simplified RF Power System for Wideroe-Type Linacs",2955 2958,
,"R.F. Hoeberling, P.J. Tallerico","Long Pulse Applications of Pulse-Forming Lines for High-Power Linac Applications",2958 2961,
,"J. Hinkson, G. Behrsing, E. Hazelton, W. Hearn, H. Lancaster","A New, Rugged, High Power Cockcroft-Walton Power Supply",2961 2964,
,"O. Sander, A. Browman, E. Bush","Redesign of the LAMPF Transition Region",2964 2967,
,"S.W. Williams, J.M. Potter","Vane Fabrication for the Proof-of-Principle Radio-Frequency Quadrupole Accelerator",2967 2970,
,"H. Narcibeta","High Voltage DC Power Supplies for RF-Klystron-Transmitters in Accelerators and Storage-Rings",2970 2973,
,"R.C. Potter, D.C. Clark, L.B. Dauelsberg, R.J. Grieggs","FMIT Alignment Cart",2973 2976,
,"S.W. Williams, R.F. DePaula, D.R. Keffeler, G.R. Rodenz","Voltage Breakdown in a 420 MHz RFQ Structure",2976 2979,
,"J. Kasagi, S. Angius, E. Kashy","Beam Transport Calculation for K-500 Cyclotron Operation at Michigan State University",2979 2982,
,"T. Antaya, P. Miller, D. Poe","K-500 Superconducting Cyclotron Deflector High Voltage Tests",2982 2985,
,"H. Brown, R. Brown, L. Chimienti, J.W. Glenn, R. Hulliger, E. Jablonski, J. Jahelka, D. Lowenstein, R. Marascia, A. Pendzick, L. Repeta, J. Sandberg, A. Soukas, W. Walker, H. Weisberg, R. Witkover, P. Yamin","The New AGS Slow Beam Switchyard",2985 2988,
,"K.O. Creek, D. J. Liska","D. C. Power System for Deuteron Accelerator",2988 2991,
,"W.J. Coops","FMIT Prototype Linac Tank",2991 2994,
,"K. Bourkland, C. Curtis, G. Lee, G. Tool","Improved FNAL Linac Beam Choppers",2994 2997,
,"T. Dickinson, R.H. Rheaume","RF Power Systems for the National Synchrotron Light Source",2997 3000,
,"C. Moore, C. Ankenbrandt, C. Curtis, R. Gerig, J. Lackey, C. Owen, S. Pruss","Dependence of the Emittances of the Fermilab Injectors on Intensity",3000 3002,
,"H. Gaiser, D. Boehne","Copper Plating of Small Areas in Large Cavities",3002 3004,
,"K. Kaspar, M. Emmerling","Development of the RF Accelerating System for the GSI Heavy Ion Synchrotron",3004 3007,
,"D.L. Grisham, T.S. Baldwin, E.L. Ekberg, J.E. Lambert","Monitor 1981",3007 3010,
,"K.H. Knobbe, D. Boehne","A Megawatt RF Source at 108 MHz",3010 3012,
,"G. Hutter, N. Angert","Improvement of the 108 MHz RF-Amplifiers for the Unilac Alvarez Structure",3012 3014,
,"F. F. Cilyo, F.E. Mills, Y. Miyahara","Active Filter for High Current dc  Magnets",3014 3017,
,"D.E. Suddeth, G.J. Volk","The Rapid Cycling Synchrotron Extraction Kicker Magnet Drive System",3017 3020,
,"C. Potts, M. Faber, G. Gunderson, M. Knott, D. Voss","Tune Control Improvements on the Rapid Cycling Synchrotron",3020 3023,
,"N. Ueda, T. Hattori, T. Hori, E. Tojyo, S. Yamada, K. Yoshida","RF Field Measurement and Its Analysis on a Model Resonator of the Interdigital H Type Linac",3023 3026,
,"L. Degueurce, A. Nakach","Regulation of the Accelerated Intensity in SATURNE",3026 3028,
,"C. Fougeron, V. Gontier, Ph. Leboulicaut, J. Peyromaure","RF System for MIMAS",3028 3031,
,"L. Vos","Automated Injection Procedure for the CERN Intersecting Storage Rings (ISR)",3031 3034,
,"J.-Y. Hemery, F. Lemeilleur, R. Olsen, K. Potter","Background and Luminosity Monitoring at the CERN ISR",3034 3037,
,"S. Oliver","Ten Years Operational Experience with the ISR Power Supplies",3037 3040,
,"Y. Cho, C.W. Potts, A.V. Rauchas, S.-A. Shin, H. Takeda","Study of RF Capture Process in the Argonne Rapid Cycling Synchrotron",3040 3043,
,"A. Moretti, R.J. Lari, J.M. Watson","The Design of a Single Cavity Harmonic Buncher for Argonne's Low Beta Heavy Ion Linac",3043 3046,
,"Y. Cho, E.A. Crosbie, H. Takeda","Determination of Transverse Phase-Space and Momentum Error from Size Measurements along the 50-MeV H<sup>-</sup> RCS Injection Line",3046 3049,
,"T. Katayama, T. Fujino, K. Omata, M. Takanaka, N. Tokuda, S. Watanabe, M. Yoshizawa","RF Stacking System in the TARN",3049 3052,
,"T. Hattori, K. Chida, T. Fujino, Y. Hirao, T. Honma, T. Hori, A. Mizobuch, T. Nakanishi, Y. Ohshiro, K. Sato, S. Yamada, N. Yamazaki","Beam Transport System for Heavy Ion Storage Ring -Tarn-",3052 3056,
,"R.P. Walker","The Operation of Multipole Magnets in the SRS",3056 3059,
,"J.M. Peterson, K.L. Brown, J.B. Truher","Design Features and Operational Characteristics of the PEP Beam-Transport and Injection System",3059 3062,
,"A. Ijspeert, R. Bellone, P. Sievers","The New Internal Beam Dump at the SPS. Temperature and Stress Calculations and Its Design.",3062 3065,
,"J. Claus, H. Foelsche","Extraction for ISABELLE",3065 3068,
,"H. Baba, K. Asaji, A. Kabe, K. Kitagawa, T. Kubo, S. Matsumoto, H. Sato","Improved Dynamic Filters for the Main Ring Magnet Power Supply of the KEK 12 GeV PS",3068 3071,
,"P.J.T. Bruinsma, T. Subrata, A.T. Visser","A Novel Power Supply for High Duty Factor Kicker Magnets",3071 3073,
,"K. Denno","Synchronized Switching Mechanism for the Linear Induction Accelerators",3073 3076,
,"J.G. Noomen, J. Herling, B. Heutenik","A High Resolution Absolute Magnetic Field Measurement System",3076 3078,
,"F. Becchetti, Ch. Chao, B. Martin, R. Michaelsen, B. Spellmeyer, K. Ziegler","Measurement of Charge Exchange Losses in the VICKSI Cyclotron",3078 3080,
,"J.C. Post, J.A.M. Peperkamp","MEA Computer Controlled Personal Access System",3080 3082,
,"J.G. Noomen, N. Geuzebroek, C. Schiebaan","A Modular Cooling System for the MEA High Duty Factor Electron Linac",3082 3085,
,"V.C. Kempson, C.W. Planner, V.T. Pugh","Injection Dynamics and Multiturn Charge-Exchange Injection into the Fast Cycling Synchrotron for the SNS",3085 3088,
,"D. Wolff, C. Briegel, J. Dinkel, H. Pfeffer","Improving Regulation in the Fermilab Main Ring Magnet Power Supply System",3088 3091,
,"J.R. Bettis, J.K. Burton, S.H. Gold, A.H. Guenther, M. Herndon, R.H. Jackson, A.K. Kinkead, E.J. Kobiela, R.K. Parker","Laser-Triggered Switch Modification to VEBA",3091 3094,
,"M. Olivo, U. Rohrer, E. Steiner","An Electrostatic Beam Splitter for the SIN 590 MeV Proton Beam Line",3094 3097,
,"J. Nowak, V. Davidson, L. Genova, R. Johnson, D. Reagan","A Pulse to Pulse Klystron Diagnosis System",3097 3099,
,"G.G. North","Measurement of Asymmetric Flux in the Gap of an Induction Accelerator Module",3099 3102,
,"H.K. Kuhn, J.D. Pahud","The Control Systems for the CERN Super Proton Synchrotron Ring Power Supplies",3102 3105,
,"W.C. Nunnally","Accelerator Power Concepts Using Isolated Transmission Lines",3105 3108,
,"L.C. Teng","Heavy Ion Accelerators for Inertial Fusion",3110 3115,
,"R.L. Kustom","Intense Pulsed Neutron Sources",3115 3120,
,"E.A. Knapp","New Applications of Particle Accelerators in Medicine, Material Sciences, and Industry",3120 3125,
,"P. Morton","Free Electron Lasers",3125 3130,
,"M.M. Nikitin, A.F. Medvedev, M.B. Moiseev","Synchrotron Radiation from Ends of Straight-Linear Interval",3130 3133,
,"G. Dattoli, E. Fiorentino, T. Letardi, A. Marino, A. Renieri","Progress in the FEL Project at the C.N.E.N. Frascati Center",3133 3136,
,"K. Halbach, J. Chin, R. Cronin, E. Hoyer, H. Winick, J. Yang, Y. Zambre","A Permanent Magnet Undulator for SPEAR",3136 3139,
,"C. Bruno, N. Camarcat, J. Cortella, C. Patou, B. Tournier","Pulsed Neutron Source from the Intense Particle Beam Generator THALIE",3139 3142,
,"D.A.G. Deacon, C. Bazin, M. Billardon, P. Elleaume, Y. Farge, J.M.J. Madey, J.M. Ortega, Y. Petroff, K.E. Robinson, M.F. Velghe","Gain Measurement on the ACO Storage Ring Laser",3142 3145,
,"E.M. Rowe, M.A. Green, J.W. Hicks, W.S. Trzeciak, W.R. Winter Jr.","Status of the Aladdin Project",3145 3147,
,"H.R. Hiddleston, S.B. Segall","Prescription for a Gain-Enhanced Free Electron Laser with an Electromagnetic Pump Field",3147 3150,
,"M. Paciotti, J. Bradbury, H. Inoue, O. Rivera, S. Sandford","Beam Characteristics in the LAMPF Biomedical Channel",3150 3153,
,"The ESRF Machine Sub-Group","The 'All Wiggler' Synchrotron Radiation Source",3153 3156,
,"H. Boehmer, M.Z. Caponi, J. Edighoffer, S. Fornaca, J. Munch, G. Neil, B. Saur, C. Shih","An Experiment on FEL Efficiency Enhancement with a Variable Wiggler",3156 3160,
,"M.D. Nahemow","Modeling a Heavy Ion Driver for an ICF Power Plant",3160 3163,
,"R.N. Heese","Status of the National Synchrotron Light Source Project",3163 3166,
,"J.P. Blewett, L. Blumberg, A.J. Campillo, R.P. DiNardo, H.C. Hsieh, S. Krinsky, A. Luccio, C. Pellegrini, J. Schuchman, P.Z. Takacs, A. Van Steenbergen","Free Electron Laser Experiment at the NSLS 700 MeV Electron Storage Ring",3166 3169,
,"A.N. Didenko, A.R. Borisov, G.R. Fomenko, A.V. Kozevnikov, G.V. Melnikov, Yu.G. Stein, A.G. Zerlitsin","Free Electron Lasers based on High Current Electron Beam",3169 3172,
,"R.D. Brown, C.F. Hansen","A New Stringer for the LAMPF Radiation Effects Facility",3172 3175,
,"M. Watanabe, T. Katayama, M. Kihara, O. Matsudo, K. Sakai, K. Takami, A. Uchida, K. Yoshida","Design of UVSOR Light Source at IMS",3175 3178,
,"R.A. Sacks, R.C. Arnold","Computation of Intrabeam Charge Exchange Rate",3178 3181,
,"M.H. Foss","A Conceptual Design for an Accelerator System for a Very High-Intensity Pulsed Neutron Source Using a Linear Induction Accelerator",3181 3184,
,"M.G. Mazarakis, G.H. Berry, E.P. Colton","Xe<sup>N</sup> - Xe<sup>N</sup> Charge Exchange Experiment Using a Split-Beam and Beam Intersection Technique",3184 3187,
,"H.S. Uhm, R.C. Davidson","Free Electron Laser Instability for a Relativistic Electron Beam in a Helical Wiggler Field",3187 3190,
,"A.K.M.M. Haque","A Low Energy Van De Graaff Accelerator for the Study of Semiconductor Detector Surfaces and of the Stopping Power of Biological Materials",3190 3194,
,"G. Dattoli, A. Marino, A. Renieri","Beam Quality Limitations to the Single Pass FEL Devices",3194 3197,
,"A.V. Tollestrup","Progress in Superconducting Magnet Technology for Accelerators/Storage Rings",3198 3200,
,"C.K. Taylor, R.B. Meuser","Prospects for 10T Accelerator Dipole Magnets",3200 3205,
,"A. Patoux, J. Perot","A New Accelerator Superconducting Dipole Suitable for High Precision Field",3205 3208,
,"P. Wanderer, E. Bleser, G. Cottingham, A. Greene, C. Holbrow, K. Jaeger, K. Robins, W. Sampson, G. Stenby, A. Stevens, M. Tannenbaum, P. Thompson","Study of Factors Which Affect Training in Isabelle R&D Magnets",3208 3211,
,"A.D. McInturff, D. Gross","Magnetization Characterization Study for the Energy Saver/Doubler Dipoles",3211 3214,
,"D.P. Brown","Cyrogenic Systems for Large Superconducting Accelerators/Storage Rings",3214 3217,
,"H. Lengeler","Diagnostics for Superconducting r.f. Cavities",3217 3222,
,"U. Klein, T. Grundey, D. Proch","Superconducting Structures for a 130 MeV Recyclotron",3222 3225,
,"T. Furuya, S. Hiramatsu, T. Kato, P. Kneisel, Y. Kojima, T. Nakazato, T. Takagi","First Results on a 500 MHz Superconducting Test Cavity for TRISTAN",3225 3228,
,"R. Auzolle, F. Kircher, J.P. Penicaud","A Panofsky-Type Superconducting Quadrupole with a Very High Gradient Homogeneity",3228 3231,
,"J.E. Allinger, A.S. Carroll, G.T. Danby, B. DeVito, J.W. Jackson, W.J. Leonhardt, A.G. Prodell, J. Weisenbloom","Tests of a 3 Meter Curved Superconducting Beam Transport Dipole Magnet",3231 3234,
,"J. Allinger, A. Carroll, G. Danby, B. DeVito, J. Jackson, W. Leonhardt, A. Prodell, R. Stoehr","Studies of Quench Propagation in a Superconducting Window Frame Magnet",3234 3237,
,"H.G. Kirk, R. Engelmann, J. Herrera, K. Jaeger, K. Robins, E. Willen","Magnetic Field Properties of the ISABELLE Project Superconducting Dipole Magnets",3237 3240,
,"H. Padamsee, J. Kirchgessner, J. Mioduszewski, R. Sundelin, M. Tigner","/sup> Colliding Beam Accelerator",3240 3242,
,"Z.D. Farkas","Superconducting Cavities and Modulated RF",3242 3245,
,"W.B. Sampson, M. Garber, A. Ghosh","Quench Propagation and Training in Simulated Superconducting Magnet Windings",3245 3248,
,"K.W. Shepard","Development of Superconducting Resonators for the Argonne Heavy-Ion Linac",3248 3251,
,"M. Martin, J. Gannon, J. McCarthy, C. Rode","Quasi-Optimal Algorithms for the Control Loops of the Fermilab Energy Saver Satellite Refrigerator",3251 3254,
,"F. Marti, M.M. Gordon","Calculation of Forces on the Aluminum Heat Shield Produced by Eddy Currents During Discharge of a Superconducting Cyclotron Magnet",3254 3257,
,"J. Theilacker, R. Ferry, M. Leininger, J. Makara, J. Misek, D. Mizicko, D. Richied, C. Rode","Fermilab Energy Saver Refrigeration System Tests",3257 3260,
,"The Bevatron Vacuum Improvement Team","Improving the Bevatron Vacuum to 10<sup>-10</sup> Torr",3260 3263,
,"M.L. Mallory, P. Brindza, H. Laumer, D. Poe","Operating Experience with the Cryogenic Systems for a Superconducting Cyclotron",3263 3266,
,"S. Mitsunobu, H. Hirabayashi, K. Hosoyama, Y. Kimura, J. Kishiro, T. Kohriki, T. Kubo, A. Yamamoto","Test Dipole Magnets for the TRISTAN Superconducting Proton Ring",3266 3269,
,"W.J. Schneider, J.J. Briggs, D.P. Brown, C.L. Foerster, H.J. Halama, A.P. Schlafke, A.P. Werner","First Cell Magnet System Tests",3269 3272,
,"W. Bauer, A. Brandelik, A. Citron, F. Graf, H. Halbritter, W. Herz, W. Lehmann, S. Noguchi, L. Szecsi","Measurements on a Superconducting Accelerating Cavity for DORIS",3272 3275,
,"D. Ciazynski, P. Mantsch","Correction Magnet Packages for the Energy Saver",3275 3277,
,"W. Hassenzahl","A Comparison of the Costs of Superconducting Accelerator Dipoles Using NbTi, NB <sub>3<sub>Sn and NbTiTa",3277 3280,
,"R. Althaus, S. Caspi, W.S. Gilbert, W. Hassenzahl, R. Meuser, J. Rechen, C. Taylor, R. Warren","Performance of Dipole Magnets in Helium II",3280 3283,
,"C. Taylor, R. Althaus, S. Caspi, W.S. Gilbert, W. Hassenzahl, R. Meuser, J. Rechen, R. Warren","A Novel Epoxy-Free Construction Method for Fabricating Dipole Magnets and Test Results",3283 3286,
,"E. Adam, E. Gregory, D. Koop, W. Marancik","Practical Superconductors for High Energy Physics (HEP) Magnets",3286 3289,
,"R. Flora, J. Saariviria, G. Tool, D. Voy","The Energy Saver/Doubler Quench Protection Monitor System",3289 3292,
,"H. Hsieh, S. Krinsky, A. Luccio, A. van Steenbergen","Design of a 6 Tesla Wiggler for the National Synchrotron Light Source",3292 3295,
,"H.C. Hseuh, E.F. Gaudet","Outgassing Rate of the Copper-Plated Beam Tube for ISABELLE",3295 3298,
,"F. Middleton","An All Metal UHV Flange Seal for Dissimilar Materials",3298 3300,
,"E. Willen, R. Engelmann, A.F. Greene, J. Herrera, K. Jaeger, H. Kirk, K. Robins","Magnetic Properties of ISABELLE Superconducting Quadrupoles",3300 3303,
,"P. Thompson, A. Bertsche, J. Fuhrmann, A. Greene, E. Grove, L. Repeta, F. Short, M. Tannenbaum, P. Wanderer","Mechanical Properties of ISABELLE Superconducting Coils",3303 3306,
,"H.R. Barton Jr., G.T. Mulholland, J.E. Nicholls","Multi-Level Computer Simulation of the Energy Saver Cooling Provisions",3306 3309,
,"S.C. Snowdon","Magnetostatic Design of 85 Kg Superconducting Dipoles",3309 3312,
,"K.W. Zieher, A. Hornung","Investigation of a Modified Helix Loaded Superconducting Resonator for Acceleration of Heavy Ions",3312 3314,
,"R. Mayer, N. Minatti","Performance of a Superconducting 65-Cell-Structure in X-Band",3314 3317,
,"T.H. Nicol","Multiple Element Vapor Cooled Current Leads for the Fermilab Energy Saver Correction Elements",3317 3320,
,"H. Ishimaru, G. Horikoshi, Y. Kimura","New All Aluminum Alloy Vacuum System for the TRISTAN e<sup></sup>e<sup>-</sup> Storage Accelerator",3320 3323,
,"T.S. Chou, C. Lanni","Lifetime of Titanium Filament at Constant Current",3323 3325,
,"M. Kuchnir, W.B. Fowler, P.M. Mantsch, R.J. Walker","Spool Piece Testing Facility",3325 3327,
,"L. Bartelson, H. Joestlein","Energy Doubler Vacuum Devices and Controls",3327 3330,
,"J. Briggs, H.J. Halama","Leak Checking in ISABELLE",3330 3333,
,"B. Ferrario, L. Rosai, P. della Porta","Distributed Pumping by Non-Evaporable Getters in Particle Accelerators",3333 3336,
,"J.R.J. Bennett, R.J. Elsey","Glass Jointed Alumina Vacuum Chambers",3336 3339,
,"G. Barak, A. Fisher, H. Ishizuka, N. Rostoker","High Current Betatron",3340 3343,
,"R.B. Miller, R.J. Adler, B.G. Epstein, M. Franz, T.C. Genoni, B.B. Godfrey, A. Mondelli, J.W. Poukey, S.L. Shope","Beam Transport Issues in High Current Linear Accelerators",3343 3346,
,"P. Sprangle, C.-M. Tang","Laser Beat Wave Electron Accelerator",3346 3349,
,"C.L. Olson, C.A. Frost, R.A. Gerber, J.R. Woodworth","The IFA-2 Collective Accelerator",3349 3352,
,"G. Providakes, J. Ivers, J.A. Nation","Application of Slow Space Chare Waves on an IREB to Collective Ion Acceleration",3352 3355,
,"M. Reiser","Recent Advances in Collective Ion Accelerators",3355 3360,
,"R.J. Briggs, D.L. Birx, G.J. Caporaso, T.J. Fessenden, R.E. Hester, R. Melendez, V.K. Neil, A.C. Paul, K.W. Struve","Beam Dynamics in the ETA and ATA 10 kA Linear Induction Accelerators-Observations and Issues",3360 3365,
,"T.H. Martin, G.W. Barr, S.A. Goldstein, J.F. Seamen, J.P. VanDevender, R.A. White","Particle Beam Fusion Accelerator I (PBFA-I)",3365 3370,
,"R.B. Palmer","Laser Driven Electron Accelerators",3370 3375,
,"M.A.D. Wilson","Recirculation Acceleration of High Current Relativistic Electron Beams-  A Feasibility Study",3375 3378,
,"J.M. Neri, J.E.E. Baglin, D.A. Hammer, R.T. Hodgson","An Intense Pulsed Baruim Ion Source",3378 3380,
,"J.D. Ivers, J.A. Nation, I. Roth","Proton Acceleration in an Induction Linac",3380 3383,
,"A. Fisher, P. Gilad, F. Goldin, N. Rostoker","Studies of an Unneutral Electron Cloud in the CFIA",3383 3386,
,"D. Eccleshall, C.E. Hollandsworth","Transmission-Line Cavity Linear-Induction Accelerators",3386 3389,
,"W. Chupp, A. Faltens, E. Hartwig, W. Herrmannsfeldt, E. Hoyer, D. Keefe, C. Kim, M. Lampel, E. Lofgren, R. Nemetz, S.S. Rosenblum, J. Shiloh, M. Tiefenback, D. Vanecek","Operating Experience with a High Current Cs<sup>!</sup> Injector for Heavy Ion Fusion",3389 3392,
,"M.T. Buttram, J.W. Glenn, G.S. Phipps","Infrared Measurement of the Temperature Distribution of a Repetitively Pulsed Electron Beam Extraction Foil as a Beam Uniformity Diagnostic",3392 3395,
,"D.J. Sullivan, B.B. Godfrey","Em Wave Electron Acceleration",3395 3398,
,"Z.G.T. Guiragossian, D.S. Lemons, J.L. Orthel, L.E. Thode","Method of Active Charge and Current Neutralizatiion of Intense Ion Beams for ICF",3398 3401,
,"T.J. Fessenden, W.L. Atchison, D.L. Birx, J.C. Clark, E.G. Cook, R.E. Hester, L.L. Reginato, D. Rogers Jr., R.E. Spoerlein, K.W. Struve, T.T. Yokota","The Experimental Test Accelerator (ETA) II",3401 3404,
,"W.W. Destler, J.T. Cremer, L.E. Floyd, C.R. Parsons, M. Reiser, J.W. Rudmin","Collective Acceleration of Light and Heavy Ions",3404 3407,
,"T.R. Lockner, S. Humphries Jr., J.J. Ramirez","",3407 3410,
,"S. Humphries Jr., J.R. Freeman, T.R. Lockner","High Intensity Ion Accelerators for Inertial Fusion",3410 3413,
,"F. Winterberg","Collective Electrostatic Super-Accelerator",3413 3416,
,"T. Tajima, J.M. Dawson","Laser Beat Accelerator",3416 3418,
,"J.L. Vomvoridis","Self-Consistent Analysis of the Self-Resonant Electron-Cyclotron Linear Accelerator",3418 3421,
,"N.C. Schoen","Characterization of a Transverse Particle Acceleration System",3421 3424,
,"D.A. Phelps, S. Somerstein","Precision Intense Particle Beam Accelerators Using In-Situ Tuning Techniques",3424 3427,
,"D.A. Phelps, D.B. Chang","Stability of Bounded Electron Beams Neutralized by Co-Moving Ions",3427 3430,
,"R.D. Scarpetti, R.W. Kuenning, K.C. Wong","Beam Optics in the FXR 1.5 MeV, 4 kA Injector",3430 3433,
,"C.W. Roberson","The Racetrack Induction Accelerator",3433 3436,
,"A.N. Didenko, V.M. Bistritsky, Ya.E. Krasik, V.M. Matvienko, V.G. Tolmacheva, A.M. Tolopa","Generation of High Power Ion Beams in Ballistic Focusing Diodes",3436 3439,
,"S.O. Schriber","Accelerator Structure Development for Room-Temperature Linacs",3440 3445,
,"T.I. Smith, C.M. Lyneis, M.S. McAshan, R.E. Rand, H.A. Schwettman, J.P. Turneaure","Unique Beam Properties of the Stanford 300 MeV Superconducting Recyclotron",3445 3449,
,"J.M. Watson, J.M. Bogaty, A. Moretti, R.A. Sacks, N.Q. Sesol, A.J. Wright","The Status of the Argonne Heavy Ion Fusion Low-Beta Linac",3449 3452,
,"J. Klabunde, N. Angert, R. Keller, P. Spaedtke, J. Struckmeier, H. Trautmann","High Current Experiments in a Wideroee Structure",3452 3455,
,"J.E. Vetter, The Linear Accelerator Working Group","A High Intensity Proton Linear Accelerator for the German Spallation Neutron Source (SNQ)",3455 3458,
,"J. Aron, R. Benaroya, L.M. Bollinger, B.G. Clifft, K.W. Johnson, P. Markovich, J.M. Nixon, R.C. Pardo, K.W. Shepard","The Superconducting Heavy-Ion Linac at Argonne",3458 3461,
,"M.B. James, R.H. Miller","A High Current Injector for the Proposed SLAC Linear Collider",3461 3464,
,"Y.Y. Kuo","Beam Dynamics in the Radio Frequency Quadrupole",3464 3467,
,"R.J. Adler, T.C. Genoni, R.B. Miller","The Beam Breakup Instability in Pulsed Transmission Line Linear Accelerators",3467 3470,
,"P.J. Cracknell, C.J. Burt","The Harwell 136 MeV Electron Linear Accelerator",3470 3473,
,"N. Kobayashi, S. Kawasaki, A. Miyahara","RFQ for Heavy Ion Fusion",3473 3476,
,"N. Kobayashi, S. Kawasaki, A. Miyahara","Higher Frequency Operation of Linear Accelerator",3476 3479,
,"J.W. Staples, H.D. Lancaster, R.B. Yourd","The LBL Wideroe-Based Heavy Ion Injector Project",3479 3482,
,"G. Gammel, J. Brodowski, J. Keane, A. Maschke, E. Meier, R. Mobley, R. Sanders","Meqalac Development at Brookhaven",3482 3485,
,"J. Keane, J. Brodowski","Meqalac RF Accelerating Structure",3485 3488,
,"I. Ben-Zvi, J.M. Brennan, W. Burt, J.R. Delayen, G.J. Dick, J.E. Mercereau, J.W. Noe, P. Paul, A. Scholldorf, G.D. Sprouse, B. Zion Levy","Status of the Stony Brook Superconducting Heavy-Ion Linac",3488 3491,
,"B. Aune, M. Juillard, P. Letonturier, A. Mosnier","Upgrading the Energy of the Saclay Electron Linac",3491 3492,
,"G. Boicourt, B. Chidley, K. Crandall, R. Jameson, R. Stokes, T. Wangler","Analysis of the Deuteron Distributiion Emerging from the FMIT RFQ",3492 3495,
,"J. Ungrin, J.C. Brown, B.G. Chidley, G.E. McMichael, S.O. Schriber","Initial Operation of a 100% Duty Factor 3 MeV Alvarez Linac",3495 3498,
,"G. Bavaria, C. Brassard, P.F. Hinrichsen, J.P. Labrie, J.P. Martin","A Chopper-Buncher for the Montreal CW Electron Accelerator",3498 3501,
,"S. Inagaki","Periodic Approach to Space Charge Limit in Proton Linear Accelerators",3501 3504,
,"G.P. Boicourt, R.A. Jameson","A Study of the Variation of Maximum Beam Size with Quadrupole Gradient Strength in the FMIT Drift Tube Linac",3504 3507,
,"T. Kato, E. Takasaki","Measurements of Phase Shift Due to Beam Loading in KEK Linac",3507 3510,
,"N. Tokuda, S. Arai, T. Hori, T. Katayama, T. Nakanishi, A. Noda, N. Ueda","RFQ Linac for the Numatron Project",3510 3513,
,"W.J. Gallagher","Beam Induced Losses in the Electron Linac",3513 3516,
,"B. Huck, H. Ingwersen, E. Jaeschke, B. Kolb, R. Repnow, Th. Walcher","The Heidelberg Heavy Ion Postaccelerator",3516 3520,
,"R. Die-Cas, H. Leboutet, J. Pottier","Performance Evaluation of a Heavy Ion RF Linac",3520 3523,
,"T. Tomimasu","A 500 MeV Low Operating Cost Electron Linac",3523 3526,
,"Y. Wang","Research on Electron Linear Accelerators with Traveling Wave Resonators",3526 3529,
,"N.R. Pereira, R.O. Hunter, Jr.","Accelerating Particles with Transverse Cavity Modes",3529 3532,
,"I.S. Shchedrin","Electron Acceleration in a Homogenious Disc Loaded Guide with Beam Loading Effect",3532 3536,
,"V.A. Polyakov, I.S. Shchedrin","Comparison of Characteristics of the Beams, Accelerated in Electron Linacs",3536 3540,
,"C. Rubbia","The Physics Frontier in Elementary Particles and Future Accelerators",3542 3549,
,"M. Tigner","Accelerator R/D in the U.S. High Energy Physics Program -  Past, Present and Future",3549 3553,
,"J.E. Leiss","Relevance of Accelerator/Storage Ring Technological Developments to U.S.A. Science and Technology - Past, Present and Future",3553 3556,
,"H. Boeck, J. Siehs, N. Vana","Investigation of Fiberoptics during and after Fission Product Gamma Irradiation",3558 3564,
,"Y. Tokuda, A. Usami","Comparison of Neutron and 2 MeV Electron Damage in N-Type Silicon by Deep-Level Transient Spectroscopy",3564 3569,
,"L. Kitajewski","Design of CMOS/SOS Circuits for Space Applications",3569 3575,
,"D.L. Snyder, M.M. Ter-Pogossian, L.J. Thomas  Jr.","A Mathematical Model for Positron-Emission Tomography Systems Having Time-of-Flight Measurements",3575 3584,
