frioa01,"W. Schappert, Y.M. Pischalnikov [Fermilab, Batavia, USA] ","Adaptive Compensation for Lorentz Force Detuning in Superconducting RF Cavities",940 942,
frioa02,"Z.A. Conway, M.P. Kelly, P.N. Ostroumov [ANL, Argonne, USA] K.W. Shepard [TechSource, Los Alamos, NM, USA] ","Innovative Tuner Designs For Low Beta SRF Cavities",943 945,
frioA03,N/A,N/A,99 98,
frioa04,"Y. Gómez Martínez, T. Cabanel, J. Giraud, R. Micoud, M. Migliore, J. Morfin, F. Vezzu [LPSC, Grenoble Cedex, France] P.-E. Bernaudin, P. Bosland [CEA/DSM/IRFU, France] G. Olry [IPN, Orsay, France] ","Power Couplers for Spiral-2",947 950,
frioa05,"H. Sakai [KEK, Ibaraki, Japan] ","Overview of CW Input Couplers for ERL",951 955,
frioa06,"K. Umemori, T. Furuya, E. Kako, S. Noguchi, H. Sakai, M. Satoh, T. Shishido, K. Watanabe, Y. Yamamoto [KEK, Ibaraki, Japan] E. Cenni [Sokendai, Ibaraki, Japan] M. Sawamura [JAEA, Ibaraki-ken, Japan] K. Shinoe [ISSP/SRL, Chiba, Japan] ","Construction of cERL Cryomodules for Injector and Main Linac",956 961,
frioa07,"A. Neumann, W. Anders, R. Barday, A. Jankowiak, T. Kamps, J. Knobloch, O. Kugeler, A.N. Matveenko, T. Quast, J. Rudolph, S.G. Schubert, J. Voelker (Völker) [HZB, Berlin, Germany] P. Kneisel [JLAB, Newport News, Virginia, USA] G. Lorenz [FHI, Berlin, Germany] R. Nietubyc [The Andrzej Soltan Institute for Nuclear Studies, Centre Swierk, Swierk/Otwock, Poland] J.K. Sekutowicz [DESY, Hamburg, Germany] J. Smedley [BNL, Upton, Long Island, New York, USA] I. Will [MBI, Berlin, Germany] ","SRF Photoinjector Tests at HoBiCat",962 968,
friob01,"J.K. Hao, J.E. Chen, L. Lin, K.X. Liu, X.Y. Lu, S.W. Quan, B.C. Zhang, K. Zhao, F. Zhu [PKU/IHIP, Beijing, People's Republic of China] ","SRF Activities at Peking University",969 972,
friob02,"F. Zhu, J.E. Chen, J.K. Hao, S. Huang, L. Lin, K.X. Liu, X.Y. Lu, S.W. Quan, F. Wang, H.M. Xie, K. Zhao [PKU/IHIP, Beijing, People's Republic of China] ","STATUS OF THE DC-SRF PHOTOINJECTOR FOR PKU-SETF",973 976,
friob03,"S. Fu, H. Chen, Y.L. Chi, S.X. Fang, L. Ma, W.M. Pan, J.Y. Tang, C. Zhang [IHEP Beijing, Beijing, People's Republic of China] Y. He, H.W. Zhao [IMP, Lanzhou, People's Republic of China] ","Chinese Plan for ADS and CSNS",977 982,
friob04,"P. Singh [BARC, Mumbai, India] ","SRF Accelerator for Indian ADS Program: Present & Future Prospects",983 987,
friob05,"R. Calaga [BNL, Upton, Long Island, New York, USA] ","Crab Crossing for LHC Upgrade",988 993,
friob06,"M. Lindroos [CERN, Geneva, Switzerland] R. Ainsworth [Royal Holloway, University of London, Surrey, United Kingdom] R.D. Duperrier [CEA/DSM/IRFU, France] S. Molloy, S. Peggs, K. Rathsman, R. Zeng [ESS, Lund, Sweden] R.J.M.Y. Ruber [Uppsala University, Uppsala, Sweden] ","The ESS Accelerator",994 998,
moioa01,"D. Reschke [DESY, Hamburg, Germany] ","Challenges in SRF Module Production for the European XFEL",2 6,
moioa02,"A. Yamamoto [KEK, Ibaraki, Japan] M.C. Ross [Fermilab, Batavia, USA] N.J. Walker [DESY, Hamburg, Germany] ","Advances in SRF Development for ILC",7 12,
moioA03,N/A,N/A,99 98,
moioa04,"C.E. Reece [JLAB, Newport News, Virginia, USA] ","SRF Challenges for Improving Operational Electron Linacs",14 19,
moiob01,N/A,N/A,99 98,
moiob02,N/A,N/A,99 98,
moiob03,N/A,N/A,99 98,
moiob04,"S.A. Belomestnykh [BNL, Upton, Long Island, New York, USA] ","Survey of SRF Guns",23 26,
moiob05,"M. Jensen [Diamond, Oxfordshire, United Kingdom] ","Operational Experience with SRF Cavities for Light Sources",27 31,
moiob06,N/A,N/A,99 98,
mopo001,N/A,N/A,99 98,
mopo003,"T.J. Peterson, M.H. Foley, C.M. Ginsburg, C.J. Grimm, J.S. Kerby, Y. Orlov [Fermilab, Batavia, USA] R. Ghosh, G. Gilankar, A. Jain, P. Khare, P.K. Kush, A. Laxminarayanan [RRCAT, Indore (M.P.), India] ","650 MHz Cryomodules for Project X at Fermilab – Requirements and Concepts",34 38,
mopo004,"P. Murcek, A. Arnold, H. Buettig (Büttig), D. Janssen, M. Justus, P. Michel, G.S. Staats, J. Teichert, R. Xiang [HZDR, Dresden, Germany] P. Kneisel [JLAB, Newport News, Virginia, USA] ","Modified SRF Photoinjector for the ELBE at HZDR",39 42,
mopo005,"V. Parma, P. Bestman, N. Bourcey, O. Capatina, P. Coelho Moreira de Azevedo, E. Montesinos, T. Renaglia, A. Vande Crean, W. Weingarten, L.R. Williams [CERN, Geneva, Switzerland] P. Dambre, P. Duchesne, P. Duthil, D. Reynet, S. Rousselot [IPN, Orsay, France] ","Conceptual Design of the Superconducting Proton Linac (SPL) Short Cryo-module",43 45,
mopo006,"M.D. Church, J.R. Leibfritz, S. Nagaitsev [Fermilab, Batavia, USA] ","Status and Plans for an SRF Accelerator Test Facility at Fermilab",46 49,
mopo007,"S.T. Sievers, J. Conrad, R. Eichhorn, J. Enders, R. Grewe, F. Hug, T. Kuerzeder (Kürzeder), N. Pietralla, A. Richter [TU Darmstadt, Darmstadt, Germany] ","Test of Components for the S-DALINAC Injector Upgrade*",50 52,
mopo008,"W. Anders, A. Jankowiak, T. Kamps, J. Knobloch, O. Kugeler, A. Neumann [HZB, Berlin, Germany] ","RF and SRF Layout of BERLinPro",53 55,
mopo009,"M. Leitner, J. Bierwagen, J. Binkowski, S. Bricker, C. Compton, J.L. Crisp, L.J. Dubbs, K. Elliott, A. Facco, A. Fila, R. Fontus, A.D. Fox, P.E. Gibson, P. Guetschow, L.L. Harle, M. Hodek, J.P. Holzbauer, M.J. Johnson, S. Jones, T. Kole, B.R. Lang, D. Leitner, I.M. Malloch, F. Marti, D. R. Miller, S.J. Miller, T. Nellis, D. Norton, R. Oweiss, J. Popielarski, L. Popielarski, X. Rao, G.J. Velianoff, N. Verhanovitz, J. Wei, J. Weisend, M. Williams, K. Witgen, J. Wlodarczak, Y. Xu, Y. Zhang [FRIB, East Lansing, Michigan, USA] ","Design Status of the SRF Linac Systems for the Facility for Rare Isotope Beams",56 64,
mopo010,"D. Kostin, A. Goessel (Gössel), K. Jensch, W.-D. Moeller (Möller), A.A. Sulimov [DESY, Hamburg, Germany] ","Update on Module Measurements for the XFEL Prototype Modules",65 68,
mopo011,"A. Perry, Y. Ben Aliz, B. Kaizer, A. Kreisel, J. Rodnizki, L. Weissman [Soreq NRC, Yavne, Israel] ","Status of SARAF Superconducting Acceleration Module",69 73,
mopo012,"R.L. Geng [JLAB, Newport News, Virginia, USA] ","Overview of ILC High Gradient Cavity R&D at Jefferson Lab",74 78,
mopo013,"E.R. Harms, J. Branlard, K. Carlson, B. Chase, E. Cullerton, A. Hocker, C.C. Jensen, P.W. Joireman, A.L. Klebaner, T. Kubicki, M.J. Kucera, A.M. Legan, J.R. Leibfritz, A. Martinez, M.W. McGee, S. Nagaitsev, O.A. Nezhevenko, D.J. Nicklaus, H. Pfeffer, Y.M. Pischalnikov, P.S. Prieto, J. Reid, W. Schappert, V. Tupikov, P. Varghese [Fermilab, Batavia, USA] ","RF Test Results from Cryomodule 1 at the Fermilab SRF Beam Test Facility",79 82,
mopo014,"T. Xin [Stony Brook University, Stony Brook, USA] S.A. Belomestnykh, I. Ben-Zvi, X. Chang, X. Liang, T. Rao, J. Skaritka, E. Wang, Q. Wu [BNL, Upton, Long Island, New York, USA] ","Design of the Fundamental Power Coupler and Photocathode Inserts for the 112 MHz Superconducting Electron Gun",83 86,
mopo015,"J. Gao, Y.L. Chi, J.P. Dai, H.S. Guo, T.M. Huang, H.Y. Lin, C. H. Li, D.Z. Li, S.P. Li, Z.Q. Li, Z.C. Liu, Q. Ma, W.M. Pan, F. Qiu, Y. Sun, G.W. Wang, Q.Y. Wang, J.Y. Zhai, T.X. Zhao [IHEP Beijing, Beijing, People's Republic of China] R. Ge [IHEP Beijng, Beijing, People's Republic of China] ","IHEP 1.3GHz SRF Technology R&D Status",87 89,
mopo016,"M. Liepe, Y. He, G.H. Hoffstaetter, S. Posen, J. Sears, V.D. Shemelin, M. Tigner, N.R.A. Valles, V. Veshcherevich [CLASSE, Ithaca, New York, USA] ","Superconducting RF for the Cornell Energy-Recovery Linac Main Linac",90 96,
mopo017,"D. Longuevergne, A. Grassellino, P. Kolb, R.E. Laxdal, V. Zvyagintsev [TRIUMF, Canada's National Laboratory for Particle and Nuclear Physics, Vancouver, Canada] ","Performance Limitation Studies on ISAC-II QWR's and e-Linac Elliptical Cavities at TRIUMF",97 99,
mopo018,"R. Eichhorn, J. Conrad, F. Hug, M. Kleinmann, T. Kuerzeder (Kürzeder), S.T. Sievers [TU Darmstadt, Darmstadt, Germany] ","The Upgraded Injector Cryostat-Module and Upcoming Improvements at the S-DALINAC",100 102,
mopo019,"S. Posen, M. Liepe [CLASSE, Ithaca, New York, USA] ","Minimizing Microphonics Detuning by Optimization of Stiffening Rings",103 106,
mopo020,"V. Zvyagintsev, C.D. Beard, A. Grassellino, D. Kaltchev, P. Kolb, R.E. Laxdal, D. Longuevergne, B.S. Waraich [TRIUMF, Canada's National Laboratory for Particle and Nuclear Physics, Vancouver, Canada] M. Ahammed [DAE/VECC, Calcutta, India] R.O. Bolgov, N.P. Sobenin [MEPhI, Moscow, Russia] R. Edinger [PAVAC, Richmond, B.C., Canada] ","Nine-cell Elliptical Cavity Development at TRIUMF",107 109,
mopo021,"H. Gassot, F.B. Bouly, G. Olry, S. Rousselot [IPN, Orsay, France] ","Electromechanical Design of 704MHz  0.65 SC Proton Cavity",110 113,
mopo022,"C.S. Hopper [ODU, Norfolk, Virginia, USA] J.R. Delayen [JLAB, Newport News, Virginia, USA] R.G. Olave [Old Dominion University, Norfolk, Virginia, USA] ","Higher Order Mode Properties of Superconducting Two-Spoke Cavities",114 116,
mopo023,"H.S. Kim, Y.-S. Cho, H.-J. Kwon [KAERI, Daejon, Republic of Korea] ","Low Temperature Test of a Low-Beta Elliptical Cavity for PEFP Linac Extension",117 121,
mopo024,"L. Ristori, S. Barbanotti, P. Berrutti, M.S. Champion, M.H. Foley, C.M. Ginsburg, I.G. Gonin, C.J. Grimm, T.N. Khabiboulline, D. Passarelli, N. Solyak, A. Vostrikov, V.P. Yakovlev [Fermilab, Batavia, USA] ","Design of Single Spoke Resonators for Project X",122 126,
mopo025,"E.N. Zaplatin [FZJ, Jülich, Germany] A. Kanareykin [Euclid TechLabs, LLC, Solon, Ohio, USA] ","High-Frequency and Mechanical Basic Analysis of Conical Half-Wave Resonator",127 131,
mopo026,"P.N. Ostroumov, Z.A. Conway, R.L. Fischer, S.M. Gerbick, M.P. Kelly, A. Kolomiets, B. Mustapha, A. Ortega Bergado [ANL, Argonne, USA] "," = 0.285 Half-Wave Resonator for FRIB",132 134,
mopo027,"S.U. De Silva [ODU, Norfolk, Virginia, USA] S.U. De Silva, J.R. Delayen [JLAB, Newport News, Virginia, USA] ","Analysis of HOM Properties of Superconducting Parallel-Bar Deflecting/Crabbing Cavities",135 137,
mopo028,"L. Lu [RIKEN, Saitama, Japan] O. Kamigaito, N. Sakamoto, K. Suda, K. Yamada [RIKEN Nishina Center, Wako, Japan] ","Design of CW Superconducting Buncher for RIKEN RI-Beam Factory",138 140,
mopo029,"F.S. He, K. Zhao [PKU/IHIP, Beijing, People's Republic of China] R.A. Rimmer, H. Wang [JLAB, Newport News, Virginia, USA] ","Some Design Analysis on the Low-Beta Multi-Spoke Cavities",141 143,
mopo030,"V. Gettmann, M. Amberg, S. Jacke [HIM, Mainz, Germany] K. Aulenbacher [IKP, Mainz, Germany] W.A. Barth, S. Mickat [GSI, Darmstadt, Germany] F.D. Dziuba, H. Podlech, U. Ratzinger [IAP, Frankfurt am Main, Germany] ","The sc cw -LINAC Demonstrator - First section of a sc cw -LINAC",144 146,
mopo031,"C. Zhang, W. Chang, Y. He, S.H. Zhang, H.W. Zhao [IMP, Lanzhou, People's Republic of China] ","Electro-Magnetic Optimization and Analyses of Etching for HIRFL Quarter-Wave Resonators",147 150,
mopo032,"R.A. Legg [JLAB, Newport News, Virginia, USA] M.V. Fisher, K.J. Kleman [UW-Madison/SRC, Madison, Wisconsin, USA] T.L. Grimm, R. Jecks, B. Kuhlman [Niowave, Inc., Lansing, Michigan, USA] ","Development of a Frequency Map for the WiFEL SRF Gun",151 153,
mopo033,"C.S. Hopper [ODU, Norfolk, Virginia, USA] J.R. Delayen [JLAB, Newport News, Virginia, USA] ","Design of Superconducting Multi-Spoke Cavities for High-Velocity Applications",154 156,
mopo034,"J. Plouin [CEA/IRFU, Gif-sur-Yvette, France] S. Chel, G. Devanz [CEA/DSM/IRFU, France] ","Optimized RF Design of 704 MHz =1 Cavity for Pulsed Proton Drivers",157 161,
mopo035,"M. Amberg [HIM, Mainz, Germany] K. Aulenbacher [IKP, Mainz, Germany] W.A. Barth, S. Mickat [GSI, Darmstadt, Germany] M. Busch, F.D. Dziuba, H. Podlech, U. Ratzinger [IAP, Frankfurt am Main, Germany] ","Structural Mechanical Analysis of Superconducting CH-Cavities",162 164,
mopo036,"M. Sawamura, R. Hajima [JAEA, Ibaraki-ken, Japan] R. Nagai, N. Nishimori [JAEA/ERL, Ibaraki, Japan] ","Design Optimization of Spoke Cavity of Energy-Recovery Linac for Non-Destructive Assay Research",165 168,
mopo037,"F.D. Dziuba, M. Busch, H. Podlech, U. Ratzinger [IAP, Frankfurt am Main, Germany] M. Amberg [HIM, Mainz, Germany] K. Aulenbacher [IKP, Mainz, Germany] W.A. Barth, S. Mickat [GSI, Darmstadt, Germany] ","Development of Superconducting CH Cavities",169 171,
mopo038,"T. Konomi [Sokendai, Ibaraki, Japan] F. Furuta, K. Saito [KEK, Ibaraki, Japan] F. Yasuda [The University of Tokyo, Institute of Physics, Tokyo, Japan] ","Development of the Demountable Damped Cavity",172 176,
mopo039,"H. Gassot, S. Bousson, G. Olry, S. Rousselot [IPN, Orsay, France] ","Low- Triple Spoke Cavity Design Improvement for Proton Linac",177 179,
mopo041,"J. Plouin [CEA/IRFU, Gif-sur-Yvette, France] G. Devanz [CEA/DSM/IRFU, France] ","Conceptual Design of the  = 0.86 Cavities for the Superconducting Linac of ESS",180 183,
mopo042,"Y. Xie, M. Liepe [CLASSE, Ithaca, New York, USA] ","Coupler Design for a Sample Host TE Cavity",184 187,
mopo043,"H. Park, J.R. Delayen [JLAB, Newport News, Virginia, USA] S.U. De Silva, H. Park [ODU, Norfolk, Virginia, USA] ","Mechanical Study of Superconducting Parallel-Bar Deflecting/Crabbing Cavities",188 191,
mopo044,"B. Mustapha, Z.A. Conway, A. Kolomiets, P.N. Ostroumov [ANL, Argonne, USA] ","Electromagnetic Design Optimization of a Half-Wave Resonator",192 196,
mopo045,"J.P. Holzbauer [NSCL, East Lansing, Michigan, USA] J. Binkowski, M.J. Johnson, S.J. Miller, J. Popielarski, Y. Xu [FRIB, East Lansing, Michigan, USA] ","Coupled Electromagnetic and Mechanical Simulations for Half-Wave Resonator Design",197 199,
mopo046,"Y. Xu, A. Facco, M.J. Johnson, S.J. Miller, J. Popielarski [FRIB, East Lansing, Michigan, USA] ","Electromagnetic Optimization of the FRIB 322 MHz =0.29 Half Wave Resonator",200 202,
mopo047,"P. Kolb, Y.-C. Chao, R.E. Laxdal, D. Longuevergne, V. Zvyagintsev [TRIUMF, Canada's National Laboratory for Particle and Nuclear Physics, Vancouver, Canada] ","HOM Cavity Design for the TRIUMF E-LINAC",203 205,
mopo049,"C. Zhang, Y. He, S.H. Zhang, H.W. Zhao [IMP, Lanzhou, People's Republic of China] ","Electro-Magnetic Optimization of a Quarter-Wave Resonator",206 209,
mopo050,"J. Rose, N.A. Towne [BNL, Upton, Long Island, New York, USA] C.H. Boulware, T.L. Grimm [Niowave, Inc., Lansing, Michigan, USA] ","Design of a 1500 MHz Bunch Lengthening Cavity for NSLS-II",210 212,
mopo051,"S.J. Miller, J. Binkowski, M.J. Johnson, Y. Xu [FRIB, East Lansing, Michigan, USA] A. Facco [INFN/LNL, Legnaro (PD), Italy] ","Design for Manufacture of a Superconducting Half Wave Resonator =0.53",213 215,
mopo052,"J.L. Munoz, J. Feuchtwanger, J. Verdu [ESS-Bilbao, Zamudio, Spain] F.J. Bermejo [Bilbao, Faculty of Science and Technology, Bilbao, Spain] V. Etxebarria, J. Portilla [University of the Basque Country, Faculty of Science and Technology, Bilbao, Spain] N. Garmendia [ESS Bilbao, Bilbao, Spain] ","Studies on a Plunger Tuner System for a Double Spoke Cavity",216 218,
mopo053,"J.R. Delayen, S.U. De Silva [ODU, Norfolk, Virginia, USA] J.R. Delayen [JLAB, Newport News, Virginia, USA] ","Designs of Superconducting Parallel-Bar Deflecting Cavities for Deflecting/Crabbing Applications",219 222,
mopo054,"S.A. Belomestnykh, I. Ben-Zvi, X. Chang, X. Liang, T. Rao, J. Skaritka, R. Than, Q. Wu, T. Xin [BNL, Upton, Long Island, New York, USA] C.H. Boulware, T.L. Grimm, B. Siegel, M.J. Winowski [Niowave, Inc., Lansing, Michigan, USA] ","Superconducting 112 MHz QWR Electron Gun",223 225,
mopo055,"C. Compton, A. Facco, W. Hartung, M. Hodek, J.P. Holzbauer, M.J. Johnson, T. Kole, M. Leitner, F. Marti, D. R. Miller, S.J. Miller, J. Popielarski, L. Popielarski, J. Wei, K. Witgen, J. Wlodarczak [FRIB, East Lansing, Michigan, USA] ","Superconducting Resonator Production for Ion Linac at Michigan State University",226 228,
mopo056,"N.R.A. Valles, D.S. Klein, M. Liepe [CLASSE, Ithaca, New York, USA] ","Beam Break Up Studies for Cornell's Energy Recovery Linac",229 231,
mopo057,"N.R.A. Valles, M. Liepe, V.D. Shemelin [CLASSE, Ithaca, New York, USA] ","Coupler Kick Studies in Cornell's 7-Cell Superconducting Cavities",232 235,
mopo058,"Y. Zhang, D. Stout, J. Wei [FRIB, East Lansing, Michigan, USA] ","Analysis of Beam Damage to FRIB Driver Linac",236 238,
mopo060,"N. Baboi, P. Zhang [DESY, Hamburg, Germany] N. Eddy [Fermilab, Batavia, USA] T. Flisgen, H.-W. Glock [Rostock University, Faculty of Computer Science and Electrical Engineering, Rostock, Germany] R.M. Jones, I.R.R. Shinton [UMAN, Manchester, United Kingdom] ","Higher Order Modes for Beam Diagnostics in Third Harmonic 3.9 GHz Accelerating Modules",239 243,
mopo061,"L. Xiao, K. Ko, K.H. Lee, C.-K. Ng [SLAC, Menlo Park, California, USA] M. Liepe, N.R.A. Valles [CLASSE, Ithaca, New York, USA] ","Effects of Elliptically Deformed Cell Shape in the Cornell ERL Cavity",244 246,
mopo062,"Y. Sun, J.P. Dai, T.M. Huang, H.Y. Lin, Y.P. Liu, G. Li, S.P. Li, Z.Q. Li, Q. Ma, W.M. Pan, F. Qiu, H. Qu, P. Sha, G.W. Wang, Q.Y. Wang, B. Xu, L.P. Yang, Y.L. Yu, M.C. Zhan, Z. Zhang [IHEP Beijing, Beijing, People's Republic of China] ","BEPCII Superconducting RF System Operation Status",247 250,
mopo063,"S. Posen, M. Liepe [CLASSE, Ithaca, New York, USA] ","HOM Measurements with Beam at the Cornell Injector Cryomodule",251 253,
mopo064,"W. Schappert, R.V. Pilipenko, Y.M. Pischalnikov [Fermilab, Batavia, USA] H. Hayano, E. Kako, S. Noguchi, N. Ohuchi, Y. Yamamoto [KEK, Ibaraki, Japan] ","Adaptive Lorentz Force Detuning Compensation in the ILC S1-G Cryomodule at KEK",254 257,
mopo066,"Y.I. Eidelman, S. Nagaitsev, N. Solyak [Fermilab, Batavia, USA] ","SCREAMm – Modified Code SCREAM to Simulate the Acceleration of a Pulsed Beam Through the Superconducting Linac",258 261,
mopo067,"A. Neumann, W. Anders, R. Goergen (Görgen), J. Knobloch, O. Kugeler [HZB, Berlin, Germany] S.A. Belomestnykh [BNL, Upton, Long Island, New York, USA] J. Dobbins, R.P.K. Kaplan, M. Liepe, C.R. Strohman [CLASSE, Ithaca, New York, USA] ","CW Measurements of Cornell LLRF System at HoBiCaT",262 266,
mopo068,"P. Gu, M. Jensen, M. Maddock, P.J. Marten, S.A. Pande, S. Rains, A.F. Rankin, D. Spink, A.V. Watkins [Diamond, Oxfordshire, United Kingdom] ","Reliability Improvements of the Diamond Superconducting Cavities",267 270,
mopo070,"P. Kneisel, A. Burrill, P. Kushnick, F. Marhauser, R.A. Rimmer [JLAB, Newport News, Virginia, USA] ","Preliminary Test Results from 650 MHz Single Cell Medium Beta Cavities for Project X",271 274,
thioa01,"Y. Yamamoto, M. Akemoto, S. Fukuda, K. Hara, H. Hayano, N. Higashi, E. Kako, H. Katagiri, Y. Kojima, Y. Kondo, T. Matsumoto, H. Matsushita, S. Michizono, T. Miura, H. Nakai, H. Nakajima, K. Nakanishi, S. Noguchi, N. Ohuchi, T. Saeki, M. Satoh, T. Shidara, T. Shishido, T. Takenaka, A. Terashima, N. Toge, K. Tsuchiya, K. Watanabe, S. Yamaguchi, A. Yamamoto, K. Yokoya, M. Yoshida [KEK, Ibaraki, Japan] C. Adolphsen, C.D. Nantista [SLAC, Menlo Park, California, USA] T.T. Arkan, S. Barbanotti, M.A. Battistoni, H. Carter, M.S. Champion, A. Hocker, R.D. Kephart, J.S. Kerby, D.V. Mitchell, T.J. Peterson, Y.M. Pischalnikov, M.C. Ross, W. Schappert, B.E. Smith [Fermilab, Batavia, USA] A. Bosotti, C. Pagani, R. Paparella, P. Pierini [INFN/LASA, Segrate (MI), Italy] K. Jensch, D. Kostin, L. Lilje, A. Matheisen, W.-D. Moeller (Möller), P. Schilling, M. Schmoekel (Schmökel), N.J. Walker, H. Weise [DESY, Hamburg, Germany] ","Test Results of the International S1-Global Cryomodule",615 624,
thioa02,"J.P. Ozelis [Fermilab, Batavia, USA] ","Gradient R&D in the US",625 630,
thioa03,"J.R. Delayen [ODU, Norfolk, Virginia, USA] ","Compact Superconducting Cavities for Deflecting and Crabbing Applications",631 636,
thioa04,"I. Ben-Zvi [BNL, Upton, Long Island, New York, USA] ","QWR for 1 Accelerators",637 645,
thioa05,"S. Mickat, W.A. Barth, L.A. Dahl, M. Kaiser, W. Vinzenz [GSI, Darmstadt, Germany] M. Amberg, V. Gettmann, S. Jacke, S. Mickat [HIM, Mainz, Germany] K. Aulenbacher [IKP, Mainz, Germany] D. Bänsch, F.D. Dziuba, D. Mäder, H. Podlech, U. Ratzinger [IAP, Frankfurt am Main, Germany] ","The sc cw-LINAC Demonstrator - SRF-Technology finds the way into GSI",646 649,
thioa06,"O. Capatina, G. Arnau-Izquierdo, S. Atieh, I. Aviles Santillana, S. Calatroni, A. D'Elia, R. Garoby, T. Junginger, D. Maciocha, E. Montesinos, V. Parma, T. Renaglia, T. Tardy, N. Valverde Alonso, W. Weingarten [CERN, Geneva, Switzerland] S. Chel, G. Devanz, J. Plouin [CEA/DSM/IRFU, France] ","Mechanical Design Considerations for =1 Cavities",650 658,
thioa07,"A. Puntambekar, J. Dwivedi, P.D. Gupta, S.C. Joshi, G. Mundra, P. Shrivastava [RRCAT, Indore (M.P.), India] C.A. Cooper, M.H. Foley, T.N. Khabiboulline, C.S. Mishra, J.P. Ozelis, A.M. Rowe [Fermilab, Batavia, USA] P.N. Potukuchi [IUAC, New Delhi, India] G. Wu [ANL, Argonne, USA] ","Single-cell SC Cavity Development in India",659 662,
thiob01,"C.M. Ginsburg, M.S. Champion [Fermilab, Batavia, USA] ","Project X Cavity and Cryomodule Development",663 666,
thiob02,"F. Orsini, N. Bazin, P. Bosland, P. Bredy, P. Carbonnier, P. Charon, G. Disset, N. Grouas, P. Hardy, V.M. Hennion, E. Jacques, H. Jenhani, J. Migne, Y. Penichot, J. Plouin, J. Relland, B. Renard, D. Roudier [CEA/IRFU, Gif-sur-Yvette, France] J. Calero, F.M. De Aragon, J.L. Gutierrez (Gutiérrez), I. Podadera, S. Sanz, F. Toral, J.G.S. de la Gama [CIEMAT, Madrid, Spain] E.N. Zaplatin [FZJ, Jülich, Germany] ","Vertical Tests Results of the IFMIF Cavity Prototypes and Cryomodule Development",667 673,
thiob03,"D. Leitner, D. Morris, S. Nash, G. Perdikakis, N.R. Usher [NSCL, East Lansing, Michigan, USA] C. Compton, A. Facco, M. Hodek, J. Popielarski, W. Wittmer, X. Wu, Q. Zhao [FRIB, East Lansing, Michigan, USA] ","Status of the ReAccelerator Facility RA for Rare Isotopes",674 679,
thiob04,"M.P. Kelly, Z.A. Conway, S.M. Gerbick, M. Kedzie, R.C. Murphy, B. Mustapha, P.N. Ostroumov, T. Reid [ANL, Argonne, USA] ","SRF Advances for ATLAS and other <1 Applications",680 683,
thiob05,N/A,N/A,99 98,
thiob06,N/A,N/A,99 98,
thiob07,N/A,N/A,99 98,
thiob08,N/A,N/A,99 98,
thpo001,"Y. Xie, M. Liepe, H. Padamsee [CLASSE, Ithaca, New York, USA] ","Quench Simulation Using a Ring-Type Defect Model",687 690,
thpo003,"D. Kostin, Th. Buettner, W.-D. Moeller (Möller), J.K. Sekutowicz [DESY, Hamburg, Germany] ","Multipacting in HOM Couplers at the 1.3GHz 9-cell TESLA Type SRF Cavity",691 694,
thpo004,"J. Halbritter [FZ Karlsruhe, Karlsruhe, Germany] ","Electro- or Chemical- Polishing and UHV Baking of Superconducting rf Nb Cavities and Q(H) Dependencies",695 697,
thpo005,"G.V. Eremeev [JLAB, Newport News, Virginia, USA] ","Exploration of Very High Gradient Cavities",698 701,
thpo006,"S. Aull, J. Knobloch, O. Kugeler [HZB, Berlin, Germany] ","Study of Trapped Magnetic Flux in Superconducting Niobium Samples",702 706,
thpo007,"Q. Wu, S.A. Belomestnykh, I. Ben-Zvi [BNL, Upton, Long Island, New York, USA] ","Novel Deflecting Cavity Design for eRHIC",707 709,
thpo008,"A. Romanenko, L.D. Cooley, G. Wu [Fermilab, Batavia, USA] G. Ciovati [JLAB, Newport News, Virginia, USA] ","Post-Baking Losses in Niobium Cavities Studied by Dissection",710 713,
thpo009,"S. Posen, M. Liepe, N.R.A. Valles [CLASSE, Ithaca, New York, USA] ","Quench Studies in Large and Fine Grain Nb Cavities",714 717,
thpo010,"S.A. Pande, M. Jensen [Diamond, Oxfordshire, United Kingdom] ","Multipactor Studies for DIAMOND Storage Ring Cavities",718 723,
thpo011,"O. Kugeler, W. Anders, J. Knobloch, A. Neumann [HZB, Berlin, Germany] ","Improving the Intrinsic Quality Factor of SRF Cavities by Thermal Cycling",724 727,
thpo012,"V.D. Shemelin, G.H. Hoffstaetter [CLASSE, Ithaca, New York, USA] ","Influence of Foreign Particles on the Quality Factor of a Superconducting Cavity",728 732,
thpo013,"K. Saito, F. Furuta [KEK, Ibaraki, Japan] T. Konomi [Sokendai, Ibaraki, Japan] F. Yasuda [The University of Tokyo, Institute of Physics, Tokyo, Japan] ","Investigation of 9-Cell Cavity Performance Problem by Facilities in KEK AR East 2nd Experimental Hall",733 739,
thpo015,"G.M. Ge [CLASSE, Ithaca, New York, USA] E. Borissov, L.D. Cooley, D.T. Hicks, T.H. Nicol, J.P. Ozelis, J. Ruan, D.A. Sergatskov [Fermilab, Batavia, USA] G. Wu [ANL, Argonne, USA] ","Repair SRFCavity by Re-Melting Surface Defects via High Power Laser Technique",740 744,
thpo016,N/A,N/A,99 98,
thpo017,"G.V. Eremeev, R.L. Geng, A.D. Palczewski [JLAB, Newport News, Virginia, USA] ","Probing the Fundamental Limit of Niobium in High Radiofrequency Fields by Dual Mode Excitation in Superconducting Radiofrequency Cavities",746 749,
thpo018,"G.V. Eremeev, R.L. Geng, A.D. Palczewski [JLAB, Newport News, Virginia, USA] J. Dai [PKU/IHIP, Beijing, People's Republic of China] ","Quench Studies of ILC Cavities",750 754,
thpo019,"A.D. Palczewski, G.V. Eremeev, R.L. Geng [JLAB, Newport News, Virginia, USA] ","Design, Construction, and Initial Test of High Spatial Resolution Thermometry Arrays for Detection of Surface Temperature Profiles on SRF Cavities in Super Fluid Helium",755 758,
thpo020,"J. Dai, K. Zhao [PKU/IHIP, Beijing, People's Republic of China] G.V. Eremeev, R.L. Geng, A.D. Palczewski [JLAB, Newport News, Virginia, USA] ","Exploration of Quench Initiation Due to Intentional Geometrical Defects in a High Magnetic Field Region of an SRF Cavity",759 762,
thpo023,N/A,N/A,99 98,
thpo024,"Y.B. Maximenko [MIPT, Dolgoprudniy, Moscow Region, Russia] D.A. Sergatskov, V.P. Yakovlev [Fermilab, Batavia, USA] ","Quench Dynamics in SRF Cavities",764 766,
thpo026,"K.C. Liao, C. Balle, J. Bremer, T. Junginger, W. Vollenberg, W. Weingarten [CERN, Geneva, Switzerland] H. Vennekate [University of Göttingen, Georg-August University of Göttingen, Göttingen, Germany] ","Second Sound Measurement for SPL Cavity Diagnostics",767 772,
thpo027,"J. Dai, K. Zhao [PKU/IHIP, Beijing, People's Republic of China] R.L. Geng [JLAB, Newport News, Virginia, USA] K. Watanabe [KEK, Ibaraki, Japan] ","Optical Observation of Geometrical Features and Correlation With RFTest Results",773 775,
thpo028,"P. Maheshwari, A.D. Batchelor, D.P. Griffis, F.A. Stevie, C. Zhou [NCSU AIF, Raleigh, North Carolina, USA] G. Ciovati, R. Myneni, J.K. Spradlin [JLAB, Newport News, Virginia, USA] M. Rigsbee [Materials Science and Engineering, Raleigh, USA] ","SIMS and TEM Analysis of Niobium Bicrystals",776 780,
thpo029,"G.V. Eremeev [JLAB, Newport News, Virginia, USA] ","Commissioning Cornell OSTs for SRF Cavity Testing at JLab",781 783,
thpo030,N/A,N/A,99 98,
thpo031,"F. Schlander, E. Elsen, D. Reschke [DESY, Hamburg, Germany] ","Second Sound as an automated Quench Localisation Tool at DESY",785 787,
thpo032,N/A,N/A,99 98,
thpo034,"E. Cenni [Sokendai, Ibaraki, Japan] T. Furuya, H. Sakai, K. Umemori [KEK, Ibaraki, Japan] M. Sawamura [Japan Atomic Energy Agency (JAEA), Gamma-ray Non-Destructive Assay Research Group, Tokai-mura, Ibaraki-ken, Japan] K. Shinoe [ISSP/SRL, Chiba, Japan] ","Vertical Test Results on KEK-ERL 9-Cell L-Band Superconducting Cavity",789 794,
thpo035,"D. Kostin, A. Goessel (Gössel), V. Gubarev, W.-D. Moeller (Möller), D. Reschke, K. Twarowski [DESY, Hamburg, Germany] ","Comparison of Field Emission at Different SRF Cavity Assembly States and Test Stands",795 797,
thpo036,"R.L. Geng, T. Goodman [JLAB, Newport News, Virginia, USA] ","A Machine for High-Resolution Inspection of SRF Cavities at JLab",798 800,
thpo037,N/A,N/A,99 98,
thpo038,"H. Tian, C.E. Reece [JLAB, Newport News, Virginia, USA] S.R. Brankovic, N. Dole [University of Houston, Houston TX, USA] ","Detailed Nb Surface Morphology Evolution During Electropolishing for SRF Cavity Production",802 805,
thpo040,"N. Eddy, B.J. Fellenz, P.S. Prieto, A. Semenov, D.C. Voy, M. Wendt [Fermilab, Batavia, USA] ","A Wire Position Monitor System for the 1.3GHz Tesla-Style Cryomodule at the Fermilab New Muon Lab",806 809,
thpo041,"H. Hahn, W. Xu [BNL, Upton, Long Island, New York, USA] P. Jain, E.C. Johnson [Stony Brook University, Stony Brook, USA] ","HOM Identification and Bead Pulling on the Brookhaven ERL",810 817,
thpo042,N/A,N/A,99 98,
thpo044,"X. Zhao, H.L. Phillips, C.E. Reece, J.K. Spradlin, A-M. Valente-Feliciano [JLAB, Newport News, Virginia, USA] H. Baumgart, D. Gu [ODU, Norfolk, Virginia, USA] K.I. Seo [NSU, Newport News, Virginia, USA] ","Structural Characterization of Nb Films Deposited by ECR Plasma Energetic Condensation on Crystalline Insulators",819 825,
thpo045,"T.M. Tai, B.G. Ghamsari [CNAM, UMD, College Park, USA] S. M. Anlage [UMD, College Park, Maryland, USA] X. Xi, C.G. Zhuang [TU, Philadelphia, USA] ","MgB2 Nonlinear Properties Investigated Under Localized High RF Magnetic Field Excitation",826 831,
thpo046,"C. Xu, M.J. Kelley [The College of William and Mary, Williamsburg, USA] C.E. Reece, H. Tian [JLAB, Newport News, Virginia, USA] ","Characterization of Scale-Dependent Roughness of Niobium Surfaces as a Function of Surface Treatment Processes",832 834,
thpo047,"C. Clavero, D. Beringer, R.A. Lukaszew, W.M. Roach, R. Skuza [The College of William and Mary, Williamsburg, USA] C.E. Reece [JLAB, Newport News, Virginia, USA] ","Strain Effects in the Superconducting Properties of Niobium Thin Films grown on Sapphire",835 837,
thpo048,"B. Xiao, M.J. Kelley [The College of William and Mary, Williamsburg, USA] H.L. Phillips, C.E. Reece [JLAB, Newport News, Virginia, USA] T. Tajima [LANL, Los Alamos, New Mexico, USA] ","RF Surface Impedance of MgB2 Thin Films at 7.5 GHz",838 840,
thpo050,"Y. Xie, M. Liepe [CLASSE, Ithaca, New York, USA] ","TE Sample Host Cavities Development at Cornell",841 845,
thpo051,"A.V. Dzyuba, L.D. Cooley, E. Toropov [Fermilab, Batavia, USA] A.V. Dzyuba [NSU, Novosibirsk, Russia] G.M. Ge [CLASSE, Ithaca, New York, USA] G. Wu [ANL, Argonne, USA] ","Laser Re-Melting Influence on Nb Properties: Geometrical and Chemical Aspects",846 848,
thpo052,"A. Romanenko [Fermilab, Batavia, USA] L.V. Goncharova [UWO, London, Ontario, Canada] ","Investigation of Near-Surface Interstitial Hydrogen in Cavity-Grade Niobium",849 853,
thpo053,N/A,N/A,99 98,
thpo055,N/A,N/A,99 98,
thpo057,"P. Dhakal, G. Ciovati, P. Kneisel, R. Myneni [JLAB, Newport News, Virginia, USA] ","Superconducting DC and RF Properties of Ingot Niobium",856 861,
thpo058,N/A,N/A,99 98,
thpo059,"R. Grill, W. Simader [Plansee Metall GmbH, Reutte, Austria] M. Heilmaier, D. Janda [TU Darmstadt, Darmstadt, Germany] W. Singer, X. Singer [DESY, Hamburg, Germany] ","Correlation of Microstructure, Chemical Composition and RRR-Value in High Purity Niobium (Nb-RRR))",863 867,
thpo060,N/A,N/A,99 98,
thpo061,"A. Navitski, S. Lagotzky, G. Mueller (Müller) [Bergische Universitaet Wuppertal, Wuppertal, Germany] D. Reschke, X. Singer [DESY, Hamburg, Germany] ","Activation of Field Emitters on Clean Nb Surfaces",869 873,
thpo062,"W.M. Roach, D. Beringer, C. Clavero, R.A. Lukaszew [The College of William and Mary, Williamsburg, USA] C.E. Reece [JLAB, Newport News, Virginia, USA] ","Investigation of Epitaxial Niobium Thin Films Grown on Different Surfaces Suitable for SRF Cavities",874 876,
thpo064,"J.K. Spradlin, H.L. Phillips, C.E. Reece, A-M. Valente-Feliciano, X. Zhao [JLAB, Newport News, Virginia, USA] D. Gu [ODU, Norfolk, Virginia, USA] K.I. Seo [NSU, Newport News, Virginia, USA] ","Structural Properties of Niobium Thin Films Deposited on Metallic Substrates by ECR Plasma Energetic Condensation",877 882,
thpo065,"D. Beringer, C. Clavero, R.A. Lukaszew, W.M. Roach [The College of William and Mary, Williamsburg, USA] C.E. Reece [JLAB, Newport News, Virginia, USA] ","Anomalous Morphological Scaling in Epitaxial Niobium Thin Films on MgO(001)",883 885,
thpo066,"S. Posen, M. Liepe [CLASSE, Ithaca, New York, USA] ","Stoichiometric Nb3Sn in First Samples Coated at Cornell",886 889,
thpo067,"D. Kang, D.C. Baars, T.R. Bieler [Michigan State University, East Lansing, Michigan, USA] G. Ciovati [JLAB, Newport News, Virginia, USA] C. Compton [FRIB, East Lansing, Michigan, USA] T.L. Grimm, A.A. Kolka [Niowave, Inc., Lansing, Michigan, USA] ","Characterization of Large Grain Nb Ingot Microstructure Using OIM and Laue Methods",890 897,
thpo069,"E.F. Valderrama, C. James, M. Krishnan [AASC, San Leandro, California, USA] P. Maheshwari, F.A. Stevie [NCSU AIF, Raleigh, North Carolina, USA] K.I. Seo [NSU, Newport News, Virginia, USA] X. Zhao [JLAB, Newport News, Virginia, USA] ","Nb Film Growth on Crystalline and Amorphous Substrates",898 904,
thpo070,"T.M. Nguyen [Nguyenthi Mua, ha noi, Viet Nam] ","Effect of Fabricate Condition on Properties of Bi-2212 Thin Films",905 907,
thpo071,"A.D. Palczewski, C.E. Reece, H. Tian, O. Trofimova [JLAB, Newport News, Virginia, USA] ","Detailed Surface Analysis of Incremental Centrifugal Barrel Polishing (CBP) of Single-Crystal Niobium Samples",908 911,
thpo072,"J. Zasadzinski [IIT, Chicago, Illinois, USA] B. Albee, S. Bishnoi, C. Cao [Illinois Institute of Technology, Chicago, IL, USA] G. Ciovati [JLAB, Newport News, Virginia, USA] L.D. Cooley, D.C. Ford [Fermilab, Batavia, USA] Th. Proslier [ANL, Argonne, USA] ","Raman Spectroscopy as a Probe of Surface Oxides and Hydrides on Niobium",912 916,
thpo073,"S. Singaravelu, M.J. Kelley, J.M. Klopf, G.A. Krafft [JLAB, Newport News, Virginia, USA] C. Xu [The College of William and Mary, Williamsburg, USA] ","Laser Melt Smoothing of Niobium Superconducting Radio-Frequency Cavity Surfaces",917 919,
thpo074,"A-M. Valente-Feliciano, H.L. Phillips, C.E. Reece, J.K. Spradlin [JLAB, Newport News, Virginia, USA] A.D. Batchelor, F.A. Stevie [NCSU AIF, Raleigh, North Carolina, USA] R.A. Lukaszew [The College of William and Mary, Williamsburg, USA] K.I. Seo [NSU, Newport News, Virginia, USA] ","SRF Multilayer Structures based on NbTiN",920 925,
thpo076,"N. Pogue, P.M. McIntyre, A. Sattarov [Texas Aamp;M University, College Station, Texas, USA] C.E. Reece [JLAB, Newport News, Virginia, USA] ","Measurement of the Loss Tangent and Heat Capacity of a Large Single Crystal Sapphire",926 929,
thpo077,"E.F. Valderrama, C. James, M. Krishnan [AASC, San Leandro, California, USA] P. Maheshwari, F.A. Stevie [NCSU AIF, Raleigh, North Carolina, USA] K.I. Seo [NSU, Newport News, Virginia, USA] X. Zhao [JLAB, Newport News, Virginia, USA] ","Mo-Re Films for SRF Applications",930 935,
thpo079,"J.K. Spradlin, O. Trofimova, A-M. Valente-Feliciano [JLAB, Newport News, Virginia, USA] ","Surface Preparation of Metallic Substrates for Quality SRF Thin Films",936 939,
tuioa01,"V. Palmieri, K. Atroshchenko, A.M. Camacho Romero, A.A. Rossi, S. Stark [INFN/LNL, Legnaro (PD), Italy] ","Athmospheric Surface Treatments to SC cavities",275 279,
tuioa02,N/A,N/A,99 98,
tuioa03,"C.Z. Antoine, S. Berry [CEA/DSM/IRFU, France] A. Andreone [Naples University Federico II, Napoli, Italy] Q. Famery, J. Leclerc [CEA/IRFU, Gif-sur-Yvette, France] G. Lamura [CNR-INFM-LAMIA, Genova, Italy] J.C. Villegier [CEA/INAC, Grenoble Cedex 9, France] ","Magnetic Screening of NbN Multilayers Samples",281 286,
tuioa04,"T. Tajima, L. Civale, N.F. Haberkorn, R.K. Schulze [LANL, Los Alamos, New Mexico, USA] V.A. Dolgashev, J. Guo, D.W. Martin, S.G. Tantawi, C. Yoneda [SLAC, Menlo Park, California, USA] H. Inoue, T. Tajima [KEK, Ibaraki, Japan] A. Matsumoto, E. Watanabe [NIMS, Tsukuba, Ibaraki, Japan] B. Moeckly, C. Yung [STI, Santa Barbara, California, USA] M.J. Pellin, Th. Proslier [ANL, Argonne, USA] X. Xi [TU, Philadelphia, USA] B. Xiao [JLAB, Newport News, Virginia, USA] ","MgB2 Thin Film Studies",287 292,
tuioa05,"N.R.A. Valles, M. Liepe [CLASSE, Ithaca, New York, USA] ","The Superheating Field of Niobium: Theory and Experiment",293 301,
tuioa06,"A. Anders, S. Lim, R. Mendelsberg, M. Mentink, A.V. Nollau, J.L. Slack, J.G. Wallig [LBNL, Berkeley, California, USA] G. Yushkov [Institute of High Current Electronics, Tomsk, Russia] ","Deposition of Niobium and Other Superconducting Materials With High Power Impulse Magnetron Sputtering: Concept and First Results",302 308,
tuiob01,"M. Krishnan, C. James, E.F. Valderrama [AASC, San Leandro, California, USA] A.D. Batchelor, P. Maheshwari, F.A. Stevie [NCSU AIF, Raleigh, North Carolina, USA] H.L. Phillips, C.E. Reece, J.K. Spradlin, A-M. Valente-Feliciano, X. Zhao [JLAB, Newport News, Virginia, USA] K.I. Seo [NSU, Newport News, Virginia, USA] Z.H. Sung [ASC, Tallahassee, Florida, USA] ","Energetic Condensation Growth of Nb Thin-films",309 318,
tuiob02,"G. Ciovati, P. Dhakal, R. Myneni [JLAB, Newport News, Virginia, USA] ","Summary of the Symposium on Ingot Nb and New Results on Fundamental Studies of Large Grain Nb",319 324,
tuiob03,"J. Guo, D.W. Martin, S.G. Tantawi, C. Yoneda [SLAC, Menlo Park, California, USA] ","Testing the RF Properties of Novel Super Conducting Materials",325 329,
tuiob04,N/A,N/A,99 98,
tuiob05,N/A,N/A,99 98,
tuiob06,"A-M. Valente-Feliciano [JLAB, Newport News, Virginia, USA] ","Nb Films: Substrates, Nucleation & Crystal Growth",332 342,
tuiob07,N/A,N/A,99 98,
tuiob08,N/A,N/A,99 98,
tupo001,N/A,N/A,99 98,
tupo002,"J. Plouin, D. Braud, M. Desmons, G. Devanz, Y. Gasser, E. Jacques, O. Piquet, J.P. Poupeau, D. Roudier, P. Sahuquet [CEA/DSM/IRFU, France] W. Höfle, D. Valuch [CERN, Geneva, Switzerland] ","High Power Pulsed Tests of a =0.5 5-Cell 704 MHz Superconducting Cavity",345 349,
tupo003,"M. Sawamura [Japan Atomic Energy Agency (JAEA), Gamma-ray Non-Destructive Assay Research Group, Tokai-mura, Ibaraki-ken, Japan] E. Cenni [Sokendai, Ibaraki, Japan] T. Furuya, H. Sakai, K. Umemori [KEK, Ibaraki, Japan] K. Shinoe [ISSP/SRL, Chiba, Japan] ","Cooling Properties of HOM Absorber Model for cERL in Japan",350 352,
tupo004,"J. Popielarski, P. Glennon, M. Hodek, J. Wlodarczak [FRIB, East Lansing, Michigan, USA] ","Development and Testing of Prototype Fundamental Power Couplers for FRIB Half Wave Resonators",353 355,
tupo005,"H. Sakai, T. Furuya, N. Nakamura, K. Umemori [KEK, Ibaraki, Japan] E. Cenni [Sokendai, Ibaraki, Japan] M. Sawamura [JAEA, Ibaraki-ken, Japan] K. Shinoe [ISSP/SRL, Chiba, Japan] ","High Power Tests of KEK-ERL Input Coupler for Main Linac Under LN2 Condition",356 360,
tupo006,"S. Kazakov, M.S. Champion, S. Cheban, T.N. Khabiboulline, M. Kramp, Y. Orlov, O. Pronitchev, V.P. Yakovlev [Fermilab, Batavia, USA] ","High Power Couplers for the Project X Linac",361 363,
tupo007,N/A,N/A,99 98,
tupo008,"R.K. Buckley, R. Bate, P. Goudket, A.R. Goulden, P.A. McIntosh, J.F. Orrett, S.M. Pattalwar, A.E. Wheelhouse [STFC/DL/ASTeC, Daresbury, Warrington, Cheshire, United Kingdom] ","Vertical Test Facility for Superconducting RF Cavities at Daresbury Laboratory",365 367,
tupo009,"S. Kazakov [Fermilab, Batavia, USA] ","How to Eliminate a Copper Coating and to Increase an Average Power of Main Coupler",368 370,
tupo010,"W. Xu, Z. Altinbas, S.A. Belomestnykh, I. Ben-Zvi, A. Burrill, S. Deonarine, D.M. Gassner, J.P. Jamilkowski, P. Kankiya, D. Kayran, N. Laloudakis, L. Masi, G.T. McIntyre, D. Pate, D. Phillips, T. Seda, A.N. Steszyn, T.N. Tallerico, R.J. Todd, D. Weiss, A. Zaltsman [BNL, Upton, Long Island, New York, USA] M.D. Cole, G.J. Whitbeck [AES, Medford, NY, USA] ","Conditioning the Fundamental Power Coupler for ERL SRF Gun",371 373,
tupo011,"W. Kaabi, M. Lacroix, Y. Peinaud [LAL, Orsay, France] ","Coupler Cleaning Machine",374 376,
tupo012,"M.E. Inman, T.D. Hall, E.J. Taylor [Faraday Technology, Inc., Clayton, USA] C.E. Reece, O. Trofimova [JLAB, Newport News, Virginia, USA] ","Niobium Electropolishing in an Aqueous, Non-Viscous HF-Free Electrolyte: A New Polishing Mechanism",377 381,
tupo013,"P.A. McIntosh, R. Bate, P. Goudket, J.F. Orrett, S.M. Pattalwar [STFC/DL/ASTeC, Daresbury, Warrington, Cheshire, United Kingdom] S.A. Belomestnykh, M. Liepe, H. Padamsee, P. Quigley, J. Sears, V.D. Shemelin, V. Veshcherevich [CLASSE, Ithaca, New York, USA] A. Buechner (A. Büchner), F.G. Gabriel, P. Michel [HZDR, Dresden, Germany] M.A. Cordwell, T.J. Jones, J. Strachan [STFC/DL, Daresbury, Warrington, Cheshire, United Kingdom] J.N. Corlett, D. Li, S.M. Lidia [LBNL, Berkeley, California, USA] T. Kimura, T.I. Smith [Stanford University, Stanford, California, USA] R.E. Laxdal [TRIUMF, Canada's National Laboratory for Particle and Nuclear Physics, Vancouver, Canada] D. Proch, J.K. Sekutowicz [DESY, Hamburg, Germany] ","Assembly of the International ERL Cryomodule at Daresbury Laboratory",382 385,
tupo014,"F. Furuta, T. Konomi, K. Saito [KEK, Ibaraki, Japan] G.V. Eremeev, R.L. Geng [JLAB, Newport News, Virginia, USA] ","High Gradient Results of ICHIRO 9-Cell Cavity in Collaboration With KEK and Jlab",386 390,
tupo015,"R.L. Geng [JLAB, Newport News, Virginia, USA] A.C. Crawford [CLASSE, Ithaca, New York, USA] ","Standard Procedures of ILC High Gradient Cavity Processing at Jefferson Lab",391 393,
tupo016,"C. Compton, L.J. Dubbs, K. Elliott, D. R. Miller, R. Oweiss, L. Popielarski, K. Witgen [FRIB, East Lansing, Michigan, USA] ","Study Correlating Niobium Surface Roughness with Surface Particle Counts",394 396,
tupo017,"M.E. Inman, H.M. Garich, S.T. Snyder, E.J. Taylor [Faraday Technology, Inc., Clayton, USA] L.D. Cooley, C.A. Cooper, A.M. Rowe [Fermilab, Batavia, USA] ","Development and Scale-Up of an HF Free Electropolishing Process in Single-Cell Niobium SRF Cavities",397 400,
tupo018,"M. Schalwat, K. Escherich, N. Krupka, A. Matheisen, B. Petersen, N. Steinhau-Kuehl (Steinhau Kühl) [DESY, Hamburg, Germany] ","Update of the DESY Infrastructure for Cavity Preparation",401 404,
tupo019,"A. Arnold, P. Murcek, J. Teichert, R. Xiang [HZDR, Dresden, Germany] G.V. Eremeev, P. Kneisel, M. Stirbet, L. Turlington [JLAB, Newport News, Virginia, USA] ","Fabrication, Tuning, Treatment and Testing of Two 3.5 Cell Photo-Injector Cavities for the ELBE Linac",405 407,
tupo021,"T. Reid, S.M. Gerbick, M.P. Kelly, R.C. Murphy [ANL, Argonne, USA] ","Current State of Electropolishing at ANL",408 410,
tupo022,"S. Jin, X.Y. Lu, K. Zhao [PKU/IHIP, Beijing, People's Republic of China] R.A. Rimmer, A.T. Wu [JLAB, Newport News, Virginia, USA] ","Effects of Cathode Shapes on BEP and EP During Vertical Surface Treatments on Niobium",411 417,
tupo023,"T. Ota, N. Kuroiwa, K. Mori, T. Nagafuchi, K. Nakayama, S. Nomura, K. Sato, J. Shibuya, Y. Tajima, T. Tosaka, M. Urata, J. Watanabe, M. Yamada [Toshiba, Yokohama, Japan] ","Development of the Superconducting Cavity for ILC at TOSHIBA",418 420,
tupo024,"L. Zhao [The College of William and Mary, Williamsburg, USA] M.J. Kelley, C.E. Reece, H. Tian [JLAB, Newport News, Virginia, USA] ","Sulfur Residues in Niobium Electropolishing",421 423,
tupo025,"C.A. Cooper, M.S. Champion, L.D. Cooley, V. Poloubotko, O. Pronitchev, A.M. Rowe, M. Wong [Fermilab, Batavia, USA] ","Integrated Cavity Processing Apparatus at Fermilab: SRF Cavity Processing R&D",424 430,
tupo026,N/A,N/A,99 98,
tupo027,N/A,N/A,99 98,
tupo028,"R.L. Geng, D. Forehand, B.A. Golden, P. Kushnick, R.B. Overton [JLAB, Newport News, Virginia, USA] M. Calderaro, E. Peterson, J. Rathke [AES, Medford, NY, USA] M.S. Champion, J. Follkie [Fermilab, Batavia, USA] A.C. Crawford [CLASSE, Ithaca, New York, USA] ","Qualification of the Second Batch Production 9-Cell Cavities Manufactured by AES and Validation of the First US Industrial Cavity Vendor for ILC",433 435,
tupo029,"R.L. Geng, W.A. Clemens [JLAB, Newport News, Virginia, USA] C.A. Cooper [Fermilab, Batavia, USA] H. Hayano, K. Watanabe [KEK, Ibaraki, Japan] ","Gradient Improvement by Removal of Identified Local Defects",436 438,
tupo030,"T. Watanuki, T. Semba, M. Watanabe [Hitachi Ltd., Ibaraki-ken, Japan] H. Hayano, E. Kako, S. Noguchi, T. Saeki, T. Shishido, K. Watanabe, Y. Yamamoto [KEK, Ibaraki, Japan] ","Status of the 9-Cell Superconducting Cavity R&D for ILC at Hitachi",439 441,
tupo031,"A.T. Wu, J.D. Mammosser, R.A. Rimmer [JLAB, Newport News, Virginia, USA] S. Jin, L. Lin, X.Y. Lu, K. Zhao [PKU/IHIP, Beijing, People's Republic of China] ","Update on the R&D of Vertical Buffered Electropolishing on Nb Samples and SRF Single Cell Cavities",442 446,
tupo032,"Y. Iwashita, H. Tongu [Kyoto ICR, Uji, Kyoto, Japan] H. Hayano, T. Saeki, K. Watanabe [KEK, Ibaraki, Japan] ","Updates on R&D of Nondestructive Inspection Systems for SRF Cavities",447 449,
tupo033,"S. Jin, X.Y. Lu, K. Zhao [PKU/IHIP, Beijing, People's Republic of China] R.A. Rimmer, A.T. Wu [JLAB, Newport News, Virginia, USA] ","Study of I-V Characteristics at Different Locations Inside a Demountable Nb SRF Cavity During Vertical BEP and EP Treatments",450 455,
tupo034,"R.C. Murphy, S.M. Gerbick, M. Kedzie, M.P. Kelly, T. Reid [ANL, Argonne, USA] ","A Flexible System for the High Pressure Rinsing of SRF Cavities",456 458,
tupo035,N/A,N/A,99 98,
tupo036,N/A,N/A,99 98,
tupo037,"T. Saeki, H. Hayano, S. Kato, M. Nishiwaki, M. Sawabe [KEK, Ibaraki, Japan] W.A. Clemens, R.L. Geng, R. Manus [JLAB, Newport News, Virginia, USA] P.V. Tyagi [Sokendai, Ibaraki, Japan] ","Study on Electro-Polishing Process by Niobium-Plate Sample With Artificial Pits",461 463,
tupo038,"A.E. Wheelhouse, R. Bate, R.K. Buckley, P. Goudket, A.R. Goulden, P.A. McIntosh, J.F. Orrett [STFC/DL/ASTeC, Daresbury, Warrington, Cheshire, United Kingdom] J.R. Everard, N. Shakespeare [Shakespeare Engineering, South Woodham Ferrers, Essex, United Kingdom] P. Kneisel, S. Manning, R.A. Rimmer [JLAB, Newport News, Virginia, USA] ","Superconducting RF Cavity Development With UK Industry",464 466,
tupo039,"M. Sawabe, H. Hayano, A. Komiya, H. Monjushiro, T. Saeki, M. Satou [KEK, Ibaraki, Japan] ","Long-Term Monitoring of 2nd–Period EP-Electrolyte in STF-EP Facility at KEK",467 471,
tupo041,"A. Matheisen, B. Horst, van der, S. Saegebarth, P. Schilling, M. Schmoekel (Schmökel), N. Steinhau-Kuehl (Steinhau Kühl), H. Weitkaemper (Weitkämper) [DESY, Hamburg, Germany] ","Investigation on Cavity String Assembly and Repair",472 475,
tupo042,"C. Adolphsen, A.A. Haase, C.D. Nantista, J. Tice, F. Wang [SLAC, Menlo Park, California, USA] T.T. Arkan, M.S. Champion, S. Kazakov, A. Lunin, K.S. Premo [Fermilab, Batavia, USA] ","SLAC/FNAL TTF3 Coupler Assembly and Processing Experience",476 478,
tupo043,"J. Upadhyay, M. Nikolic (Nikolić), S. Popovic (Popović), L. Vuskovic (Vušković) [ODU, Norfolk, Virginia, USA] H.L. Phillips, A-M. Valente-Feliciano [JLAB, Newport News, Virginia, USA] ","Optimization of Ar/CL2 Plasma Parameters Used for SRF Cavity Etching",479 481,
tupo044,"V.D. Shemelin [CLASSE, Ithaca, New York, USA] ","Correction of a Superconducting Cavity Shape Due to Etching, Cooling Down and Tuning",482 485,
tupo045,"A. Matheisen, B. Horst, van der, D. Kostin, N. Krupka, S. Saegebarth, M. Schalwat, P. Schilling, M. Schmoekel (Schmökel), H. Weitkaemper (Weitkämper) [DESY, Hamburg, Germany] ","Investigations to Understand the Origin of Degradation of Super Conducting Cavities found in Acceleration Modules at DESY",486 489,
tupo046,"D. Reschke, S. Aderhold, A. Goessel (Gössel), J. Iversen, S. Karstensen, D. Kostin, G. Kreps, A. Matheisen, W.-D. Moeller (Möller), F. Schlander, W. Singer, X. Singer, N. Steinhau-Kuehl (Steinhau Kühl), A.A. Sulimov, K. Twarowski [DESY, Hamburg, Germany] ","Results on Large Grain Nine-Cell Cavities at DESY: Gradients up to 45 MV/m after Electropolishing",490 494,
tupo048,"J.H. Thie, A. Goessel (Gössel), J. Iversen, D. Klinke, G. Kreps, W.-D. Moeller (Möller), C. Mueller, H.-B. Peters, A.A. Sulimov, D. Tischhauser [DESY, Hamburg, Germany] D. Bhogadi, R.H. Carcagno, T.N. Khabiboulline, S. Kotelnikov, A. Makulski, R. Nehring, J.M. Nogiec, W. Schappert, C. Sylvester [Fermilab, Batavia, USA] ","Commissioning and Upgrade of Automatic Cavity Tuning Machines for the European Xfel",495 500,
tupo049,"R.L. Geng, G.V. Eremeev, P. Kneisel [JLAB, Newport News, Virginia, USA] K.X. Liu, X.Y. Lu, K. Zhao [PKU/IHIP, Beijing, People's Republic of China] ","Q0 Improvement of Large-Grain Multi-Cell Cavities by Using JLab's Standard ILC EP Processing",501 503,
tupo050,"A. Schmidt, R. Bandelmann, H. Brueck, A. Matheisen, J. Schaffran [DESY, Hamburg, Germany] ","Studies on Transportation of Superconducting Resonators and Beam Position Monitors - Quadrupol Units for the XFEL Project",504 507,
tupo051,"G. Ciovati, P. Dhakal, R. Myneni [JLAB, Newport News, Virginia, USA] P. Maheshwari, F.A. Stevie [NCSU AIF, Raleigh, North Carolina, USA] ","High-Temperature Heat Treatment Study on a Large-Grain Nb Cavity",508 511,
tupo052,"G.W. Wang, J.P. Dai, X.W. Dai, K. He, H.Y. Lin, Y.P. Liu, H. Li, S.P. Li, Z.Q. Li, Q. Ma, F. Meng, W.M. Pan, X.H. Peng, F. Qiu, P. Sha, Y. Sun, G.P. Wang, Q.Y. Wang, B. Xu, G.Y. Zhao [IHEP Beijing, Beijing, People's Republic of China] J.Z. Li, D.G. Liu [AVIC Beijing Aeromautical Manufacturing Technology Research Institute, People's Republic of China] ","Fabrication and Test of 500MHz Nb Cavity for BEPCII",512 514,
tupo053,"E. Toropov, D.A. Sergatskov [Fermilab, Batavia, USA] ","Optical Inspection of SRF Cavities at Fermilab",515 518,
tupo054,"E. Toropov, D.A. Sergatskov [Fermilab, Batavia, USA] ","SRF Cavity Surface Topography From Optical Inspection",519 521,
tupo055,"A. Hocker, E.R. Harms, A. Lunin, A.I. Sukhanov [Fermilab, Batavia, USA] ","Horizontal SRF Cavity Testing at Fermilab",522 525,
tupo057,"L. Popielarski, L.J. Dubbs, K. Elliott, I.M. Malloch, R. Oweiss, J. Popielarski [FRIB, East Lansing, Michigan, USA] ","Buffered Chemical Polishing Development for the =0.53 Half-Wave Resonator at Michigan State University",526 529,
tupo058,"J.K. Chambrillon, O. Brunner, P. Maesen, O. Pirotte, M. Therasse, B. Vullierme, W. Weingarten [CERN, Geneva, Switzerland] ","CERN SRF Assembling and Test Facilities",530 532,
tupo059,"L. Popielarski, L.J. Dubbs, K. Elliott, I.M. Malloch, R. Oweiss, M. Williams [FRIB, East Lansing, Michigan, USA] ","SRF Cavity Processing and Cleanroom Facility Upgrades at Michigan State University",533 536,
tupo060,"J. Popielarski, C. Compton, A. Facco, W. Hartung, L. Popielarski, J. Wlodarczak [FRIB, East Lansing, Michigan, USA] ","Dewar Testing of  = 0.085 Quarter Wave Resonators at MSU",537 541,
tupo061,"A.V. Reilly, T. Bass, A. Burrill, G.K. Davis, F. Marhauser, C.E. Reece, M. Stirbet [JLAB, Newport News, Virginia, USA] ","Preparation and Testing of the SRF Cavities for the CEBAF 12 GeV Upgrade",542 548,
tupo062,"F. Eozénou, S. Chel, Y. Gasser, J.P. Poupeau, C. Servouin, Z. Wang [CEA/DSM/IRFU, France] ","Vertical Electro-Polishing at CEA Saclay: Commissioning of a New Set-Up and Modeling of the Process Applied to Different Cavities",549 554,
tupo065,"V.M. Arrieta, S.R. McNeal [Ultramet, California, USA] ","Economical Manufacture of Seamless High-Purity Niobium",555 557,
tupo066,"F. Schlander, S. Aderhold, D. Reschke, K. Twarowski [DESY, Hamburg, Germany] ","Analysis of Recent Results from Second Sound, Temperature Mapping and Optical Inspection of 1.3 GHz Cavities at DESY",558 560,
tupo068,"A. Chandra, G. Frankel, M. Sumption [Ohio State University, USA] ","Electropolishing of Niobium to Obtain Defect Free Surface",561 564,
weioa01,"H. Tian, C.E. Reece [JLAB, Newport News, Virginia, USA] ","Quantitative EP Studies and Results for SRF Nb Cavity Production",565 570,
weioa02,"C.A. Cooper [Fermilab, Batavia, USA] B. Bullock [CLASSE, Ithaca, New York, USA] S.C. Joshi [RRCAT, Indore (M.P.), India] A.D. Palczewski [JLAB, Newport News, Virginia, USA] K. Saito [KEK, Ibaraki, Japan] ","Centrifugal Barrel Polishing (CBP) of SRF Cavities Worldwide",571 575,
weioa03,"S.M. Gerbick, M.P. Kelly, R.C. Murphy, T. Reid [ANL, Argonne, USA] ","A New Electropolishing System For Low-Beta SC Cavities",576 578,
weioa04,"T. Junginger, W. Weingarten [CERN, Geneva, Switzerland] T. Junginger [MPI-K, Heidelberg, Germany] C.P. Welsch [Cockcroft Institute, Warrington, Cheshire, United Kingdom] ","Review of RF-Sample-Test Equipment and Results",579 587,
weioa05,"E.R. Harms, H.T. Edwards [Fermilab, Batavia, USA] ","X-Ray Tomography Inspection of SRF Cavities",588 592,
weioa06,"S.K. Chandrasekaran [MSU, East Lansing, USA] T.R. Bieler [Michigan State University, East Lansing, USA] C. Compton [FRIB, East Lansing, Michigan, USA] N.T. Wright [(MSU), East Lansing, USA] ","Effect of Heat Treatment Temperature on the Thermal Conductivity of Large Grain Superconducting Niobium",593 596,
weiob01,N/A,N/A,99 98,
weiob02,"K. Watanabe, H. Hayano [KEK, Ibaraki, Japan] Y. Iwashita [Kyoto ICR, Uji, Kyoto, Japan] ","Cavity Inspection and Repair Techniques",598 602,
weiob03,"K. Sennyu, H. Hara, H. Hitomi, K. Kanaoka, T. Yanagisawa [MHI, Kobe, Japan] ","Improvement in Cavity Fabrication Technology and Cost Reduction Methods",603 605,
weiob04,N/A,N/A,99 98,
weiob05,"S. Aderhold [DESY, Hamburg, Germany] ","Large Grain Cavities: Fabrication, RF Results and Optical Inspection",607 610,
weiob06,"J.Y. Zhai, J.P. Dai, J. Gao, D.Z. Li, Z.Q. Li, Z.C. Liu, Q.Y. Wang, Q. Xiao, T.X. Zhao [IHEP Beijing, Beijing, People's Republic of China] ","IHEP 1.3GHz Low-Loss Large Grain 9-cell cavity R&D for ILC",611 614,
