FRM101,"G.N. Kulipanov, V.P. Bolotin, N.A. Vinokurov, A.V. Davydov, D.A. Kayran, B.A. Knyazev, E.I. Kolobanov, V.V. Kubarev, A.N. Matveenko, L.E. Medvedev, S.V. Miginsky, L.A. Mironenko, A.D. Oreshkov, V.K. Ovchar, V.M. Popik, T.V. Salikova, S.S. Serednyakov, A.N. Skrinsky, O.A. Shevchenko, M.A. Scheglov (BINP)","Status of the Novosibirsk High Power Free Electron Laser",
FRM103,"Y.U. Jeong, S.H. Park, B.C. Lee, H.J. Cha  (KAERI), G.M. Kazakevitch (BINP)","Compact Terahertz Free-Electron Laser as a Users Facility",
FRM201,"P. Pearce (TERA Foundation), L. Shen (IHEP)","A Dual Klystron Solid-State Modulator for the TERA-LIBO 30 Medical Accelerator System",
FRM202,"J.S. Oh (KEK and PAL/POSTECH), W. Namkung (PAL/POSTECH), H. Matsumoto (KEK)","Lifetime Issue of a Thyratron for a Smart Modulator in the C-Band Linear Collider",
FRM203,"V.K. Bhatnagar, A.K. Jain (CAT)","Fabrication of Dipole Vacuum Chamber",
FRM303,"T. Shaftan, A. Doyuran, E.D. Johnson, S. Krinsky, H. Loos, J.B. Murphy, G. Rakowsky, J. Rose, B. Sheehy, J. Skaritka, X.J. Wang, Z. Wu, L.H. Yu (NSLS/BNL)","Seeded Harmonic Generation Schemes",
MOA101,"M.S. de Jong, L.O. Dallin, R.M. Silzer, X.-F. Shen (CLS)","Canadian Light Source Status",
MOA102,"J. Safranek, S. Allison, P. Bellomo, W.J. Corbett, M. Cornacchia, E. Guerra, R. Hettel, D. Keeley, N. Kurita, D. Martin, P. McIntosh, H. Morales, G. Portmann, F. Rafael, H. Rarback, J. Sebek, T. Straumann, A. Terebilo, J. Wachter, C. Wermelskirchen, M. Widmeyer, R. Yotam (SSRL), M. Yoon (PAL), J. Byrd, D. Robin, T. Scarvie, C. Steier (ALS), L. Nadolski (SOLEIL), H.P. Chang, C.C. Kuo, H.J. Tsai (NSRRC), S. Krinsky, B. Podobedov (NSLS/BNL), W. Decking (DESY), M. Boege (SLS), A. Ropert (ESRF), M. Boland, E. Tan (ASP), M. Fedurin, P. Jines (CAMD), K. Harkay, V. Sajaev (APS)","SPEAR3 Commissioning",
MOA201,"Z.Y. Guo, Y.D. Liu, Q. Qin, J.Q. Wang, J. Xing (IHEP)","The Studies of Electron Cloud Instability",
MOA202,"M. Takao, M. Masaki, S. Matsui, T. Ohshima, K. Soutome, S. Takano, H. Tanaka (SPring-8)","Progress toward Brightness Improvements at the SPring-8 Storage Ring",
MOM101,"Z.T. Zhao, H.J. Xu (SSRF)","Progress of the Shanghai Synchrotron Radiation Facility",
MOM102,"T. Shintake (RIKEN)","Status of SCSS Project",
MOM201,"D.J. Wang, C.K. Kuan, H.C. Ho, S.Y. Perng, J.R. Chen (NSRRC)","Mechanical Improvement in Beam Stability at NSRRC",
MOM202,"C.M. Chu, S. Cousineau, J. Galambos, T. Pelaia, A. Shishlo (ORNL), C.K. Allen, C. McChesney (LANL), D. Ottavio (BNL), W.-D. Klotz (ESRF), I. Krisnar, A. Zupanc (Cosylab)","SNS Application Programming Infrastructure and Physics Applications",
MOM301,"C. Zhang (IHEP)","Performance of the BEPC and Progress of the BEPCII",
MOM303,"Y.K. Ho, P.X. Wang, J. Pang, N. Cao, Q. Kong, Y.J. Xie, Z. Chen (Fudan Univ.)","Progress in Vacuum Laser Acceleration",
MOM401,"K. Zhao, S. Huang, S. Quan, Y. Ding, B. Zhang, X. Lu, L. Wang, L. Lin, J. Chen (Peking Univ.)","Progress of FEL Based on RF Superconducting Accelerator at Peking University",
MOM402,"S.H. Kim, D. Jeon, D. Stout, I. Campisi (SNS/ORNL), M. Doleans (NSCL/MSU)","Physics of the SNS SRF Cavity",
MOM403,"Y. Kang, S. Aleksandrov, D. Anderson, J. Ball, M. Cardinal, M. Champion, M. Clemmer, M. Crofford, T. Davidson, C. Deibele, M. Ferguson, R. Fuja, P. Gibson, B. Gross, P. Gurd, M. Hechler, D. Heidenreich, J. Hicks, G. Johnson, P. Ladd, H. Ma, M. McCarthy, R. McPherson, R. Morton, S. Murray, T. Owens, R. Peglow M. Piller, R. Savino, J. Schubert, M. Stockli, S. Vassioutchenko, R. Welton (ORNL)","Status of the SNS Linac RF Systems",
MOP10001,"Y.T. Oganessian, G.G. Gulbekyan, B.N. Gikal,  I.V. Kalagin, V.B. Kutner , S.L. Bogomolov, I.V. Kolesov, V.V. Bekhterev, A.I. Ivanenko, O.N. Borisov, I.A. Ivanenko (JINR)","Status Report of the U400 Cyclotron at the FLNR JINR",
MOP10002,"Y. Hu, C. Tang, H. Chen, D. Tong, Y. Lin (Tsinghua Univ.)","The Research of Electron RF Gun Based on X-Band DAW(Disk-and-Washer)  Accelerating Structure",
MOP10003,"X.M. Yu, Y.W. Chen, X.H. Wang, M.S. Liu (IHEP)","Operation Status of the Beijing Electron-Positron Collider",
MOP10004,"P. Bellomo, M. Berndt, A. de Lira, G. Leyh, J.J. Lipari (SLAC), F. Rafael, M. Widmeyer (SSRL)","SPEAR 3 DC Magnet Power Supplies - An Overview",
MOP10005,"C. Mallik, G. Pal, P.Y. Nabhiraj, S. Bhattacharya, G.S. Taki, S. Som, D.L. Bandyopadhyaya, S. Saha, K. Kundu, A.S. Banerjee, C.V.S. Rao, B. Mukhopadhyaya, D.P. Hazra, K.G. Biswas, S.K. Mitra, M. Dutta, P.S. Chakraborty, A. Polley, R.C. Yadav, S. Chattopadhyaya, B. Soor, S. Pattanayak, J.S. Prasad, S. Dasgupta, M. Das, S. Pal, S.K. Das, T.K. Dey, R. Dey, N.K. Mukhopadhyaya, R.K. Bhandari, B. Sinha (VECC)","Heavy Ion Acceleration Using 224 CM Cyclotron at Kolkata",
MOP10006,"J.S. Chai, D.H. An, H.S. Chang, B.H. Hong, S.S. Hong, I.S. Jung, J. Kang, J.H. Kim, Y.S. Kim, M.Y. Lee, J.Y. Suk, H.H. Shim, C.S. Park, T.K. Yang (KIRAMS)","Operation Experiences of MC50 Cyclotron, KIRAMS",
MOP10007,"H.S. Chang, D.H. An, J.S. Chai, B.H. Hong, S.S. Hong, M.G. Hur, W.T. Hwang, I.S. Jung, J. Kang, Y.S. Kim, J.H. Kim, S.W. Kim, M.Y. Lee, K.E. Lim, C.S. Park, H.H. Shim, W.Y. So, J.Y. Suk, T.K. Yang, Y.K. Yun (KIRAMS)","Negative Hydrogen Acceleration in the Cyclone-30 at KIRAMS",
MOP10008,"D. Kanjilal, C.P. Safvan, G.O. Rodrigues, P. Kumar, U.K. Rao, A. Mandal, A. Roy (NSC)","High Current Injector at Nuclear Science Centre",
MOP10009,"H. Matsumoto, S. Takeda, S.S. Win, M. Yoshida (KEK), H. Baba, T. Shintake (RIKEN), J.S. Oh (PAL/POSTECH) Y. Takasu (Univ. of Tokyo), F. Furuta (Univ. of Nagoya),","The C-Band (5712-MHz) RF System for e+e- Linear Collider",
MOP10012,"Y.T. Oganessian, G.G. Gulbekyan, B.N. Gikal, I.V. Kalagin, S.L. Bogomolov, I.V. Kolesov, G.N. Ivanov, V.V. Bekhterev,  M.V. Khabarov, O.N. Borisov, I.A. Ivanenko,  J. Franko, S. Kralek (JINR)","Modernization of the U400 Cyclotron at the FLNR JINR",
MOP10013,"E. Takada (NIRS), T. Kondo, N. Shinozaki, N. Sasaki, T. Takei, Y. Sano (AEC)","Status of HIMAC",
MOP15001,"E.S. Kim (PAL)","Design of a New Lattices for Pohang Light Source",
MOP15004,"T. Agoh, K. Yokoya (KEK)","Mesh Analysis of Coherent Synchrotron Radiaiton in a Vacuum Chamber",
MOP15005,"Q. Qin, Z.Y. Guo, H. Huang, Y.D. Liu, J.Q. Wang, J. Xing, Z. Zhao (IHEP), H. Fukuma (KEK)","Recent Experimental Study on ECI at the BEPC",
MOP15006,"V. Kvardakov, T. Levichev, A. Naumenkov, P. Piminov (BINP)","Experimental Study of Sextupole Coupling Resonances at VEPP-4M",
MOP15007,"Y.D. Liu, Z.Y. Guo, Q. Qin, J.Q. Wang, J. Xing (IHEP)","Simulation of the Electron Cloud Instability for BEPCII",
MOP15008,"A. Bubley, V. Reva, V. Parkhomchuk (BINP)","New Generation of the Electron Cooling Systems",
MOP15009,"K. Fukami, T. Aoki, N. Hosoda, T. Nakatani, T. Ohshima, S. Takano, H. Tanaka, A. Yamashita, H. Yonehara (SPring-8)","Beam Collimation System for the SPring-8 Top-up Operation",
MOP15010,"X.M. Wen, X.H. Wang (IHEP)","Commissioning Study of the Parasitic Mode with 3W1 Wiggler Magnet on the BEPC",
MOP15013,"D.H. An, J.S. Chai, H.S. Chang, B.H. Hong, S.S. Hong, I.S. Jung, J. Kang, Y.S. Kim, M.Y. Lee, C.S. Park, J.Y. Suk, T.K. Yang (KIRAMS)","Design of the Central Region in the KIRAMS-13 Cyclotron",
MOP15014,"D.H. An, J.S. Chai, H.S. Chang, B.H. Hong, S.S. Hong, I.S. Jung, J. Kang, Y.S. Kim, M.Y. Lee, C.S. Park, J.Y. Suk, T.K. Yang (KIRAMS)","The Stripping Extraction System in the KIRAMS-13 Cyclotron",
MOP15015,"T. Kikuchi, T. Katayama (Univ. of Tokyo/RIKEN), S.M. Lund (LLNL/LBNL)","Possible Parameters for Bunch Compression in a Ring in Future RIKEN Projects",
MOP15016,"K. Ohmi, M. Tawada, K. Oide, S. Kamada (KEK)","Study of the Diffusion Processes Caused by the Beam-Beam Interactions",
MOP15018,"T.Y. Lee (PAL)","Estimation of Beam Polarization from the Measured Beam Lifetime in an Electron Storage Ring",
MOP15019,"S.C. Kim, E.S. Kim, H.S. Kang, D.T. Kim, S.S. Park, S.H. Kim, Y.J. Han, S.H. Nam (PAL)","A Beam Position Monitor System for Beam Transport Line (BTL) at the PLS",
MOP15020,"R. Hajima (JAERI)","R-Matrix Analysis of the CSR Effect in a Future ERL Light Source",
MOP15021,"J.H. Jang, Y.S. Cho, H.J. Kwon (KAERI)","Beam Dynamics Study of the Low Energy Proton Accelerators for PEFP",
MOP15022,"A. Mochihashi, M. Katoh, M. Hosaka, K. Hayashi, J. Yamazaki (Institute for Molecular Science)","Ion-Related Phenomenon in UVSOR Electron Storage Ring",
MOP15023,"T. Kikuchi, T. Katayama (Univ. of Tokyo/RIKEN), M. Nakajima, K. Horioka (Tokyo Tech.)","Emittance Growth and Particle Distributions During Final Beam Bunching in Heavy Ion Fusion Driver",
MOP15024,"E. M&eacute;tral (CERN)","Stability of the Longitudinal Bunched-Beam Coherent Dipole Mode",
MOP15025,"S.V. Miginsky (BINP)","An Optimizer for High-Current Beamlines",
MOP15027,"A.A. Ilyin, A.S. Lovtsov (Keldysh Research Centre)","Relaxation of a Concentrated Electron Beam in a Dence Gas Media",
MOP15030,"A.A. Fakhri, A.D. Ghodke, G. Singh (CAT)","Injection into Indus-2",
MOP20003,"T. Saeki, T. Shintake (RIKEN), S. Matsui (JASRI), N. Hoshijima, M. Yoshioka (Kinden Corporation), K. Miura, K. Nakaushiro (Daito Corporation)","Developement of a New Support-Stand with High Thermal-Stability for the SCSS Project",
MOP20004,"N. Sei, K. Yamada, H. Ogawa, M. Yasumoto, T. Mikado (NAIST)","Proposal of New Q-Switching Technique for Storage Ring Free Electron Lasers",
MOP20005,"N. Hafz, C. Kim, G.H. Kim, H. Suk (KERI), J. Lee (K-JIST)","Thomson Scattering of Intense Femtosecond Laser from Relativistic Plasma-Accelerated Electron Bunches",
MOP20006,"K. Togawa, T. Tanaka, K. Onoe, T. Inagaki, H. Baba, T. Shintake (RIKEN), T. Ohata (JASRI), H. Matsumoto (KEK)","Emittance Measurement on the CeB<sub>6</sub> Electron Gun for the SPring-8 Compact SASE Source FEL Project",
MOP20007,"Z.T. Zhao, Z.M. Dai, X.F. Zhao, D.K. Liu, Q.G. Zhou, Q. Gu, Y. Xu (SSRF), D.H. He, Q.K. Jia, S.C. Zhang (NSRL), S.Y. Chen, J.P. Dai (IHEP)","Design Study for the SDUV-FEL Facility",
MOP20010,"M. Hosaka, M. Katoh, A. Mochihashi, K. Hayashi, J. Yamazaki, Y. Takashima (Institute for Molecular Science)","Present Status and Future Prospects of the UVSOR Storage Ring FEL",
MOP20012B,"Y. Kim (DESY), J.S. Oh, M.H. Cho, I.S. Ko, W. Namkung (PAL/POSTECH), D. Son, Y. Kim (CHEP/KNU)","Start-to-End (S2E) Simulation for PAL XFEL Project",
MOP20012C,"Y. Kim, K. Floettmann, T. Limberg, M. Dohlus (DESY), D. Son, Y. Kim (CHEP/KNU)","New Linac Layout for TESLA XFEL Project",
MOP99901,"Y. Xu, J.M. Wu, G. Pei, T.H. Li (IHEP), J.H. Han (AHU)","Calculation of Gas Bremsstrahlung for Defense in the Linear Section of the Electron Storage Rings of the BEPCII",
MOP99902,"T.H. Li, Z.X. Chen, Q.J. Zhang, N. Li, L.S. An (IHEP)","Digital Radiation Protection",
MOP99903,"T.H. Li, P.Q. Liu, Z.X. Chen (IHEP), F. Zhu (Beijing Access Company)","The Upgrade Project of the Beijing Electron Positron Collider's (BEPCII) Personnel Security Interlock Entrance Guard System.",
MOP99904,"S. Wang, P. Gu, W.B. Liu, S. Pei, Z.S. Zhou (IHEP)","Wakefield Effects on the BEPCII Injector Linac",
MOP99905,"S.M. Hong, K.H. Park, Y.G. Jung, W.W. Lee, S.H. Jeong, Y.G. Son, J.H. Kim, D.E. Kim, H.S. Lee (PAL)","Development of the Ion Chamber and Transresistance Amplifier for Intensity of Synchrotron Radiation",
MOP99906,"R.K. Rajawat, S.V. Desai, M.R. Kulkarni, D. Rani, K.V. Nagesh, R.C. Sethi (BARC)","Electromagnetic Forming - A Technique with Potential Applications in Accelerators",
MOP99907,"J.C. Yoon, H.J. Park, J. Choi, S.H. Nam (PAL)","EPICS Based New RF Control System for PAL Storage Ring",
MOP99908,"J.C. Chang, C.Y. Liu, J.R. Chen (NSRRC), M.T. Ke (NTUT)","Air Temperature Analysis and Control Improvement for the Large-Scale Experimental Hall",
MOP99909,"B.H. Hong, D.H. An, J.S. Chai, H.S. Chang,  S.S. Hong, I.S. Jung, J. Kang, Y.S. Kim, M.Y. Lee, C.S. Park, H.H. Shim, J.Y. Suk (KIRAMS)","KIRAMS-13 Target for [<sup>18</sup>F]Fluoride Production",
MOP99910,"K.R. Kim, S.H. Kim, Y.J. Park, H.C. Kwon, M.S. Hong (PAL),  D.J. Lee, J.G. Kim, (VMT Co. Ltd.)","Utilization of Cr<sub>2</sub>O<sub>3</sub> Passivation Process on Stainless-Steel Chamber for XHV Environment",
MOP99911,"S. Huang, J. Zhao, C.H. Wang, G. Lei, G. Li (HEP)","Control Prototype of Corrector Power Supply",
MOP99912,"S.S. Win, H. Fukuma, K. Ohmi, S. Kurokawa (KEK)","Simulation Study of Coupled-Bunch Instability due to Electron Cloud in Super KEKB",
MOP99913,"C. Kim, G.H. Kim, J.U. Kim, N. Hafz, H. Suk (KERI), I.S. Ko (POSTECH)","Electron Beam Generation from Self-Modulated Laser Wakefileld Accelerator",
MOP99915,"H. Kotaki, M. Kando, S. Masuda (JAERI), A. Yamazaki (Kyoto Univ.), S. Kondo, S. Kanazawa, T. Homma, H. Kiriyama, Y. Akahane, M. Mori, Y. Hayashi, Y. Nakai, N. Inoue, H. Ueda, Y. Yamamoto, K. Tsuji, K. Yamakawa (JAERI), K. Nakajima(KEK)","Research for an Advanced Accelerator at JAERI-APRC",
MOP99917,"A. Sharma, K.V. Nagesh, S. Acharya, S.V. Desai, G.V. Rao, K.P. Dixit, D.K. Sharma, R. Rehim, P.C. Saroj, A. Roy, K.C. Mittal, R.C. Sethi (BARC)","Development of a Prototype Linear Induction Accelerator at BARC",
THA101,"Y. Shoji, A. Ando, S. Hashimoto, S. Hisao, T. Matsubara, S. Miyamoto, M. Niibe (NewSUBARU), T. Asaka, H. Ego, Y. Kawashima, H. Kitamura, N. Kumagai, H. Ohkuma, T. Ohshima, M. Oishi, S. Suzuki, M. Takao, T. Takashima, T. Tanaka (SPring-8)","NewSUBARU Storage Ring : Operational Progress in These Three Years",
THA201,"K. Noda, T. Furukawa, T. Furukawa, Y. Iwata, T. Kanai, M. Kanazawa, N. Kanematsu, A. Kitagawa, Y. Kobayashi, M. Komori, S. Minohara, T. Murakami, M. Muramstsu, S. Sato, Y. Sato, S. Shibuya, F. Soga, E. Takada, O. Takahashi, M. Torikoshi, T.H. Uesugi, E. Urakabe, K. Yoshida, S. Yamada (NIRS)","HIMAC and New Facility Design for Wide Spread Use of Carbon Cancer Therapy",
THM101,"J.R. Chen, J.C. Chang, L.H. Chang, C.T. Chen, F.Z. Hsiao, K.T. Hsu, G.Y. Hsiung, C.S. Hwang, C.C. Kuo, W.K. Lau, K.K. Lin, K.B. Liu, G.H. Luo, Ch. Wang, D.J. Wang (NSRRC)","Current Status of the 1.5 GeV Synchrotron Light Source in NSRRC",
THM102,"H. Suk, C. Kim, G.H. Kim, N. Hafz (KERI), I.S. Ko (POSTECH)","Generation of Femto-Second Electron Beams from the Laser Wakefield Acceleration at KERI",
THM103,"M. Tanigaki, K. Mishima, S. Shiroya (RRI/Kyoto Univ.), Y. Ishi, S. Fukumoto, (Mitsubishi Electric Co. Ltd), S. Machida, Y. Mori (KEK), M. Inoue (SLLS/Ritsumeikan Univ.)","Construction of FFAG Accelerators in KURRI for ADS Study",
THM104,"S.G. Tantawi, C.D. Nantista, C. Adolphsen, E. Andrikopoulos, D. Burke, J. Chan, V. Dolgashev, K. Jobe, D. McCormick, J. Nelson, K. Ratcliffe, M. Ross, D. Schultz, T. Smith (SLAC), D. Atkinson (LLNL), Y.H. Chin, S. Kazakov, A. Lounine, T. Okugi (KEK)","Experimental Demonstration of an RF System for the X-Band Linear Collider",
THM201,"K. Nakajima (KEK)","Overview and Prospects of Advanced Accelerator Technologies",
THM202,"C. Tang (Tsinghua Univ.)","The Development of Accelerator Applications in China",
THM203,"H. Hayano (KEK)","Low Emittance Beam Generation in ATF",
THM204,"A. Bogomyagkov, V. Kiselev, E. Levichev, O. Meshkov, N. Muchnoi, A. Naumenkov, S. Nikitin, D. Shatilov, E. Simonov, A. Skrinsky, V. Smaliuk, G. Tumaikin (BINP)","VEPP-4M Operation at Low Energy",
THM302,"E. M&eacute;tral, M. Benedikt, K. Cornelis, R. Garoby, K. Hanke, A. Lombardi, C. Rossi, F. Ruggiero, M. Vretenar (CERN)","High Intensity Proton Beams at CERN and the SPL Study",
THM303,"G. Dutto (TRIUMF)","Recent Progress at TRIUMF",
THP16001,"S.S. Win, H. Matsumoto (KEK), M. Yoshida (Univ. of Tokyo), Z. Kabeya, S. Kakizaki (Mitsubishi Heavy Industries, Ltd.,)","Development of the New C-Band 50-MW Class SiC RF Load",
THP16002,"X. Yang, J. Zhang, J. Meng, X.J. Zhang, X.P. Zhang, Z. Hu, S. Hou, Z. Niu, B. Hao, W. Zhan (IMP)","The Status of the Ultra-High Vacuum System of HIRFL-CSR",
THP16003A,"A. Kumar, J. Dwivedi, S.G. Goswami, R.S. Sandha, H.C. Soni (CAT)","Thermal Design Modification and Operational Performance of Indus-1 Storage Ring RF Cavity",
THP16003B,"J. Dwivedi, V.K. Bhatnagar, S.G. Goswami, P.R. Hannurkar, A.K. Jain, A. Kumar, M. Lad, S.A. Pande, R.K. Sahu, P.R. Sankar,  R.S. Sandha, S.D. Sharma, S.K. Shukla, H.C. Soni, S.N. Vyas (CAT)","Restoration of RF Cavity for Synchrotron Storage Ring INDUS-1",
THP16004,"Z. Fang, K. Endo, K. Egawa (KEK), T. Hirashima, Y. Cho, T. Fusato (Denki Kogyo Co.)","Test Results of RF Cavity and Power Amplifier for Compact Medical Proton Synchrotron",
THP16005,"G.S. Taki, P.R. Sarma, D.K. Chakraborty, R.K. Bhandari (VECC), P.K. Roy (BECDU)","Field Scaling Law for Ion Current in ECR Source",
THP16006,"J. Cao, Q. Ye (IHEP)","Design Status of BEPCII-Linac Beam Monitor System",
THP16007,"J.H. Yue, R.X. Yuan, L. Ma, J. Cao (IHEP)","The Design of the Stripline Kicker for the BEPCII Transverse Feedback System",
THP16008,"J. Cao, L. Ma (IHEP)","BPM System Design for the BEPCII Storage Ring",
THP16009,"Z. Ma, L. Ma, W. Gao, P. Xue (IHEP)","BEPCII Timing System and Phase Lock System",
THP16010,"X. Qi, Z. Xu (IHEP)","Resonant Magnet Power Supply System for the Rapid Cycle Synchrotron of Chinese Spallation Neutron Source",
THP16012,"R.X. Yuan, J. Cao, L. Ma, J.H. Yue (IHEP)","BPM Simulation of BEPCII",
THP16013,"A. Shemyakin, A. Burov, K. Carlson, D. Broemmelsiek, B. Kramper, T. Kroc, J. Leibfritz, S. Nagaitsev, G. Saewert, C.W. Schmidt, M. Sutherland, A. Warner (FNAL), S. Seletsky (Univ. of Rochester), V. Tupikov (BINP)","Test of a Full-Scale Prototype of the Fermilab Electron Cooler",
THP16014,"C.E. Chen, X.Q. Yan, J.X. Fang, Z.Y. Guo, Y.R. Lu (IHIP)","The Study of Separated Function RFQ (SFRFQ) with Diaphragms",
THP16016,"Z. Guo, J. Cao (IHEP)","Digital Beam Position Monitor Used at BEPCII",
THP16017,"S. Rujirawat, N. Sanguansak, S. Rugmai, G.G. Hoyes, R. Apiwatwaja, S. Chuenjareona, C. Kaewpraseta, W. Pairsuwan, T. Ishii (NSRC), G. Isoyama (ISIR)","Improvement of the SPS Machine Performance",
THP16019,"S. Pei, S.H. Wang, P. Gu, Z. Geng (IHEP)","Structure Optimization Studies of 142.8 MHz Sub-Harmonic Buncher",
THP16020,"S. Yamaguchi, A. Enomoto (KEK), Y. Igarashi (SOKENDAI)","Analysis of High-Gradient Tests on the Accelerating Structures for the KEKB Injector Linac",
THP16021,"S.D. Jang, Y.G. Son, J.S. Oh (PAL)","Perveance Monitor for Measuring an 80-MW Klystron Characteristics",
THP16025,"H. Dewa, T. Asaka, H. Hanaki, T. Kobayashi, A. Mizuno, S. Suzuki, T. Taniuch, H. Tomizawa, K. Yanagida (SPring-8/JASRI), J. Sasabe (Hamamatu Photonics K.K), M. Uesaka (Univ. of Tokyo)","S-Band Photocathode RF Gun at SPring-8",
THP16026,"M. Watanabe, Y. Chiba, T. Katayama, T. Koseki, K. Ohtomo, H. Tsutsui (RIKEN), Y. Ohshiro, S. Watanabe (Univ. of Tokyo)","A Broad-Band RF Cavity Using Finemet Cut Cores as a Buncher of Ion Beams",
THP16027,"T. Koseki (RIKEN), N. Nakamura, H. Sakai, K. Shinoe, H. Takaki (ISSP, Univ. of Tokyo), K. Harada, Y. Kobayashi (KEK), N. Kumagai (SPring-8)","Design of the  Magnet System for the Super SOR Light Source",
THP16028,"H. Sakaki, Y. Itoh, Y. Kato, M. Kawase, H. Takahashi, F. Tamura, M. Tanaka, H. Yoshikawa, K. Watanabe (JAERI), J. Chiba, K. Furukawa, N. Kamikubota, T. Katoh, H. Nakagawa, J. Odagiri, Y. Takeuchi, N. Yamamoto (KEK)","The Control Sysytem for J-PARC",
THP16029,"N. Nishimori, R. Hajima, N. Kikuzawa, E.J. Minehara, R. Nagai, M. Sawamura (JAERI)","20.8MHz Electron Gun System for an Energy Recovery Linac FEL at JAERI",
THP16030,"D.E. Kim, K.H. Park, W.W. Lee, Y.G. Jung, H.S. Suh, H.S. Han, H.G. Lee, C.W. Chung (PAL)","Stretched Wire Flip Coil System for Magnetic Measurements",
THP16032,"M. Gu, Z.H. Chen, L.X. Fu (SINAP)","A High Stability Modulator for the SDUV-FEL Linac",
THP16034,"J.T. Takahashi, H. Nakanishi, S. Sakanaka, K. Umemori (KEK)","Experience of Driving Three RF Cavities by a Single Klystron in the Photon Factory Advanced Ring (PF-AR)",
THP16035,"H.G. Lee, D.E. Kim, H.S. Suh, Y.G. Jung, H.S. Han, M.S. Hong, K.H. Park, C.W. Chung (PAL)","Analysis and Design of Backing Beam for U10 Undulator at the PLS",
THP16036,"E.J. Minehara, R. Hajima, M. Sawamura, R. Nagai, N. Nishimori, N. Kikuzawa, T. Yamauchi (JAERI)","A Practitioner's Guide to Cheap Cryostat Construction of the Energy Recovery Superconducting Linac (ERL) Driven Light Sources",
THP16037,"G.Y. Hsiung, S.N. Hsu, T.F. Lin, K.M. Hsiao, C.C. Chang, C.K. Chan, J.Y. Yang, K.Y. Kao (NSRRC), J.R. Chen (NSRRC, NTHU)","Operation Experiences for the 1.5 GeV TLS Ultra-High Vacuum System",
THP16038,"M.H. Chun, J.S. Yang, I.H. Yu, H.J. Park, D.T. Kim, H.S. Kang, H.G. Kim, E.S. Kim, Y.J. Han, S.H. Nam (PAL)","Upgrade Status of the RF System for the PLS Storage Ring",
THP16039,"A. Burov, T. Kroc, V. Lebedev, S. Nagaitsev, A. Shemyakin, A. Warner (FNAL), S. Seletsky (Univ. of Rochester)","Optics of the Fermilab Electron Cooler",
THP16040,"W. Chen, G.L. Ni, J. Chen, B.G. Yin (IHEP)","The Hall Probe Magnet Measurement Facility for BEPCII",
THP16041,"Y. Takasu (Univ. of Tokyo), H. Matsumoto (KEK), T. Shintake (RIKEN)","Development of a High-Performance Capacitive Divider Using Ceramics for Pulsed High-Voltage Monitoring",
THP16042,"T. Inagaki, H. Baba, T. Shintake, K. Togawa, K. Onoe (RIKEN), H. Matsumoto (KEK), T. Takashima (SPring-8), A. Tokuchi, S. Naito (NICHICON Corp.)","High Power Test of the Compact, Oil-filled Modulator for the C-Band Klystron",
THP16043,"V.V. Anashin, A.A. Bushuev, A.N. Dranichnikov, R.V. Dostovalov, A.V. Evstigneev, N.V. Fedorov, L.G. Isaeva, A.A. Krasnov, I.A. Koop, V.S. Kuzminykh, N.A. Mezentsev, I.N. Nesterenko, V.N. Osipov, L.M. Schegolev, Yu.M. Shatunov, N.I. Zubkov (BINP)","Design of the VEPP-2000 Vacuum System",
THP16044,"J.H. Suh, C.W. Sung, S.H. Jeong, J.K. Kim, S.H. Nam (PAL)","Operational Experience of the PLS Electric Power Plant",
THP16045,"J.Y. Hwang (National Tsinghua Univ./NSRRC), Y.T. Yang, K.H. Hu, J. Chen, C.J. Wang, S.Y. Hsu, D. Lee, C.H. Kuo, K.T. Hsu, K.K. Lin (NSRRC)","Preinjector Performance Improvement in NSRRC",
THP16046,"S.J. Park, S.H. Kim, Y.J. Park, K.R. Kim, S.D. Jang, Y.G. Son, J.S. Oh, Y.C. Kim, S.H. Nam (PAL), I.S. Ko, S.G. Baik, M.H. Cho, W. Namkung (PAL/POSTECH)","Development of S-Band Pulsed Klystron for PLS Linear Accelerator",
THP16047,"C.J. Wang, Y.T. Yang, K.H. Hu, J. Chen, G.H. Luo, D. Lee, S.Y. Hsu, C.H. Kuo, K.T. Hsu (NSRRC)","Operation Performance of the White Circuit for the Booster Synchrotron in NSRRC",
THP16048,"K.H. Hu, J. Chen, C.J. Wang, S.Y. Hsu, C.H. Kuo, K.T. Hsu (NSRRC)","Applications of the Log-Ratio BPM in NSRRC",
THP16050,"J.H. Suh, K.M. Ha, S.H. Jeong,  E.S. Kim, S.J. Park,  Y.J. Han, J. Choi, S.H. Nam (PAL)","Recent Activity of PLS Storage Ring MPS",
THP16051,"S. Takahashi (SPring-8), T. Shintake, T. Saeki, K. Onoe, T. Inagaki (RIKEN)","Precise Temperature Regulation System for C-Band Accelerating Structure",
THP16052,"A.S. Lovtsov, V.V. Abashkin, O.A. Gorshkov, A.A. Ilyin, R.N. Rizakhanov (Keldysh Research Centre)","Electron-Beam Systems for Realization of Plasma Technologies",
THP16054,"P.N. Prakash, J. Zacharias, K.K. Mistri, S.S.K. Sonti, A. Roy (NSC)","Fabrication of Superconducting Niobium Cavities at Nuclear Science Centre",
THP16055,"G. Huang, S. Zheng, W. Huang, C. Tang, D. Tong (Tsinghua Univ.), D. Zhou, J.Q. Wang (IHEP)","Updating the Longitudinal Coupling Impedance Measurement Platform for BEPC",
THP16056,"D. Kanjilal, G.O. Rodrigues, P. Kumar, C.P. Safvan,  U.K. Rao, A. Mandal, A. Roy (NSC), C. Bieth, S. Kantas (Pantechnik), P. Sortais (Institut des Sciences Nuclaire )","Performance of the First High Temperature Superconducting Electron Cyclotron Resonance Ion Source PKDELIS",
THP16057,"S.A. Nikiforov, J. Kim, G.H. Rim (KERI)","Large Volume ICP Sources for Plasma-Based Accelerators",
THP16058,"S. Seko, A. Suzuki, H. Yoshioka, K. Tanaka (TAKENAKA Co.), S. Takeda, H. Matsumoto (KEK)","Stable Support Stands for Accelerators",
THP16059,"R.S. Shinde, P. Pareek, R.R. Yadav, S. Kotaiah (CAT)","Development of Fast Decay Type Pulsed Kicker Magnet for Indus-1",
THP16060,"R.S. Shinde, P. Pareek, R.R. Yadav (CAT)","Nickel Zinc Ferrite Materials for Pulsed Applications in Accelerators",
THP16062,"Y.Y. Lin, Y.C. Huang, A.C. Chiang (National Tsinghua Univ.)","A Proof-of-Principle Experiment for a Structure-Loaded CO<sub>2</sub> Laser-Driven Electron Accelerator in Vacuum",
THP16063,"R.C. Sethi (BARC)","Electron Beam Accelerators for Material Processing: A BARC Scenario",
THP16064,"M.H. Rashid, C. Mallik, R.K. Bhandari (VECC)","Symmetric and Sufficient Cusp Field for 18 GHz ECR Ion Source",
THP16065,"J.H. Kim, I.S. Ko, K.M. Ha, J.M. Kim, J.C. Yun, J.W. Lee, J. Choi (PAL)","The Control System for the PEFP 20MeV Proton Linac",
THP21001,"A. Kozodaev, A. Drozdovsky, V. Konev, N. Lazarev, D. Liakin, A. Raskopin, V. Seliverstov, O. Shvedov, V. Skachkov (ITEP)","Some Ways of Resolve of the ADS Linacs-Drivers Technical  Problems",
THP21002,"W-T Weng, J. Alessi, D. Beavis, S. Bellavia, I. Ben-Zvi, M. Brennan, M. Diwan, S. Kahn, H. Kirk, Y.Y. Lee, I. Marneris, D. Raparia, A. Ruggiero, C. Pei, A. Pendzick, T. Roser, J. Sandberg, N. Simos, N. Tsoupas, J. Tuozzolo, B.B. Wang, J. Wei, K.C. Wu, A. Zaltsman, W. Zhang (BNL)","Design of the BNL Super Neutrino Beam Facility",
THP21004,"K.T. Seol, H.J. Kwon, Y.H. Kim, Y.S. Cho (KAERI)","The Feedback Control Functions of the LLRF System for PEFP RFQ",
THP21005,"H.J. Kwon, Y.S. Cho, Y.H. Kim, M.Y. Park, K.T. Seol, C.B. Shim (KAERI)","Operation of the High Power RF System for PEFP RFQ",
THP21006,"C.B. Shim, K.S. Shim (Korea Univ.), Y.S. Cho, S.H. Han, J.H. Jang, Y.H. Kim, H.J. Kwon, M.Y. Park, K.T. Seol (KAERI)","High Power Test of PEFP RFQ",
THP21007,"S.H. Han, Y.S. Cho (KAERI)","Beam Profile Measurement with CCD Camera at PEFP",
THP21008,"M.Y. Park, H.J. Kwon, Y.H. Kim, J.H. Jang, Y.S. Cho (KAERI)","DTL Fabrication Status of PEFP Linac",
THP21010,"Y.H. Kim, H.J. Kwon, M.Y. Park, K.T. Seol, Y.S. Cho (KAERI)","Design and Pre-Test of the Quadrupole Magnet for PEFP DTL",
THP21011,"Y.S. Cho, J.H. Jang, Y.H. Kim, H.J. Kwon, C.B. Shim (KAERI)","Upgrade Design of PEFP 3MeV RFQ",
THP21013,"S.J. Park, J.H. Park, I.H. Yu, S.H. Nam (PAL), S.H. Han, Y.S. Cho, B.H. Choi (KAERI)","Developmental Status of PEFP/KAERI Beam Diagnostic System",
THP21014,"A.D. Ghodke, A. Sharma, G. Singh (CAT)","Lattice Design of a 1 GeV Proton Synchrotron",
THP21016,"H. Ouyang, S. Fu, X. Guan, W. Xu, T. Xu (IHEP)","The Study on the Design of an Intense-Beam RFQ with Stability",
THP21017,"Z. Zhang, J. Li, X. Xu (IHEP)","The RF-System for a High Current RFQ at IHEP",
TUA101,"J.S. Oh, C.W. Chung, D.E. Kim, E.S. Kim, H.S. Kang, I.S. Ko, K.B. Lee, S.H. Nam, S.J. Park, T.Y. Koo, T.Y. Lee, W. Namkung, Y.M. Chung (PAL), Y. Kim (DESY)","Compact X-ray Free Electron Laser Program at the PAL",
TUA102,"Y.C. Huang, A.C. Chiang, Y.Y. Lin (National Tsinghua Univ.)","A High-Gain, Transform-Limited Far-Infrared Free-Electron Laser Amplifier Seeded by a THz Single-Frequency Difference Frequency Generator",
TUA201,"T. Zhang, X. Guan, B. Cui (CIAE)","A New Project of Cyclotron Base Radioactive Ion Beam Facility",
TUA202,"A. Chakrabarti (VECC)","Radioactive Ion Beam Facility Development at VECC, Kolkata",
TUM102,"T. Hara, T. Tanaka, H. Kitamura (RIKEN), T. Bizen, X.M. Mar&eacute;chal, T. Seike (JASRI)","Insertion Devices of Next Generation",
TUM103,"B. Kostka, R. Rossmanith (ANKA), A. Bernhard, U. Schindler, E. Steffens (Univ. of Erlangen)","Superconductive Undulators with Variable Polarization Direction",
TUM104,"G.H. Luo, H.P. Chang, J. Chen, C.C. Kuo, H.J. Tsai, T.Z. Ueng, D.J. Wang, M.H. Wang (NSRRC)","The Status of Top-up Injection at NSRRC",
TUM201,"H. Yokomizo (JAERI)","The Status of J-PARC Project",
TUM202,"B.H. Choi (KAERI)","Proton Linear Accelerator Development and Its Utilization Program in PEFP",
TUM203,"S. Fu, X. Guan, H. Ouyang, J. Qiao, W. Xu, T. Xu, Z. Zhang, J. Li, X. Xu, K. Gong, H. Zhang, Y. Yao, S. Fang (IHEP)","Developemnt of a 3.5MeV RFQ for ADS at IHEP",
TUM204,"G. Isoyama, Y. Honda, S. Kashiwagi, R. Kato, T. Kozawa, S. Seki, S. Suemine, S. Tagawa, T. Yamamoto, Y. Yoshida (ISIR)","Upgrade of the L-Band Linac at ISIR, Osaka University for Higher Operational Stability",
TUM301,"K.J. Kim (ANL)","Accelerator Challenges Beyond LCLS: Development of Ultra-High-Brightness Gun",
TUM303,"R. Hajima, N. Kikuzawa, E.J. Minehara, R. Nagai, N. Nishimori, M. Sawamura (JAERI)","Development of an Energy-Recovery Linac for a High-Power FEL at JAERI",
TUM401,"D. Olsen (SNS)","Status of the SNS Project",
TUM402,"K. Zhang, B. Ding, J. Deng, L. Zhang, J. Shi, H. Wang, G. Dai, Z. Dai, J. Li, Q. Lai, H. Li, W. Zhang (Institute of Fluid Physics,CAEP)","Installation and Initial Result of the "DRAGON-I" Induction Linac",
TUM403,"H. Hanaki, T. Asaka, H. Dewa, T. Kobayashi, A. Mizuno, S. Suzuki, T. Taniuchi, H. Tomizawa, K. Yanagida (SPring-8/JASRI)","Beam Stabilization in the SPring-8 Linac",
TUP11001,"V.L. Auslender, M.A. Batazova, G.I. Kuznetsov, I.G. Makarov, G.N. Ostreiko, A.D. Panfilov, V.S. Podobaev,  V.V. Tarnesky, M.A. Tiunov, V.O. Tkachenko (BINP)","Triode RF Gun for Linear  Electron Accelerators",
TUP11002,"A. Bogomyagkov, S. Nikitin, V. Telnov, G. Tumaikin (BINP)","Estimation of Errors in Definition of Central Mass Energy in High Precision Experiments on Colliding Beams.",
TUP11003,"S. Pei, S. Wang, P. Gu, B. Liu (IHEP)","Optimization Studies on BEPCII Future Pre-Injector with Two Subharmonic Bunches",
TUP11004,"S.S. Park, S.H. Kim, S.C. Kim, Y.J. Han, S.H. Nam (PAL)","Operational Characteristics of PLS 2.5 GeV Electron Linac Klystron-Modulator Systems",
TUP11005,"Y.G. Son, S.D. Jang, J.S. Oh, S.J. Park (PAL)","Study on the Characteristics of the Sub-Nano Second Pulse Generator for a PLS Electron Gun",
TUP11006,"P. Gu, Z. Geng, G. Pei, S.H. Wang, M. Hou, Y. Cui (IHEP)","RF Phasing System for BEPCII Linac",
TUP11007,"T. Mihara, Y. Iwashita (Kyoto Univ.), M. Kumada, A. Evgeny (NIRS), E. Sugiyama (SSMC), C.M. Spencer (SLAC)","A Super Strong Permanent Magnet for the Final Focus Quadrupole in a Linear Collider",
TUP11008,"Q. Gu, Q.G. Zhou, Z.M. Dai, D.M. Li, Z.T. Zhao (SINAP)","Design of an Intense THz Light Source Based on Femto-Second Electron Bunches",
TUP11009,"K. Shinto, H. Hama, F. Hinode, A. Miyamoto, T. Tanaka (Tohoku Univ.)","Three-Dimensional Time-Domain Beam Simulation Study for a Thermionic RF Gun",
TUP11010,"W.H. Hwang, H.G. Kim, W.W. Lee, S.J. Park, Y.J. Han (PAL)","Measurement of Beam Energy Drift in PLS 2.5 GeV Linac",
TUP11011,"Z.M. Dai, D.M. Li, G.Q. Lin, G.Y. Wu, M. Chen, Z.T. Zhao (SINAP)","An Intense Electron Linac for Pulsed Radiolysis Research at SINAP",
TUP11012,"H. Braun, M. Korostelev, F. Zimmermann (CERN)","Potential of Non-Standard Emittance Damping Schemes for Linear Colliders",
TUP11014,"I.H. Yu, D.T. Kim, S.C. Kim, J.S. Yang, H.S. Kang, W.H. Hwang, M.H. Chun, K.M. Ha, I.S. Park, Y.J. Han (PAL), K.T. Seol, Y.S. Cho (KAERI)","Digital RF Feedback Control System for 100MeV Proton Linac of PEFP",
TUP11015,"T. Xu, S. Fu, H. Ouyang (IHEP)","The Electromagnetic Design on Spoke Cavity",
TUP11016,"S.C. Joshi, N. Sharma, N. Kumar, S. Raghvendra, S.A. Pande, G.V. Kane (CAT)","3D Thermal-Fluid Coupled Analysis for 350 MHz RFQ for Indian SNS Programme",
TUP11018,"Y.H. Chin, Y. Higashi, T. Higo, T. Kume, Y. Morozumi, N. Toge, K. Ueno (KEK), C. Adolphsen, D. Burke, S. Doebert, V. Dolgashev, R. Jones, J. Lewandowski, Z. Li, R. Miller, J. Wang (SLAC)","Proving High-field Operation of X-Band Structure for Linear Collider",
TUP11020,"F. Sakamoto, H. Iijima, T. Ueda, T. Watanabe, M. Uesaka (Univ. of Tokyo), K. Dobashi, K. Kinoshita (NIRS)","Development of the High Resolution Electron Beam Profile Monitor for Medical Use X-Band Linac",
TUP13002,"K.H. Park, D.E. Kim (PAL), B.K. Kang (POSTECH), J.S. Chai, Y.S. Kim, I.S. Jung (KIRAMS)","Current Mode Transimpedance Amplifier for Beam Current Measurement",
TUP13003,"H.S. Chang, D.H. An, J.S. Chai, B.H. Hong, S.S. Hong, M.G. Hur, W.T. Hwang, I.S. Jung, J. Kang, Y.S. Kim, J.H. Kim, S.W. Kim, M.Y. Lee, K.E. Lim, C.S. Park, H.H. Shim, W.Y. So, J.Y. Suk, T.K. Yang, Y.K. Yun (KIRAMS)","Control System Design of KIRAMS-13 Cyclotron",
TUP13004,"V.V. Anashin, R.V. Dostovalov, A.A. Krasnov (BINP)","The Vacuum Studies for LHC Beam Screen with Carbon Fiber Cryosorber.",
TUP13005,"J. Debnath, J. Pradhan, M.K. Dey, C. Mallik, R.K. Bhandari (VECC)","",
TUP13007,"V.S. Pandit, P.S. Babu, A. Goswami (VECC)","Studies on a High Current Injector Cyclotron",
TUP13008,"Y.S. Kim, D.H. An, J.S. Chai, H.S. Chang, B.H. Hong, S.S. Hong, M.G. Hur, W.T. Hwang, I.S. Jung, J. Kang, J.H. Kim, S.W. Kim, M.Y. Lee, K.E. Lim, C.S. Park, H.H. Shim, W.Y. So, J.Y. Suk, T.K. Yang, Y.K. Yun (KIRAMS), C.K. Kim, K.H. Park (PAL), M. Yoon, S.H. Shin (POSTECH), M. Sekiguchi (Rikyo Univ.)","New Design of the KIRAMS-13 Cyclotron for Regional Cyclotron Center",
TUP13009,"S.H. Shin, M. Yoon (POSTECH), E.S. Kim, K.H. Park (PAL), J.S. Chai (KCCH)","Measurement and Analysis of a 13MeV Cyclotron Magnetic Field",
TUP14001,"K. Harada, Y. Kobayashi, T. Miyajima, S. Nagahashi (KEK)","PF-AR Injection System with Pulsed Quadrupole Magnet",
TUP14002,"Q.G. Zhou, Z.M. Dai, J. Zhang, L. Ouyang, Y. Li, H. Yan (SINAP)","A Variable Elliptically Polarized Undulator and Its Coherent THz Radiation",
TUP14003,"D.J. Wang, S.Y. Perng, H.C. Ho, T.C. Tseng, C.K. Kuan (NSRRC)","New Magnet Girder Design in the NSRRC",
TUP14004,"C. Shi, Y. Jing, D. Li, Q.L. Peng (IHEP), H.B. Pan, S.G. Sheng (SJTU)","Design and Construction of the First In-Vacuum Wiggler for the BSRF",
TUP14005,"S.V. Khruschev, G.N. Kulipanov, V.H. Lev, N.A. Mezentsev, E.G. Miginsky,  V.A. Shkaruba, V.M. Syrovatin, V.M. Tsukanov, K.V. Zolotarev, Y.K. Zjurba (BINP), D. Kraemer (BESSY)","9 Tesla Superbend for BESSY-2",
TUP14006,"S.H. Kim, C. Doose, R.L. Kustom, E.R. Moog, M. Petra (ANL)","Status of Short-Period Superconducting Undulator R&D at the APS",
TUP14007,"Y. Shoji, S. Hashimoto, A. Ando (NewSUBARU), N. Kumagai, H. Ohkuma, M. Oishi (SPring-8)","Upgrading of a Vacuum System of the NewSUBARU Storage Ring : Design and Effect",
TUP14008,"Y. Shoji, A. Ando, S. Hashimoto (NewSUBARU), N. Kumagai, H. Ohkuma, M. Oishi (SPring-8)","Improvement of Beam Lifetime at the NewSUBARU Storage Ring",
TUP14009,"Y. Shoji, A. Ando (NewSUBARU), H. Ego, Y. Kawashima, T. Ohshima, T. Takashima (SPring-8)","Upgrading of a RF System of the NewSUBARU Storage Ring",
TUP14010,"M. Katoh, M. Hosaka, A. Mochihashi, J. Yamazaki, K. Hayashi (Institute for Molecular Science)","Status of UVSOR-II",
TUP14011,"N. Balalykin, V. Kadyshevsky, V. Kobets, I. Meshkov, I. Seleznev, G. Shirkov, A. Sissakian, E. Syresin (JINR)","DELSY - Dubna Electron Synchrotron at JINR",
TUP14012,"J. Chen, C.K. Chang, C.J. Wang, K.H. Hu, C.H. Kuo, C.S. Hwang, K.T. Hsu (NSRRC)","Control System for the Superconducting Wiggler of NSRRC",
TUP14013,"C.H. Kuo, G.H. Luo, J. Chen, S.Y. Hsu, Y.T. Yang, K.T. Hsu (NSRRC)","Synchrotron Radiation Monitor in the Booster of NSRRC",
TUP14014,"T. Honda, S. Asaoka, K. Haga, K. Harada, Y. Hori, M. Izawa, T. Kasuga, M. Kobayashi, Y. Kobayashi, H. Maezawa, A. Mishina, T. Mitsuhashi, T. Miyajima, H. Miyauchi, S. Nagahashi, T. Nogami, T. Obina, C.O. Pak, S. Sakanaka, Y. Sato, T. Shioya, M. Tadano, T. Takahashi, Y. Tanimoto, K. Tsuchiya, T. Uchiyama, A. Ueda, K. Umemori, S. Yamamoto (KEK)","Straight-Sections Upgrade Project of the Photon Factory Storage Ring",
TUP14015,"F. Hinode, H. Hama, J. Kasagi, A. Kurihara, A. Miyamoto, M. Mutoh, M. Nanao, Y. Shibasaki, K. Shinto, S. Takahashi, T. Tanaka, S. Sato, S. Suzuki, M. Watanabe (Tohoku Univ.)","Design of a 1.5 GeV Storage Ring for the Integrated Photon Source Project at Tohoku University",
TUP14016,"M. Izawa, S. Sakanaka, T. Takahashi, K. Umemori (KEK)","Present Status of the Photon Factory RF System",
TUP14017,"K. Dunkel, C. Piel, H. Vogel (ACCEL Instruments GmbH)","100 MeV Pre-Injector for 3rd Generation Synchrotron Light Sources",
TUP14018,"D.M. Li, Q. Gu, Z.T. Zhao (SINAP)","New Scheme of the SSRF Injector",
TUP14019,"H.O. Moser, C.Z. Diao (SSLS)","Analytical and Numerical Study of Superconducting Miniundulators",
TUP14020,"G.M. Liu, Z.M. Dai, Z.T. Zhao (SINAP)","Lattice Optimization for the SSRF Storage Ring",
TUP17001,"M.S. Avilov, S.N. Fadeev, K.V. Gubin, A.I. Korchagin, A.V. Lavrukhin, P.V. Logatchev, P.V. Martyshkin, S.N. Morozov, S.V. Shiyankov (BINP), J. Esposito, L. Tecchio (INFN-LNL)","Test of Materials for the High Temperature Intense Neutron Target Converter",
TUP17002,"M.S. Avilov, K.V. Gubin, P.V. Logatchev, P.V. Martyshkin, S.V. Shiyankov (BINP), J. Esposito, L. Tecchio (INFN-LNL)","Prototype of High Temperature Intense Neutron Target",
TUP17003,"M.H. Rashid, C. Mallik, R.K. Bhandari (VECC)","Cusp Mirror Field Ion Source for Radioactive Ion Beam Production",
TUP17004,"B.H. Chung, K.H. Chung, K.O. Lee, S.K. Ko (KAPRA), S.J. Noh (Dankook Univ.), Y.D. Lee (Kwangwoon Univ.)","Present Status of 700 MHz Klystron",
TUP18001,"K. Endo, K. Egawa, Z. Fang (KEK), M. Mizobata, J. Matsui, K. Sako, Y. Kijima (Mitsubihi Electric Co.), A. Nishikawa, F. Ohtani, S. Tokura, A. Yamamoto (IHI Co. Ltd.)","High Field Pulse Dipole and Quadrupole Magnets for Compact Medical Pulse Synchrotron",
TUP18002,"M. Komori, T. Furukawa, T. Kanai, Y. Iwata, N. Kanematsu, S. Minohara, K. Noda, M. Torikoshi, S. Yamada (NIRS), S. Shibuya (AEC)","Design of Compact Irradiation Port for Carbon Radiotherapy Facility",
TUP18003,"T. Furukawa, K. Noda, K. Yoshida, M. Kanazawa, S. Yamada (NIRS), T.H. Uesugi (Chiba Univ.), S. Shibuya (AEC)","Design of Synchrotron at NIRS for Carbon Therapy Facility",
TUP18004,"Y. Iwata, T. Furukawa, T. Kanai, M. Kanazawa, N. Kanematsu, M. Komori, S. Minohara, T. Murakami, K. Noda, S. Shibuya, M. Torikoshi, S. Yamada (NIRS), V. Kapin (MEPhI)","Beam Dynamics of Alternating-Phase-Focused Linacs for Medical Accelerators",
TUP19001,"V. Seliverstov, V. Konev, A. Kozodaev, M. Ochlopkov (ITEP)","Particular Requirements to the  Linac-Driver  of a Subcritical Blanket",
TUP19002,"H. Chen, Z. Xu, X. Jin , M. Li, X. Yang, H. Lu, L. Shan, X. Shen, Q. Pan, H. Hu, Y. Chen, Y. Wang, W. Li, H. Yu, Y. Chen, J. Liu, X. Liu, Z. Zhang, R. Deng, Q. Yu, H. Wang, W. Bo (CAEP)","A New Type SW Linac Used in Industrial CT",
TUP19003,"Y. Liu, M. Chen, D. Li, S. Wang, G.S. Chen, W. Jia (SINAP/SINR)","The Status of SMCAMS after Upgradings",
TUP19008,"H.J. Woo, H.W. Choi, G.D. Kim, J.K. Kim, W. Hong, Y.Y. Ji (KIGAM), W.B. Choi (BNP Science), Y.H. Bae (Uiduk Univ.)","Application of Hydrogen Ion Beams for SOI Wafer Formation",
TUP19009,"G.D. Kim, H.J. Woo, W. Hong, J.K. Kim, H.W. Choi, Y.Y. Ji (KIGAM), J.H. Chang (KAERI)","Facility for MeV Degree Neutron Capture Cross Section at KIGAM",
TUP19011,"K.R. Kim, B.S. Park, H.R. Lee, K.S. Kang, S.W. Kang, B.H. Choi (KAERI)","50MeV Proton Beam Test Facility for Low Flux Beam Utilization Studies of PEFP",
TUP19012,"C.H. Bae, J.I. Lyu (SCNU), T. Abe, Y. Yano, S. Yoshida (RIKEN), Y.I. Lee (NSSC), H.Y. Lee (JNU)","Effect of Heavy-Ion Beam Irradiation on In Vitro Cultured Plant Organisms",
TUP19015,"B.S. Park, K.R. Kim, B.H. Choi (KAERI)","Development of Uniform Irradiation Systems for Test Facilities of PEFP",
TUP19017,"S. Banna, D. Schieber, L. Sch&auml;chter (Technion - IIT)","Scaling-Laws of Wake-Fields in Optical Structures",
TUP19018,"A. Mizrahi, L. Sch&auml;chter (Technion - IIT)","Optical Bragg Acceleration Structures",
WEM101,"D. Einfeld (CELLS), E. Al-Dmour, M. Attal, G. Vignola (UNESCO), H. Hassanzadegan (DESY), H. Tarwneh (Lund Univ.)","SESAME, a Synchrotron Light Source for the Middle East Region",
WEM102,"H.O. Moser, B.D.F. Casse, E.P. Chew, M. Cholewa, C.Z. Diao, S.X.D. Ding, J.R. Kong, Z.W. Li, M. Hua, M.L. Ng, B.T. Saw, S.bin Mahmood, S.V. Vidyaraj, O. Wilhelmi, J. Wong, P. Yang, X.J. Yu (SSLS), X.Y. Gao, A.T.S. Wee, W.S. Sim (Singapore National Univ.)","Synchrotron Radiation Research at Singapore Synchrotron Light Source",
WEM103,"E.S. Kim (PAL)","Accelerator Physics Issues at the Pohang Light Source",
WEM104,"R. Apiwatwaja, P. Songsiriritthigul, W. Pairsuwan, T. Ishii (NSRC), G. Isoyama (ISIR)","The Recent Progress of Siam Photon Laboratory",
WEM201,"B. Sinha, R.K. Bhandari (VECC)","Status of the Superconducting Cyclotron Project at VECC",
WEM202,"Yu.M. Shatunov (BINP)","Status of the VEPP-2000 Collider Project",
WEM203,"A. Noda, H. Fadil, S. Fujimoto, M. Ikegami, Y. Iwashita, S. Nakamura, T. Shirai, M. Tanabe, H. Tongu (Kyoto Univ.), K. Matsukado, K. Noda, S. Shibuya, T. Takeuchi, S. Yamada (NIRS), H. Daido, Y. Kato, T. Tajima (APRC, JAERI KANSAI), M. Beutelspacher, M. Grieser (MPI, Heidelberg), E. Syresin (JINR)","Laser Equipped Ion Storage and Cooler Ring, S-LSR",
WEM204,"J. Pradhan, Md.Z.A. Naser, U. Bhunia, A. Sarkar, T.K. Bhattacharrjee, S. Paul (VECC), A. Banerjee (IIT Kgp), A. Sur, S. Saha (VECC), R. Ranganathan (SINP), R.K. Bhandari (VECC)","Characterization of Superconducting Cable for K-500 Superconducting Cyclotron Magnet Coil",
WEM301,"H. Koiso, T. Abe, K. Akai, M. Akemoto, K. Ebihara, K. Egawa, A. Enomoto, J. Flanagan, S. Fukuda, H. Fukuma, Y. Funakoshi, K. Furukawa, T. Furuya, J. Haba, S. Hiramatsu, T. Honda, K. Hosoyama, T. Ieiri, N. Iida, H. Ikeda, S. Inagaki, S. Isagawa, T. Kageyama, S. Kamada, T. Kamitani, K. Kanazawa, S. Kato, T. Katoh, M. Kikuchi, E. Kikutani, T. Kubo, M. Masuzawa, T. Matsumoto, S. Michizono, T. Mimashi, T. Mitsuhashi, S. Mitsunobu, A. Morita, Y. Morita, H. Nakai, T.T. Nakamura, H. Nakanishi, H. Nakayama, Y. Ogawa, K. Ohmi, Y. Ohnishi, S. Ohsawa, N. Ohuchi, K. Oide, M. Ono, T. Ozaki, Y. Sakamoto, K. Shibata, T. Shidara, M. Shimada, M. Suetake, Y. Suetsugu, R. Sugahara, T. Sugimura, T. Suwada, Y. Takeuchi, Y. Takeuchi, M. Tawada, M. Tejuma, M. Tobiyama, K. Tsuchiya, T. Tsukamoto, S. Uehara, S. Uno, S.S. Win, N. Yamamoto, Y. Yamamoto, Y. Yano, K. Yokoyama, M. Yoshida, M. Yoshida, S. Yoshimoto, M. Yoshioka (KEK), S. Stanic (Tsukuba Univ.), F. Zimmermann (CERN)","KEKB and SuperKEKB",
WEM302,"T.T. Minh, V.van Thuan (INST), N.van Do (IP)","The Aspects of Low Energy Accelerator Applications in Vietnam",
WEM303,"H. Suzuki (JAERI)","Rapid Cycling Synchrotron of J-PARC",
WEM401,"C.H. Chang, C.S. Hwang, T.C. Fan, F.Y. Lin, H.H. Chen, M.H. Huang, Ch. Wang, J.R. Chen (NSRRC)","Development of Insertion Devices at NSRRC",
WEM403,"S. Ninomiya, K. Hatanaka, Y. Sakemi (RCNP), T. Kawaguchi, N. Takahashi (KT Science Ltd.)","The Study of High Magnetic Field and AC Operation of High Temperature Superconducting Magnet",
