,"E. Picasso","European Organization for Nuclear Reserach",3 7,
,"G.-A. Voss","The HERA-Project",7 11,
,"H. Herminghaus","Continuous Beam Electron Accelerators",11 17,
,"J. L. Laclare","Synchrotron Radiation Light Sources",17 22,
,"Y. Kimura","Highlights from Japan - Tristan and Post-Tristan Accelerators",22 27,
,"D. Proch","Superconducting RF Cavities for Accelerator Application",29 34,
,"C. Benvenuti, D. Bloess, E. Chiaveri, N. Hilleret, M. Minestrini, W. Weingarten","Preparation of Niobium Coated Copper Superconducting RF Cavities for the Large Electron Positron Collider",37 40,
,"G. Mueller, M. Hein, N. Klein, H. Piel, L. Ponto","Microwave Properties of the New High T<sub>c<\sub> Superconductors and their Prossible Application for Accelerator Cavities",40 43,
,"J. S. MacKay","Electron Beam Profile, Positron Systems and Measurements on the Daresbury SRS",43 46,
,"E. M. Sommer, J. C. Besson, P. Certain, A. Dael, A. Damany, P. Juan, A. Labeque, M. P. Level, P. C. Marin, J. Michaut, C. Monet-Descombey, P. Nghiem, R. Souchet, H. Zyngier","Commissioning of Super-ACO",46 49,
,"U. Amaldi, M. Bassetti, C. Biscari, J. Bisognano, R. Boni, I. E. Campisi, M. Castellano, N. Cavallo, G. Coignet, D. C. Fiander, U. Gambardella, E. Gianfelice, S. Kulinski, G. Modestino, L. Palumbo, P. Patteri, M. A. Preger, D. M. Ritson, M. Serio, P. Siev","A Flavour Factory and Nuclear Physics Facility Based on Superconducting Linacs",49 52,
,"A. Aragona, C. Biscari, R. Boni, M. Castellano, A. Cattoni, N. Cavallo, F. Cevenini, V. Chimenti, S. De Simone, G. Di Pirro, S. Faini, U. Gambardella, A. Ghigo, S. Guiducci, S. Kulinski, L. Maritato, G. Modestino, P. Patteri, M. Preger, C. Sanelli, M. Ser","The Linear Superconducting Accelerator Project LISA",52 55,
,"W. Bialowons, M. Bieler, H. -D. Bremer, F. -J. Decker, H. -C. Lewin, P. Schuett, G. -A. Voss, R. Wanzenberg, T. Weiland","The Transient Wake Field Transformer Experiment",55 58,
,"N. Angert","Ion Accelerators and Storage Rings",61 65,
,"I. S. K. Gardner","Review of Spallation Neutron Sources",65 70,
,"F. Bradamante","Meson Factories",70 75,
,"L. L. Reginato, D. L. Birx","Pulsed High-Power Beams",75 78,
,"A. Schempp","Space Charge Dominated, Low V/C Accelerators",78 83,
,"J. Arvieux","Sources and Accelerators for Polarized Ions: A Review",83 88,
,"R. Geller","Sources of Highly Charged Ions",88 93,
,"A. J. T. Holmes","The Development of High Current Singly Charged Ion Sources",93 98,
,"M. Allen","RF Power Sources",101 106,
,"H. Hahn","The Relativistic Heavy Ion Collider at Brookhaven",109 112,
,"S. P. Moeller","ASTRID, A Storage Ring for Ions and Electrons",112 115,
,"PA. Chamouard, M. Olivier, G. Rommel, A. Tkatchenko","Description and Commissioning of MIMAS, Booster Storage Ring for Heavy and Polarized Ions",115 118,
,"A. I. Warwick, T. J. Fessenden, D. Keefe, C. H. Kim, H. Meuth","Performance of MBE-4, An Experimental Multiple Beam Induction Linear Accelerator for Heavy Ions",118 121,
,"M. A. Allen, W. A. Barletta, D. L. Birx, J. K. Boyd, R. S. Callin, H. Deruyter, K. R. Eppley, W. R. Fowkes, W. B. Herrmannsfeldt, T. Higo, H. A. Hoag, D. B. Hopkins, T. Houck, T. L. Lavine, T. G. Lee, G. A. Loew, R. H. Miller, P. L. Morton, R. B. Palmer, ","Relativistic Klystron Research for High Gradient Accelerators",121 127,
,"P. A. Schmelzbach, M. Daum, S. Jaccard, T. Stammbach","Polarized Beams at PSI",127 130,
,"P. Leipe, H. Deitinghoff, H. Klein, K. Langbein, A. Schempp","Acceleration and Bunch Formation with Two Coupled RFQ's",130 133,
,"P. Sievers, M. Hoefert","A Mega Watt Electron Positron Conversion Target - A Conceptual Design",133 136,
,"M. Boussoukaya","New \elph<sub>-</sup> Sources Switched by Laser Beams",139 144,
,"A. Renieri","Free Electron Lasers",144 148,
,"K. Wille","B-Factories",148 153,
,"Y. Jongen","Accelerators for Radiotherapy",153 158,
,"K. Bethge","Accelerators in Industrial Applications",158 166,
,"E. Acerbi","Superconducting Cyclotrons",166 171,
,"M. Letournel","Brief Review of the Development of Electrostatic Accelerators and Continuing Work at Strasbourg",171 175,
,"S. X. Fang","Current Status of BEPC",175 179,
,"A. Hofmann","Beam Diagnostic Techniques, Observations and Comparison with Theory",181 186,
,"C. Bieth, E. Balanzat, D. Busardo, J. Meslage, P. Pierrard, M. Van Den Bossche","Industrial Applications of Heavy Ions Beams at GANIL",189 192,
,"W. Pohlit","Optimization of Cancer Treatment with Accelerator Produced Radiations",192 195,
,"Y. H. Chin","The Renormalized Theory of Beam-Beam Interaction",195 198,
,"G. H. Rees","Antoher Look at Coherent Longitudinal Instabilities of Bunched Beams",198 201,
,"I. Hofmann, S. Cocher, J. Struckmeier","Perspectives of Ultracold and Crystalline Ion Beams Cooled by Electrons",201 204,
,"A. Wolf, S. Baird, J. Bosser, M. Chanel, P. Dittner, M. Girardini, L. Huetten, C Habfast, H. Haseroth, C. E. Hill, P. Lefevre, R. Ley, D. Moehl, D. Manglunki, G. Molinari, A. Poncet, H. Poth, W. Schwab, B. Seligmann, J. Stein, G. Tranquille, J.-L. Vallet,","Results from Electron Cooling Experiments at LEAR",204 207,
,"C. J. Bocchetta, A. Wrulich","Effects of Ions in the Sincrotrone Trieste",207 210,
,"A. Wrulich","The Trieste Synchrotron Light Source ELETTRA",210 213,
,"E. Jones","The CERN ppBar Facility",215 218,
,"G. Brianti","The Large Hadron Collider (LHC) in the LEP Tunnel",218 223,
,"G. Dugan","The Tevatron: Status and Outlook",223 228,
,"A. W. Chao","Brief Comments on Nonlinear Dynamics Studies in Storage Rings",228 233,
,"A. I. Ageev, V. N. Alferov, A. D. Artemov, V. I. Balbekov, A. F. Dunaitsev, Yu. S. Fedotov, V. I. Gridasov, G. G. Gurov, G. A. Gusev, B. G. Karasev, V. V. Komarov, M. N. Kosyakin, O. V. Kurnayev, V. N. Lebedev, A. A. Logunov, E. L. Makeev, I. F. Malyshev,","The IHEP Accelerating and Storage Complex - Status and Development",233 237,
,"J. Peoples","The SSC Project",237 242,
,"C. Chen, W. Zhao","The Progress of Low Energy Particle Accelerators in China",242 247,
,"R. Bock","Energy Production with Accelerators",249 254,
,"S. Joly, Cl. Bonetti, F. Cocu, J. P. De Brion, R. Dei-Cas, J. Frehaut, G. Haouat, A. Herscovici, H. Leboutet, J. Sigaud","A High-Brightness Photo-Injector for a Free Electron Laser Proposal",257 260,
,"T.C. Katsouleas, J. M. Dawson, J. J. Su","Plasma Lens Work at UCLA",260 263,
,"B. F. Bayanov, A. D. Chernyakin, Yu. N. Petrov, G. I. Silvestrov, T. V. Sokolova","Large Cylindrical Lenses with Solid and Liquid Lithium",263 266,
,"J. M. Peterson, A. W. Chao, D. A. Edwards, D. Finley, N. M. Gelfand, R. E. Gerig, M. Harrison, D. E. Johnson, R. P. Johnson, N. Merminga, P. L. Morton, S. G. Peggs, C. G. Saltmarsh, L. C. Schachinger, M. Syphers, R. M. Talman","Dynamic Aperture Measurements at the Tevatron",266 269,
,"U. Wienands, R. V. Servranckx","Towards a Slow Extraction System for the Triumf Kaon Factory Extender Ring with 0.1% Losses",269 272,
,"T. Fieguth, P. Bambade, T. Barklow, K. L. Brown, F. Bulos, D. L. Burke, G. E. Fischer, J. Haissinski, A. Hutton, C. Jung, S. A. Kheifets, S. Komamiya, T. Mattison, J. J. Murray, N. Phinney, M. Placidi, D. M. Ritson, M. Sands, J. C. Sheppard, W. Spence, N.","Tuning the Arcs of the SLAC Linear Collider",272 275,
,"J. T. Seeman, C. Adolphsen","Beam Phase Space Determination at 50 GeV in the SLC Linac",275 279,
,"F. Ebeling, R. Klatt, F. Krawzcyk, E. Lawinsky, T. Weiland, S. G. Wipf","Status and Future of the 3 D Mafia Group of Codes",279 282,
,"W. Schnell","Linear Collider Studies in Europe",285 290,
,"C. Rubbia","The 'Future' in High-Energy Physics",290 300,
,"Yu. M. Ado, A. D. Ermolaev, A. S. Gurevich, O. P. Lebedev, E. A. Myae, P. T. Pashkov, A. V. Smirnov, V. I. Stolpovsky, E. F. Troyanov","Peculiarities of the IHEP Accelerator Complex Operation with the Fast-Cycling Booster",303 305,
,"A. Ts. Amatuni, A. S. Alexanyan, R. O. Avakyan, A. Z. Babayan, H. V. Badalyan, A. I. Baryshev, K. Sh. Egiyan, I. P. Karabekov, E. M. Laziev, H. A. Martirossyan, S. G. Matinyan, H. G. Mkrtchyan, V. Ts. Nikogossyan, H. G. Oxuzyan, M. L. Petrossyan, K. A. Sa","The Prospects of Improvemnt and Development of Accelerator Installations at Yerevan Physics Institute",305 308,
,"B. Autin, M. Battiaz, M. Bell, R. Billinge, J. Boucheron, G. Carron, F. Caspers, V. Chohan, S. X. Fang, J. Gruber, Z. Y. Guo, H. Horisberger, C. D. Johnson, E. Jones, H. Koziol, P. Krejcik, M. Legras, R. Maccaferri, H. F. Malthouse, P. Marchand, M. Martin","The CERN Antiproton Collector Ring",308 311,
,"J. I. M. Botman, F. C. Erne, H. L. Hagedoorn, W. Hoogland, G. Luijckx, R. Maas, G. van Middelkoop","Initial Design of a phi Factory",311 314,
,"J. C. Bourdon, R. Belbeoch, M. Bergher, P. Bourgeois, P. Brunet, P. Carlos, R. Chaput, Y. Dabin, A. Dael, (on leave of KEK) Enomoto, A., J. Fagot, J. L. Fallou, C. Hezard, J. C. Malglaive, B. Mouton, J. M. Ortega, Y. Petroff, J. P. Perrine, E. Plouviez, R","CLIO:  Free Electron Laser in ORSAY",314 317,
,"W. Braeutigam, H. G. Boege, H. Beuscher, R. Brings, P Wucherer","Upgrade JULIC as Injector for COSY-JUelich",317 320,
,"M. K. Craddock, R. Baartman, R. Burge, T. Enegren, S. Koscielniak, R. E. Laxdal, G. H. Mackenzie, R. L. Poirier, K. Reiniger, R. V. Servranckx, T. Suzuki, U. Wienands, M. Zach","Recent Developments on the TRIUMF KAON Factory Proposal",320 323,
,"E. Acerbi, F. Alessandria, G. Baccaglioni, G. Bellomo, C. Birattari, A. Bosotti, F. Broggi, G. Cortesi, G. Cuttone, C. De Martinis, E. Fabrici, A. Ferrari, D. Giove, A. Giussani, W. Giussani, L. Kai, P. Michelato, C. Pagani, G. Raia, G. Rivoltella, L. Ros","Progress Report on the Milan Superconducting Cyclotron",323 326,
,"G. Dutto, R. Baartman, E. W. Blackmore, D. A. Dohan, K. R. Kendall, R. Laxdal, G. H. Mackenzie, A. Otter, P. W. Schmor, R. Worsham, M. Zach","The Upgrading of the TRIUMF Facility to 500 muA Operation",326 329,
,"K. Cornelis","Commissioning of the SPS as LEP Injector",329 332,
,"J. M. Filhol, P. Berkvens, J. F. Bouteille","General Description of the ESRF Injector System",332 335,
,"V. Aab, K. Alrutz-Ziemssen, R. Amend, D. Flasche, H.-D. Graef, H. Heinrichs, V. Huck, K. D. Hummel, M. Knirsch, F. Lindqvist, W. Lotz, H. Piel, J. Pouryamout, A. Richter, T. Rietdorf, U. Schaaf, S. Simrock, E. Spamer, A. Stiller, O. Titze, H. Weise, W. Zi","The Superconducting 130 MeV Electron Accelerator at Darmstadt",335 339,
,"for the AGOR Team Gales, S.","Status Report on the Superconducting Cyclotron AGOR",339 342,
,"A. Goto","Injector AVF Cyclotron at RIKEN",342 345,
,"G. G. Gulbekyan","Heavy Ion Cyclotrons Development at JINR",345 347,
,"M. R. Harold, R. G. Bendall, A. I. Borden, M. A. Clarke-Gayther, I. S. K. Gardner, C W. Planner, G. H. Rees, N. D. West","Diagnostics and Commissioning Progress on ISIS",347 350,
,"C.J. Herrlander, K. -G. Rensfelt, J. Starker","CRYRING - A Heavy-Ion Storage and Synchrotron Ring",350 353,
,"S. Holm, P.-U. Renberg","Initial Operation of the Reconstructed Uppsala Synchrocyclotron",353 356,
,"D. Husmann, K. H. Althoff, A. Dreist, H. Ebeling, O. Kaul, C. Lippert, M. Neckenig, H. -D. Nuhn, W. Schauerte, M. Schillo, F. J. Schittko, C. Wermelskirchen, W. von Drachenfels","ELSA - The Continuous Beam Accelerator at Bonn",356 359,
,"A. Jackson, S. Chattopadhyay, R. Keller, C. Kim, H. Nishimura, F. Selph, M. Zisman","The LBL Advanced Light Source",359 362,
,"K. D. Jacobs, R. D. Biron, J. B. Flanz, E. Ihloff, S. Kowalski, Z. Radouch, T. Russ, A. Saab, W. W. Sapp, C. Williamson, A. Zolfaghari, J. Zumbro","The MIT-BATES South Hall Ring",362 365,
,"E. Jaeschke, W. Arnold, G. Bisoffi, M. Blum, A. Friedrich, C. Geyer, M. Grieser, D. Habs, H. W. Heyng, B. Holzer, R. Ihde, M. Jung, D. Kraemer, K. Matl, R. Neumann, A. Noda, W. Ott, B. Povh, R. Repnow, F. Schmitt, M. Steck, E. Steffens","The Heidelberg Test Storage ring for Heavy Ions TSR",365 368,
,"J. M. Jowett","The tau-CHARM Factory Storage Ring",368 371,
,"K. -H. Kaiser, H. Herminghaus, R. Herr, H. J. Kreidel, J. Mueller, H. Mussel","Four Years of Operation of the 180 MeV CW Electron Accelerator Mami A",371 374,
,"H. Kamitsubo, S. H. Be, M. Hara, R. Nagaoka, S. Sasaki, T. Wada","STA SR Project",374 377,
,"W. Kley, G. R. Bishop, J. M. Perlado, A. Sinha","EURAC: A Concept for a EURopean ACcelerator Neutron Source",377 380,
,"V. V. Anashin, N. G. Gavrilov, E. S. Gluskin, E. I. Gorniker, B. A. Gudkov, A. S. Kalinin, V. N. Korchuganov, G. N. Kulipanov, E. A. Kuper, G. Ya. Kurkin, V. S. Kuzminykh, S. N. Kuznetsov, E. B. Levichev, Yu. G. Matvejev, A. S. Medvedko, V. N. Osipov, V. ","The Dedicated Synchrotron Radiation Source <SIBERIA-2>",380 383,
,"M. Letournel","The Strasbourg Project. A 35 MV Vivitron Tandem",383 386,
,"J. H. B. Madsen, S. Battisti, D. Blechschmidt, R. Cappi, J. P. Delahaye, B. Frammery, K. Huebner, A. Krusche, H. Kugler, A. Poncet, J. P. Potier, A. Riche, J. P. Riunaud, D. J. Warner","Status Report on the LEP Pre-Injector (LPI) and the Proton Synchrotron (PS) as A e <sup></sup>e <sup>-</sup> Accelerator",386 389,
,"W. Brefeld, H. Nesemann, J. Robetabach","The Bypass Project at DORIS II",389 392,
,"B. Autin, G. Carron, F. Caspers, V. Chohan, C. D. Johnson, E. Jones, H. Koziol, P. Krejcik, G. Le Dallic, M. Martini, S. Maury, C. Metzger, F. Pedersen, L. Rinolfi, J. C. Schnuriger, T. R. Sherwood, C. S. Taylor, L. Thorndahl, N. Walker, E. J. N. Wilson, ","Performance of the CERN Antiproton Accumulator Complex",392 395,
,"V. Bharadwaj, M. Church, E. Harms, S. Y. Hsueh, W. Kells, J. MacLachlan, W. Marsh, J. McCarthy, N. Pastrone, J. Peoples, D. Peterson, X. Q. Wang","The Use of the Fermilab Antiproton Accumulator in Medium Energy Physics Experiments",395 398,
,"U. Pfister,  and the COSY Team","Status of the Project COSY Juelich",398 401,
,"J. Pivar\ccaron, S. Hlava\ccaron","Bratislave Multipurpose Neutron Source",401 404,
,"P. A. Rapidis, L. Bartoszek, V. K. Bharadwaj, G. Dugan, M. Gormley, J. Hangst, D. J. Harding, S. Y. Hsueh, W. Kells, J. Marriner, S. Mtingwa, R. Pasquinelli, R. Peters, D. Peterson, J. Petter","The Fermilab Antiproton SourcC:\PAC Recent Performance and Improvements",404 407,
,"J. Reich, H. Beuscher, W. Braeutigam, H. L. Hagedoorn, P Wucherer","Performance of ISIS at Julic",407 410,
,"D. Reistad","Status of the Celsius Project",410 413,
,"I. I. Averbukh, A. D. Cherniakin, L. L. Danilov, M. M. Karliner, V. N. Karusyuk, V. N. Marusov, G. I. Silvestrov, V. G. Volokhov, T. A. Vsevolozhskaya","Project of Small-Dimensional 200 MeV Proton Synchrotron",413 416,
,"Th. Sluyters","Status of the AGS Upgrade Project",416 418,
,"V. P. Suller, J. N. Corlett, D. M. Dykes, E. A. Hughes, J. S. MacKay, M. W. Poole, P. D. Quinn, S. L. Thompson, R. P. Walker","Performance of the Daresbury SRS with an Increased Brilliance Optic",418 421,
,"G. Bassato, I. Ben-Zvi, G. P. Buso, F. Cervellera, A. Dainelli, A. Facco, P. Favaron, G. Fortuna, J. D. Larson, V. Palmieri, R. Pengo, A. M. Porcellato, K. Rudolph, J. S. Sokolowski, B. Tiveron","The ALPI Project at the Laboratori Nazionali Di Legnaro",421 424,
,"T. Grundey, W. Assmann, U. Buhl, L. Dietl, G. Hinderer, C. Riess, L. Rohrer, R. Savoy, U. Trinks","TRITRON - A Superconducting Cyclotron with Separated Orbits",424 427,
,"W. H. Urbanus, J. G. Bannenberg, H. Klein, A. Schempp, R. W. Thomae, T. Weis, R. G. C. Wojke, P. W. van Amersfoort","MEQALAC, A 1 MeV Multi-Channel RF-Accelerator for Light Ions",427 430,
,"P. W. van Amersfoort, R. W. B. Best, W. J. Mastop, B. J. H. Meddens, D. Oepts, C. A. J. van der Geer, M. J. van der Wiel","Felix: the Dutch Free Electron laser for Infrared Experiments",430 433,
,"V. Aab, K. Alrutz-Ziemssen, A. Gaupp, H. Genz, H.-D. Graef, A. Richter, H. Weise","The Near-Infrared Free-Electron-Laser Project at Darmstadt",433 436,
,"W. T. Weng","Status of the AGS Booster Project",436 439,
,"H. Nesemann, W. Schmidt-Parzefall, F. Willeke","The Use of PETRA as a B-Factory",439 442,
,"Y. Yano","Status Report on RIKEN Ring Cyclotron",442 445,
,"H. Yokomizo, K. Ashida, T. Harada, Y. Harada, T. Harami, H. Hashimoto, M. Iizuka, M. Kabasawa, Y. Kawarasaki, H. Konishi, K. Mashiko, K. Nakayama, M. Ohkubo, S. Sasaki, N. Sasamoto, Y. Suzuki, K. Yamada, K. Yanagida","Design of a Small Storage Ring in JAERI",445 448,
,"W. Busse, B. Martin, R. Michaelsen, W. Pelzer, K. Ziegler","The Heavy Ion Accelerator Facility VICKSI",448 451,
,"J. I. M. Botman, H. L. Hagedoorn, W. J. G. M. Kleeven, J. A. Van Der Heide, W. Van Genderren","Proposal for Racetrack Microtrons as Driver for a Free Electron Laser and as Injector for an Electron Storage Ring",453 456,
,"L. N. Hand, S. Lundgren","The Design of Low Emittance Electron Storage Rings",456 459,
,"L. L. Reginato, D. L. Birx","Recent Advances in Magnetically Driven Induction Linacs",459 461,
,"V. P. Sarantsev","Investigations on New Acceleration Schemes in Dubna",461 464,
,"A. Schempp","Design of Compact RFQs",464 467,
,"A. N. Dubrovin, A. N. Skrinsky, G. M. Tumaikin, A. A. Zholents","Conceptual Design of a Ring Beauty Factory",467 470,
,"O. A. Anderson, W. S. Cooper, C. H. Kim, W. B. Kunkel, C. A. Matuk, P. Purgalis, L. Soroka, R. P. Wells","Constant-Current Variable-Voltage (CCVV) Accelerators",470 473,
,"B. Y. Bogdanovich, A. V. Shalnov","Linacs with Self-Acceleration of Bunched Beam",473 475,
,"L. Diakhate","Finite Plasma Wakefield Accelerator",475 478,
,"M. Jablonka, B. Aune, Ch. Magne","A Scheme for a Fully Superconducting Electron Injector",478 481,
,"J. E. Spencer, B. Zotter","Optics Effects & Optinons for TeV Colliders - II",481 484,
,"K. M. Subotic","Multipurpose Air-Core Sperconducting Cyclotrons",484 487,
,"D. Tronc, G. Meyrand, A. Setty, D. T. Tran","Electron Injector Designs for Light Source",487 490,
,"W. Bialowons, M. Bieler, H. -D. Bremer, F. -J. Decker, H. -Ch. Lewin, P. Schuett, G. -A. Voss, R. Wanzenberg, T. Weiland","The Resonant Wake Field Transformer Concept for Particle Acceleration",490 493,
,"Y. T. Yan","A Miniaturized High-Energy Wakefield Accelerator",493 496,
,"A. V. Agafonov, A. N. Lebedev, D. B. Orlov","Charge and Current Neutralization of High-Current Ion Beams",496 499,
,"A. Ts. Amatuni, S. S. Elbakian, E. V. Sekhpossian","A Possible Self-Acceleration of a Relativistic Bunch of Electrons in Plasma",499 502,
,"J. L. Bobin","Focusing Properties of a Plasma Wave",502 505,
,"R. Giannini","Calculation of Protonium Production Rate from Corotating Beams of P and H_ in LEAR",505 508,
,"M Bassetti, S. Guiducci, L. Palumbo","General Considerations on a Damping Ring for a 5-10 GeV Linear Collider",508 511,
,"N. Bongers, B. Dahmen, R. Danzglock, H. U. Hacker, A. Hardt, C. Henkel, K. Henn, M. Koehler, J. Launer, S. A. Martin, K. Nau, O. Ollech, S. Peischard, D. Prasuhn, A. Richert, H. Singer, K. Sobotta, W. Spiebeta, H. Stockhorst, R. Wagner, A. Weinert, D. Wey","First Considerations on Stochastic Cooling in Cosy Juelich",511 514,
,"P. Junior, H. Deitinghoff, H. Klein","Maximum Beam Currents of Light Ions in RFQs",514 517,
,"P. Junior","The RFQ as a Neutron Source both for High Intensity and Micropulses",517 520,
,"F. Krawczyk, T. Weiland","3D - Magneto - and Electrostatic Calculations Using MAFIA-S3",520 523,
,"E. M. Laziev, V. M. Tsakanov, S. S. Vahanyan","Electromagnetic Wave Generation with High Transformation Ratio by Intense Charged Particle Bunches",523 526,
,"M. J. Lee, G. S. Abrams, C. E. Adolphsen, C. J. Blanchette, R. Iverson, D. Kleban, J. T. Seeman, M. Stanek, J. L. Turner, B. Zambre","A Beam Energy Analysis and Monitoring System for Linear Accelerators",526 529,
,"N. S. Dikansky, N. Kh. Kot, V. I. Kudelainen, V. A. Lebedev, V. V. Parkhomchuk, A. A. Seriy, V. D. Shiltsev, A. N. Skrinsky, B. N. Sukhina","Influence on the Sign of an Ion Charge on Friction Force at Electron Cooling",529 532,
,"K. O. Thielheim","Pulsars as Cosmic Ray Accelerators - The Critical Frequency",532 535,
,"T. Weis, R. Doelling, P. Gross, H. Klein, J. Wiegand","Space Charge Neutralization of Modulated Ion Beams",535 538,
,"J. Alessi, J. M. Brennan, J. Brodowski, H. N. Brown, R. Gough, A. Kponou, K. Prelec, J. Staples, R. Witkover","The New AGS H<sup>-</sup> RFQ Preinjector",538 541,
,"E. Asseo, J. Bengtsson, M. Chanel","Lear Beam Stability Improvemnts Using FFT Analysis",541 544,
,"B. G. Chidley, G. M. Arbique, R. M. Hutcheon, G. E. McMichael, J. Y. Sheikh","RF Tuning and Initial CW Operation of RFQ1",544 547,
,"T. J. P. Ellison, O. Dermois, D. L. Friesel, T. S. Sloan","Status Report on the Initial Cooling Studies in the IUCF Cooler",547 550,
,"H. Euteneuer, H. Braun, H. Herminghaus, R. Klein, H. Schoeler, T. Weis","The Injector Linac for the Mainz Microtron",550 553,
,"R. Gerig, S. Mane, S. Pruss, M. Syphers, D. Trbojevic","Improvements to the Fermilab Main Ring",553 556,
,"G. P. Jackson, D. Finley, R. P. Johnson, Q. Kerns, J. McCarthy, R. Siemann, P. Zhang","Luminosity Lifetime in the Tevatron",556 559,
,"R. E. Laxdal, G. H. Mackenzie, J. B. Pearson, G. Stinson, R Trelle, R. Worsham, M. Zach","Progress Towards H<sup>-</sup> Extraction at Triumf",559 562,
,"B. T. Leemann, W. Scandale","Performance Limitations of LHC Low Beta Insertions",562 565,
,"N. D. Malitsky, Yu. P. Severgin, I. A. Shukeilo","The Beam Slow Extraction From a Magnetic ring Based on Particle-Target Interaction",565 568,
,"N. Liu, G. Liu, T. Wang","Low Energy Injection in a Compact Synchrotron Radiation Storage Ring",568 570,
,"K. Nakajima, T. Kageyama, A. Ogata","Variation of Longitudinal Beam Position and Profile During Acceleration in Tristan Main Ring",570 573,
,"K. Nakayama, Y. Gomei","Low Energy Injection Scheme of Compact Electron Storage Rings",573 576,
,"A. Fiebig, G. Nassibian, Ch. Schieblich","A Preliminary Study of a Voltage Multiplying Structure for Electron Acceleration",576 579,
,"F. Nolden, D. Boehne, G. Berthes, B. Franzke, A. Schwinn","Stochastic Precooling of Neavy Fragments in the ESR",579 582,
,"C. W. Planner, S. C. Broughton, W. R. Evans, V. C. Kempson, V. Pugh, M. L. Yates","Commissioning and Operating Experience with the H<sup>-</sup> Injection System for the Fast Cycling Synchrotorn of ISIS",582 585,
,"A. Hershcovitch, V. Kovarik, K. Prelec","Extraction of a Steady State Electron Beam from HCD Plasmas for EBIS Applications",585 587,
,"A. Schempp, M. Ferch, H. Klein, K. H. Pape, P. Schastok, S. H. Wang, H. S. Zhang","Performance of the DESY RFQs",587 590,
,"A. Schempp, H. Deitinghoff, C. J. Herrlander, A. Kaellberg, H. Klein, A. Soltan","RFQ-Injector for Cryring",590 593,
,"R. C. Sethi, B. R. Bairi, P. Junior, S. S. Kapoor, V. T. Nimje","Development of an Experimental RFQ Accelerator",593 596,
,"M. Sugitani,  SHI Accelerator Group","Racetrack Microtron - 150 MeV Injector for Compact SR Ring",596 599,
,"Yu. N. Telegin, Yu. N. Grigor'ev, I. M. Karnaukhov, V. M. Khvastunov, V. P. Likhachev, S. A. Pashchuk, O. D. Zvonareva","Internal Beam Facilities at Kharkov PSSR",599 602,
,"M. M. Karliner, O. A. Nezhevenko, G. N. Ostreiko, B. Z. Persov, S. I. Ruvinsky, G. N. Serdobintsev, E. N. Shaimerdenov, V. G. Vescherevich, V. P. Yackovlev","100 MeV Electron Linac with the DAW Structure as an Injector for the Siberia-2 Storage Ring",602 605,
,"D. A. Demikhovsky, A. P. Maltsev, E. A. Myae, V. I. Stolpovsky, V. A. Teplyakov, E. F. Troyanov, V. A Zenin, A. V. Zherebtsov","30 MeV RFQ Linac Parameters",605 607,
,"R. Becker, N. Angert, F. Bosch, I. Hofmann, E. Jennewein, J. Klabunde, M. Kleinod, A. Mueller, P. Mokler, U. Proebstel, S. Schennach, H. Schulte, P. Spaedtke, W. Spies, K. Valadkhani, B. Wolf","An Experiment to Evaluate the Possiblility of Electron Cooling of Partially Stripped Heavy Ions",607 610,
,"G. Dattoli, T. Hermsen, D. Jaroszinsky, A. Torre","Pulse Propagation in Free Electron Lasers: The Oscillator Mode and Phase Sensitive Gain Measurements",610 613,
,"F. -J. Decker, W. Bialowons, M. Bieler, H. -D. Bremer, H. -C. Lewin, P. Schuett, G. -A. Voss, R. Wanzenberg, T. Weiland","Measurements of the Hollow Beam at the Wake Field Transformer Experiment at DESY",613 616,
,"V. P. Dmitrievsky, V. Bejsovec, M. Cihak, A. A. Glazov, V. V. Kolga, M. Krivanek, L. K. Thanh, Z. Treibal, J. Tucek, A. T. Vasilenko","Experimental Study of Simultaneous Acceleration of Protons and H<sup>-</sup> Ions in the Cyclotron",616 619,
,"L. Evans, J. Gareyte, A. Hilaire, W. Scandale, L. Vos","The Non Linear Dynamic Aperture Experiment in the SPS",619 622,
,"N. Zoubek, P. Junior, H. Klein, K. Langbein, A. Schempp","Beam Studies with an Unmodulated RFQ Beam Line",622 625,
,"A. V. Agafonov, A. N. Lebedev, G. V. Martirosyan, D. B. Orlov","Collective Coupling States in a Quasineutral Ion Beam",627 629,
,"S. G. Arutunian","The Particles Scattering on the Hard Part of Synchrotron Radiation in the Accelerators and Storage Rings: The Influence on the Beam Dynamics",629 631,
,"V. I. Balbekov","Longitudinal Instability of Bunched Beam Interacting with High-Frequency Impedance",631 634,
,"L. Rivkin, K. Bane, P. Chen, W. Gabella, T. Higo, A. Hofmann, S. Kheifets, T. Knight, W. Linebarger, P. Morton, J. Paterson, T. Raubenheimer, R. Ruth, J. Sheppard, W. Spence, J. Spencer, R. Stege, P. Wilson","Bunch Lengthening in the SLC Damping Ring",634 637,
,"K. L. F. Bane","The Calculated Longitudinal Impedance of the SLC Damping Rings",637 640,
,"P. Bluem, A. Pisent","Polarized Beams in the European Hadron Facility",640 643,
,"S. A. Bogacz, M. Harrison, K. Y. Ng","Coherent Betatron Instability in the Tevatron",643 646,
,"S. A. Bogacz, S. Stahl","Coupled Bunch Instability in Fermilab Booster - Longitudinal Phase-Space Simulation",646 649,
,"J. A. Uythoven, J. I. M. Botman, H. L. Hagedoorn","Analytical Evaluation of Synchrotron Radiation Integrals for Isomagnetic Lattices with Rectangular Dipole Magnets",649 651,
,"J. I. M. Botman, H. L. Hagedoorn, J. Reich","The Beam Emittance of Cyclotrons with an Axial Injection System",651 654,
,"D. Brandt, A. Verdier","Exhaustive Search of Field Defect Compensation and Reading Errors in A. G. Machines",654 657,
,"R. Brinkmann","Proton Emittance Growth Caused by Electron rf-Noise and the Beam-Beam Interaction in HERA",657 660,
,"B. Bru","GALOPR, A Beam Transport Program, with Space-Charge and Bunching",660 663,
,"Y. Chao, J. Crisp, S. Holmes, J. Lackey, W. Merz","Improving the Fermilab Booster Emittance",663 666,
,"Yu-Chiu Chao, King-Yuen Ng","Analytical and Numerical Evaluation of LANDAU Cavities in the Fermilab Booster",666 669,
,"R. De Regt, H. L. Hagedoorn, W. Kleeven, J. A. van der Heide","Extraction and Central Region Calculations for the Minicyclotron ILEC",669 672,
,"S. Bartalucci, J. F. Bottollier-Depois, D. Brandt, J. P. Delahaye, K. Huebner, A. Hofmann, J. P. Potier","Measurements and Analysis of Collective Effects in the LEP Electron Positron Accumulator (EPA)",672 675,
,"F. Neri, A. J. Dragt","Analysis of Tracking Data Using Normal Forms",675 678,
,"F. Ebeling, P. Schuett, T. Weiland","Selfconsistent Simulation of High Power Tubes with TBCI-SF",678 681,
,"B. Franczak","Magnet Ramping with Variable Optics in the SIS",681 684,
,"A. W. Chao, M. A. Furman, K. Y. Ng","A Possible Symplectic Coherent Beam-Beam Model",684 687,
,"F. Galluccio","Slow Resonant Extraction at the European Hadron Facility",687 690,
,"D. Brandt, J. Gareyte","Fast Instability of Positron Bunches in the CERN SPS",690 693,
,"G. Guignard, Y. Marti","Optics Perturbations Due to Discontinuous Replacement of Radiated Energy",693 696,
,"J. Hagel, H. Moshammer","Analytic Calculation of the Dynamical Aperture for the Two Dimensional Betatron Motion in Storage Rings",696 699,
,"J. Hagel, T. Suzuki","Analytic Theory of Synchro-Betatron Resonances",699 702,
,"M. Hara, R. Nagaoka, H. Tanaka, K. Tsumaki, K. Yoshida","Study of Chromaticity Correction in Low Emittance Storage Ring",702 705,
,"S. A. Heifets, S. A. Kheifets","High-Frequency Limit of the Longitudinal Impedance of an Array of Cavities",705 708,
,"J. J. Bisognano, S. A. Heifets, B. C. Yunn","Loss Parameters for Very Short Bunches",708 711,
,"H. Henke","Coupling Impedances of a Set of Resonators",711 714,
,"N. Diehl, F. Hinterberger, T. Mayer-Kuckuk, D. Prasuhn","Beam Emittance Growth by Internal Target Effects in COSY",714 717,
,"K. Hiramoto, M. Nishi","A Particle Tracking Method for Accelerators with Small Radius of Curvature",717 720,
,"J. Jeansson, A. Simonsson","The Cryring Lattice",720 723,
,"A. A. Garren, D. E. Johnson","Status of the SSC Lattice Design",723 726,
,"J. M. Jowett, K. L. F. Bane, A. Hofmann, P. L. Morton, W. Spence, R. Stege","Beam Response Measurements at SPEAR",726 729,
,"J. M. Kats","Synchronous Particle and Non-Adiabatic Capture",729 732,
,"J. Kewisch, J. R. Boyce, D. Douglas","A Storage Ring Mode for CEBAF as A Commissioning Tool",732 735,
,"W. J. G. M. Kleeven, H. L. Hagedoorn","Moment Equations with Space Charge for an AVF Cyclotron",735 738,
,"I. A. Koop, Ju. M. Shatunov","The Spin Precession Tune Spread in the Storage Ring",738 740,
,"A. P. Korolev, P. R. Zenkevich","Nonlinear Effects in High-Current Beams",740 743,
,"S. R. Koscielniak","The Longid Simulation Code",743 746,
,"J. P. Koutchouk","Polarization Simulation Studies for LEP",746 749,
,"S. L. Kramer, Y. Cho, E. A. Crosbie","Achromatic Lattice Comparison for Light Sources",749 752,
,"P. Krejcik","Design for a Practical, Low-Emittance Damping Ring",752 755,
,"P. Krejcik","Nonlinear Beam Behaviour in the CERN Antiproton Collector",755 758,
,"H. Kugler, S. Battisti, D. Brandt, J. P. Potier, A. Verdier","Closed Orbit Distortions and Their Corrections in the 600 MeV Electron-Positron Accumulator at LEP",758 761,
,"S. S. Kurennoy, S. V. Purtov","The Longitudinal Coupling Impedance of a Cyclic Accelerator Vacuum Chamber with Small Cross-Section Variations",761 764,
,"S. Y. Lee, J. Wei","Nonlinear Synchrotron Motion Near Transition Energy in RHIC",764 767,
,"M. Lee, S. Kleban","SLC Beam Line Error Analysis Using a Model-Based Expert System",767 770,
,"S. Y. Lee, S. Tepikian, X. F. Zhao","A Study of the Coupling Resonances in the AGS Booster",770 773,
,"S. Y. Lee, J. Claus, E. D. Courant, G. F. Dell, H. Hahn, B. Parzen, A. G. Ruggiero","The RHIC Lattice",773 776,
,"M.P. Level, P. C. Marin, M. Sommer, H. Zyngier","Collective Effects on Super-ACO",776 779,
,"F. Z. Khiari, A. U. Luccio, W. T. Weng","Simulation of Proton RF Capture in the AGS Booster",779 782,
,"J. R. Maidment, E. A. Karantzoulis","Longitudinal Space Charge Via Multi-Particle Simulation",782 785,
,"P. S. Martin, D. Wildman","Bunch Coalescing and Bunch Rotation in the Fermilab Main Ring: Operational Experience and Comparison with Simulations",785 788,
,"P. Krejcik, S. Martin, D. Prasuhn, H. Stockhorst, R. Wagner","COSY - Lattice Description",788 791,
,"N. Merminga, A. Chao, D. A. Edwards, D. Finley, N. M. Gelfand, R. Gerig, M. Harrison, D. Johnson, R. Johnson, R. Meller, P. Morton, S. Peggs, J. Peterson, C. Saltmarsh, L. Schachinger, R. Siemann, M. Syphers, R. Talman","An Experimental Study of the SSC Magnet Aperture Criterion",791 794,
,"H. O. Moser, B. Krevet","Emittance and Dynamic Aperture in Compact Storage Rings with Superconducting Bending Magnets",794 797,
,"R. Gluckstern, F. Neri","Numerical Computation of the Longitudinal Coupling Impedance",797 800,
,"P. Nghiem, M. Sommer, H. Zyngier","Compensation Schemes for Undulator Insertion",800 803,
,"H. Nishimura","TRACY, A Tool for Accelerator Design and Analysis",803 806,
,"A. Noda, M. Kanazawa, K. Noda, T. Watanabe, M. Yoshizawa","Evaluation of the Dynamic Aperture of TARN II",806 809,
,"A. Ogata, K. Nakajima, N. Yamamoto","Longitudinal Instability in TRISTAN Main Ring Observed by a Streak Camera",809 812,
,"J. C. Ciret, M. Olivier, J. Payet","Low Energy Multi Pulse Stacking in MIMAS by Betatron Deceleration",812 815,
,"E. Gianfelice, L. Palumbo","Transverse Impedance of a Conducting Cylindrical Pop with Discontinuous Cross Section",815 818,
,"Z. Parsa","Code Comparison for Accelerator Design and Analysis",818 821,
,"B. Parzen","The Effect of Coupling on Intrabeam Scattering",821 824,
,"V. Paxson, S. Peggs, L. Schachinger","Interactive First Turn and Global Closed Orbit Correction",824 827,
,"J. M. Peterson, E. Forest","Correction of Random Multipole Errors with Lumped Correctors",827 830,
,"M. W. Poole, J. N. Corlett, J. S. MacKay, V. P. Suller","Beam Instability Characteristics of the Daresbury SRS",830 833,
,"J. Reich, H. Beuscher, R. K. Bhandari, J. I. M. Botman, H. L. Hagedoorn","Partial Beam Decorrelation of Sources Providing Ion Out of Axial Magnetic Fields",833 836,
,"M. J. Rhoades-Brown","Beam-Beam Interactions and Luminosity Considerations in RHIC",836 839,
,"E. Baron, Ch. Ricaud","Beam Foil Interaction Studies for the Future Stripper of GANIL",839 842,
,"M. Martini, L. Rinolfi","Closed Orbit Correction of the CERN Antiproton Collector Ring",842 845,
,"A. Ropert","Optimization of a Low Emittance Lattice for the ESRF",845 848,
,"H. Kreiser, Y. Onel, A. Penzo, R. Rossmanith","Polarized Antiprotons with the SPIN Splitter",848 851,
,"F. Ruggiero","Emittance Growth Induced by Radiation Fluctuations in the Final Focus of a Linear Collider",851 854,
,"L. Sagalovsky","Beam Optics of a Dipole Fringe Field",854 857,
,"L. Schachinger","Interactive Global Decoupling of the SSC Injection Lattice",857 860,
,"E. Gianfelice, H. Schoenauer","Strategies for Longitudinal Painting in the EHF Booster at Injection",860 863,
,"R. H. Miller, C. H. Kim, F. Selph","Design of a Bunching System for a High-Intensity Electron LINAC",863 866,
,"L. Serafini, C. Pagani","ITACA: A New Computer Code for the Integration of Transient Particle and Field Equations in Axi-Symmetrical Cavities",866 869,
,"M Bassetti, M. Castellano, N. Cavallo, F. Cevenini, S. De Simone, S. Guiducci, L. Palumbo, P. Patteri, M.A. Preger, M. Serio","Bunch Length Measurements at ADONE",869 872,
,"Yu. Senichev, E. N. Shaposhnikova","The Effect of Perturbation on the Longitudinal Motion of Particles in a Stepped Phase Velocity Linac",872 875,
,"B. Simon, R. Maier, G. Wuestefeld","Analysis of the Triple Bend Achromat as a Lattice for BESSY II",875 878,
,"K. Bane, M. Donald, A. Hofmann, J. Jowett, W. Lockman, P. Morton, W. Spence, R. Stege, P. Wilson","Bunch Length and Impedance Measurements in SPEAR",878 881,
,"Lj. S. Milinkovic, K. M. Subotic","On the Inhererent Properties of the Cyclotron Equilibrium Orbits",881 884,
,"L. Tosi","Effects of Insertion Devices on Beam Dynamics",884 887,
,"A. Bazzani, B. Leemann, W. Scandale, G. Servizi, G. Turchetti","Description of Nonlinear Beam Dynamics in the CERN Large Hadron Collider by Using Normal Form Algorithns",887 890,
,"U. van Rienen, T. Weiland","Impedance Calculation above Cut-Off with URMEL-I",890 893,
,"A. Verdier, J. M. Veuillen","Addition of a Beam-Beam Element to MAD. LEP Simulation Results",893 896,
,"L. Vos","Transverse Stability of the High Intensity SPS Proton Beam",896 899,
,"J. M. Wang","Transverse Two-Beam Instability at LEP",899 902,
,"W. Bialowons, M. Bieler, H. -D. Bremer, F. -J. Decker, H. -C. Lewin, P. Schuett, G. -A. Voss, R. Wanzenberg, T. Weiland","Computer Simulations of the Wake Field Transformer Experiment at DESY",902 905,
,"U. Wienands","Discrete Helical Spin Rotators",905 908,
,"F. Schmidt, F. Willeke","Nonlinear Beam Dynamics Close to Resonances Excited by Sextupole Fields",908 911,
,"R. Brinkmann, F. Willeke","Persistent Current Field Errors and Dynamic Aperture of HERA-P",911 914,
,"G. Wuestefeld, R. Maier, B. Simon","The Analytical Lattice Approach for the Ring Design of BESSY II",914 917,
,"D. N. Shatilov, A. A. Zholents","Spin Matching Conditions for a Storage Ring with Solenoid Rotators",917 920,
,"T. Adachi, H. Sasaki","Magnet Exciting System with Dual Resonant Frequency Circuit",923 926,
,"A. N. Akimov, I. S. Baishev, A. I. Drozhdin, Yu. S. Fedotov, M. A. Maslov","Protection of Superconducting Magnets Against Irradiation During Fast Resonance Extraction From UNK",926 929,
,"J. Alessi, B. DeVito, A. Hershcovitch, A. Kponou, C. Meitzler","Advances in BNL'S Polarized Ion Source Development",929 932,
,"N. N. Alexeev, V. P. Piskunov, A. S. Rjabcev, V. P. Zavodov, Ju. M. Zlatov","Computer Controlled System for RF Manipulation at ITEP Proton Synchrotron",932 935,
,"K. Abrahamsson, G. Andler, C. B. Bigham","A Drift Tube Accelerating Structure for CRYRING",935 938,
,"G. Arnolds-Mayer, W. -D. Moeller, A. Matheisen, D. Proch","Industrial Production of Superconducting Accelerating Cavities for HERA",938 941,
,"B. Aune, M. Bolore, J. Bourbonneux, S. Buhler, J. M. Cavedon, J. P. Charrier, P. Damsin, J. Fagot, A. Godin, J. Gratadour, B. Hervieux, M. Juillard, T. Junquera, F. Koechlin, J. Le Scornet, P. Leconte, A. Liebe, C. Magne, B. Mahut, A. Mosnier, J. Rodrigue","Test Results on 1.5 GHz Superconducting Cavities at Saclay",941 944,
,"P. Ausset, T. Aniel, C. Fougeron, J. M. Lagniel","Large Frequency Swing RF Cavities for MIMAS",944 947,
,"R. Baartman","Matching of Ion Sources to Cyclotron Inflectors",947 949,
,"R. Baartman, D. Yuan","Space Charge Neutralization Studies of anH<sup>-<\sup> Beam",949 951,
,"R. Bailey, J. Ulander, I. Wilkie","Operational Software for Multicycling the CERN Super Proton Synchrotron",951 954,
,"K. Batchelor, H. Kirk, K. McDonald, J. Sheehan, M. Woodle","Development of a High Brightness Electron Gun for the Accelerator Test Facility at Brookhaven National Laboraotry",954 958,
,"P. Bernard, D. Bloess, G. Cavallari, E. Chiaveri, G. Geschonke, E. Haebel, H. Lengeler, G. Passardi, J. Schmid, R. Stierlin, J. Tueckmantel, W. Weingarten","Superconducting RF Cavities for LEP",958 961,
,"H. F. Beyer, D. Liesen","Collisional and Radiative Processes Used for Diagnostics in a Heavy-Ion Storage Ring Employing Electron Cooling",961 964,
,"V. Bharadwaj, D. Bogert, M. Church, M. Glass, W. Marsh, D. McConnell, D. Peterson","Computer Controls Programming for Deceleration Beam in the Fermilab Antiproton Accumulator",964 967,
,"M. Bieler, W. Bialowons, H. -D. Bremer, F. -J. Decker, H. -Ch. Lewin, P. Schuett, G. -A. Voss, R. Wanzenberg, T. Weiland","Hollow Beam Gun for the Wake Field Transformer Experiement at DESY",967 970,
,"G. Bienvenu","Behaviour of Warm Accelerating RF Structures Under High Gradient",970 973,
,"G. Bohner, J. Tilmont","The MIMAS and SATURNE Kicker Magnet Systems",973 976,
,"K. Bongardt, K. Kennepohl","Determination of 100 psec Short Linac Bunches by Broadband Pickups and Reconstruction Technique",976 979,
,"R. Bossart","Resonant Beam Position Monitor for Low Intensity Ion Beams",979 982,
,"C. Bourat, B. Aune, M. Jablonka, J. M. Joly","A 600 MHz Chopper System for an Electron Linac",982 985,
,"D. Boussard, H. P. Kindermann, V. Rossi","RF Feedback Applied to a Multicell Superconducting Cavity",985 988,
,"Ph. Bernard, D. Bloess, D. Boussard, G. Cavallari, E. Chiaveri, W. Erdt, E. Haebel, H. P. Kindermann, H. Lengeler, G. Passardi, J. Schmid, R. Stierlin, J. Tueckmantel, W. Weingarten","Test of a 352 MHz Superconducting Cavity in the CERN SPS",988 991,
,"D. Boussard, P. Baudrenghien, T. Linnecar, G. Rogner, W. Sinclair","The 100 MHz RF System for the CERN Collider",991 994,
,"M. Boussoukaya, H. Bergeret, R. Chehab, B. Leblond, J. Leduff","High Emissivity Photocathodes",994 997,
,"H. Braun, H. Herminghaus, A. Streun","The Gun/Chopper System for the MAINZ Microtron",997 1000,
,"G. Berg, W. Braeutigam, H. U. Hacker, A. Hardt, H. Launer, S. Martin, K. Nau, A. Richert, W. Spiebeta, G. Wuestefeld","RF System of COSY Juelich",1000 1003,
,"J. M. Brennan, L. Ahrens, J. Alessi, J. Brodowski, J. Kats","A Fast Chopper for Programmed Population on the Longitudinal Phase Space of the AGS Booster",1003 1006,
,"J. M. Brennan, L. Ahrens, P. Cameron, W. Frey, M. A. Goldman, D. Kasha, J. Kats, A. McNerney, E. Raka, R. Sanders","A High Harmonic Cavity for Controlled Longitudinal Phase Space Dilution in the AGS",1006 1009,
,"P. S. Bowling, S. K. Brown","The Separation of Control Variables in an H<sup>-</sup> Ion Source",1009 1012,
,"L. Calabretta, L. Cao, G. Cuttone, P. Di Bernardo, D. Giove, K. Liu, G. Raia, C. Yan","Beam Transfer Lines for the Tandem-Superconducting Cyclotron at Laboratorio Nazionale  Del Sud",1012 1015,
,"C. Genier, S. Capper","Logistics of LEP Installation",1015 1018,
,"M. Castellano, N. Cavallo, F. Cevenini, S. De Simone, G. Di Pirro, S. Guiducci, P. Patteri, M. Serio, L. Trasatti","Diagnostic and Control System for the LISA Project",1018 1021,
,"K. H. Chung, B. H. Choi, J. H. Hong, S. K. Ko","Development of Pellet Chain for Charge Carrying",1021 1024,
,"I. V. Chuvilo, A. Y. Dyadin, M. L. Gusev, V. S. Kabanov, I. V. Khomenko, V. V. Kurakin, V. V. Kushin, S. B. Manusadjan, I. O. Parshin, S. V. Platnikov, D. N. Seleznev, V. S. Stolbunov, S. B. Ugarov, N. N. Vinogradskiy, A. B. Zarubin","APF Accelerating Structures for Light and Heavy Ions",1024 1027,
,"F. Ciocci, G. Dattoli, L. Giannessi, A. Torre","Design of Hybrid Magnet Undulators with Non-Constant Parameters for High Gain, High Efficiency Free Electron Laser",1027 1030,
,"D. Cornuet","The Magnet System of the Electron Positron Accumulator (EPA)",1030 1033,
,"H. Danared","An Adiabatic Electron Gun for the CRYRING Electron Cooler",1033 1035,
,"G. Danby, J. Jackson","Vacuum Chamber EDDY Current Correction Coil for the AGS Booster",1035 1038,
,"L. Degueurce, P. Ausset","Beam Diagnostics for Heavy and Polariezed Ions in the Range of 10 keV/amu to 1 GeV/amu",1038 1041,
,"J. P. Girardeau-Montaut, H. Corbet, R. Dei-Cas, C. Girardeau-Montaut, G. Haouat, J. P. Laget, E. Michaud, M. Renaud, J. Sigaud","New Electron Source Assisted by Two Lasers",1041 1044,
,"T. Dombeck, R. Fisk, D. D. Koetke, D. S. Koetke","A CW-PION Focusing Horn for Low-Energy Muon Neutrino Beams",1044 1047,
,"T. Dombeck, Los Alamos-Argonne Collaboration On Behalf of the","Performance of the Los Alamos Expanding Telescope",1047 1050,
,"A. Dubrovin","Time Stepping Klystron and Lasertron Simulations",1050 1053,
,"G. Dugay,  and GANIL Power Supply Group","GANIL D. C. Power Converters: Imporvement of the Response to Mains Fluctuations, Mains Voltage Harmonic Filtering",1053 1056,
,"F. Dworschak, W. Kogler, G. Lucki, W. Stellmacher","An Improved Ion Source for a Compact Cyclotron",1056 1059,
,"G. Eickhoff, K. Beckert, B. Franczak, B. Franzke","Injection and Fast Extraction in the ESR",1059 1061,
,"P. Elleaume","ESRF Insertion Devices",1061 1064,
,"K. Endo, I. Ikoda, M. Kadokura, K. Kobayashi, T. Kobayashi, Y. Ohsawa","Three Dimensional Survey for Magnet Alignment",1064 1067,
,"H. Schoeler, H. Euteneuer","Corrosion of Copper by Deionized Cooling Water",1067 1069,
,"C. Bearzatto, G. Faillon","A 5 kW, 1.5 GHz Klystron for Superconducting Cavities",1069 1072,
,"J. Faure, J. L. Lemaire, R. Vienet","The 3 Preinjectors of MIMAS for Heavy Ions Polarized and Unpolariezed Ions",1072 1075,
,"A. Fiebig, Ch. Schieblich","A Radiofrequency Pulse Compressor for Square Output Pulses",1075 1078,
,"R. B. Fiorito, S. E. Caldwell, S. G. Iversen, J. S. Ladish, X. K. Maruyama, D. W. Rule","Optical Transition Radiation Diagnostics for Low Emittance, High Energy, Charged Particle Beams",1078 1081,
,"C. Fischer, G. Burtin, R. Colchester, B. Halvarsson, R. Jung, J. M. Vouillot","Studies of Fast Wire Scanners for LEP",1081 1084,
,"G. P. Benincasa, P. Burla, L. Casalegno, A. Daneels, J. P. Delahaye, B. Frammery, F. Giudici, I. Kamber, J. Lewis, P. Schenkels, Ch. Serre, C. -H. Sicard","Modulation of the Lepton Production for the CERN LEP Pre-Injector",1084 1087,
,"R. Frankel, C. Salwen","Advanced Concepts in Accelerator Timing Control",1087 1090,
,"R. Frankel, E. Auerbach, T. Clifford, B. Culwick, S. Mandell, R. Mariotti, C. Salwen, N. Schumburg","The AGS Booster Control System",1090 1093,
,"B. Franzke, G. Eickhoff","Separation of Reaction or Decay Products from Cooled Ion Beams Stored in the ESR",1093 1096,
,"T. Fujisawa, Y. Chiba, S. Kohara, Y. Kumata, M. Nagase, K. Ogiwara, Y. Oikawa, I. Takeshita, I. Yokoyama","Radio Frequency System of the RIKEN Ring Cyclotron",1096 1099,
,"L. W. Funk, J. C. Brown, P. J. P. Bunge, R. J. Burton, S. T. Craig, A. B. Hood, R. M. Hutcheon, T. T. Ngoc, D. R. Proulx, R. J. West, M. S. deJong","52 MHz RF System of HERA",1099 1102,
,"L. W. Funk, J. C. Brown, P. J. P. Bunge, R. J. Burton, S. T. Craig, A. B. Hood, R. M. Hutcheon, R. J. West, M. S. deJong","The 52 MHz RF System for PETRA II",1102 1105,
,"A. Gamp, W. Ebeling, W. Funk, J. R. Maidment, C. W. Planner, G. H. Rees","The Radio Frequency System for Protons in HERA",1105 1108,
,"A. Gerhard, G. Bolme, J. Brutscher, R. Hutcheon, H. Klein, M. Kurz, A. Schempp","RF Sparking in Accelerator Cavities",1108 1111,
,"A. Amato, M. Castro, G. Cuttone, D. Giove, A. Paccalini, G. Rivoltella","Operational Experience with the Distributed Control System of the Milan Superconducting Cyclotron",1111 1114,
,"P. Girault, G. Bienvenu, D. Tronc","4PI/5 Backward TW Structure Tested for Electron Linacs Optimization",1114 1117,
,"J. F. Gournay, F. Garreau, A. Giraud, G. Gourcy, J. Rouault","Use of VMEBUS in Accelerator Applications",1117 1120,
,"C. Bertuzzi, A. Guiard-Marigny","Control Facilities for Commissioning and Operation of The Water Cooling, Air Handling and Fire Detection of LEP",1120 1123,
,"M. A. Gundersen, V. Dominic, W. Hartmann, G. Kirkman","Studies of Fundamental Processes in High Power Switches",1123 1126,
,"N. Bongers, B. Dahmen, R. Danzglock, H. U. Hacker, A. Hardt, C. Henkel, K. Henn, J. Launer, S. A. Martin, K. Nau, O. Ollech, S. Peischard, A. Richert, G. Schug, H. Singer, K. Sobotta, W. Spiebeta, A. Weinert, D. Weynen","Expertsystem for COSY - Control",1126 1129,
,"D. Bogard, J. L. Hamel, P. Hulin, J. Payet","A Versatile Multi Processed Control System for MIMAS",1129 1132,
,"U. Bechstedt, N. Bongers, W. Briell, A. Hardt, W. Klein, U. Schwarz, E. Veiders","Magnets and Power Supplies for COSY",1132 1135,
,"W. Benker, J. Christiansen, K. Frank, H. Gundel, W. Hartmann, T. Redel, M. Stetter","Investigations of Intense Pulsed Electron Beams From PSEUDO - SPARK Discharges",1135 1138,
,"K. Hatanaka, H. Nonaka","ECR Ion Source for the Injector AVF Cyclotron at Riken",1138 1140,
,"J. Haeser, H. Klein, A. Schempp","Properties of Spiral Loaded Cavities",1140 1143,
,"C. Hauviller","Development of Composite Tubes for Experimental Vacuum Chambers of Colliders",1143 1146,
,"G. Bachy, C. Hauviller, R. Messerli, M. Mottier","Computer-Aided Engineering in High Energy Physics",1146 1149,
,"H. Euteneuer, H. Herminghaus, K. W. Nilles, H. Schoeler","Fast Longitudinal Phase Space Diagnostics for the Injector Linac of MAMI",1149 1151,
,"H. Herminghaus, P. Jennewein, U. Ludwig-Mertin, G. Meyer, P. Zinnecker","The Reversing Magnet of the 850 MeV Stage of MAMI",1151 1154,
,"Y. Holler, O. Kaul, K. Sinram","Field Measurements and Sorting of the HERA E-Ring Dipoles",1154 1157,
,"D. B. Hopkins, J. C. Farmer, J. Haimson, H. A. Johnsen, W. K. Kelley, B. Mecklenburg, A. M. Sessler, C. P Steffani","Design and Fabrication of 33 GHz High-Gradient Accelerator Sections",1157 1160,
,"F. Hornstra","Residual Gas Ionization Beam Profile Monitors for the HERA Proton Machines",1160 1163,
,"L. Burczyk, R. Dalesio, R. Dingler, J. Hill, A. Howell, D. Kerstiens, R. King, A. Kozubal, C. Little, V. Martz, R. Rothrock, J. Sutton","Ground Test Accelerator Control System Software",1163 1166,
,"H. W. Isch","Realization of the LEP Power Converters",1166 1169,
,"J. Jacob","352.2 MHz RF System for the ESRF",1169 1172,
,"M. Steck, M. Blum, A. Friedrich, E. Jaeschke, M. Jung, V. Koebetaler, D. Kraemer, K. Matl","The Electron Cooling Device for the Heavy Ion Storage Ring TSR",1172 1175,
,"D. Kraemer, B. Holzer, E. Jaeschke, W. Ott, R. Repnow","The Magnetsystem of the TSR",1175 1178,
,"A. Jejcic, M. Auguin, F. Boeri, J. Maillard, J. Silva, A. Vincent-Carrefour","Accelerator Simulation on a Parallel Computer",1178 1181,
,"Xu Jianming, Xu Qing","Recent Progress of Permanent Magnets",1181 1184,
,"W. Kalbreier, N. Garrel, R. Guinand, R. L. Keizer, K. H. Kissler","Layout, Design and Construction of the Electrostatic Separation System of the LEPe<sup></sup>e<sup>-</sup> Collider",1184 1187,
,"G. Arnolds-Mayer, H. Downar, T. Friesen","On Niobium Sputter Coated Cavities",1187 1190,
,"R. L. Keizer, G. Boch, J. Dieperink, A. Finnigan, N. Garrel, M. Granier, W. Kalbreier, M. Laffin","Design and Performance of a Prototype Synchronous High Tension Discharge Switch for the Separation System of the LEP e<sup></sup>e<sup>-</sup> Collider",1190 1193,
,"R. Klatt, T. Weiland","Electromagnetic Design of the HERA e<sup>-</sup> Vacuum",1193 1196,
,"W. D. Klotz, C. Herve","The Conceptual Design of the ESRF Control System",1196 1199,
,"J. P. Koutchouk","Architecture of the LEP Application Software",1199 1202,
,"Ju. V. Bylinsky, S. K. Esin, A. V. Feschenko, T. N. Habibullin, L. V. Kravchuk, P. N. Ostroumov, V. A. Puntus, G. V. Romanov, S. Zh Zharylkapov","Meson Factory Accelerating Structure Tuning",1202 1205,
,"H. -J. Kreidel","Computer Aided Beam Diagnostics and Automatic Matching on the MAINZ Microtron",1205 1208,
,"D. Krischel, J. Boeer, H. Fechteler, F. Sommer","Industrial Fabrication of the Superconducting HERA Quadrupole coil",1208 1211,
,"S. Kulinski, J. Sekutowicz","Five Parameter Method of Tuning of Biperiodic \Ppi/2 Accelerating Structures",1211 1214,
,"P. Kuske, H. -G Hoberg, J. Machado, R. Maier, A. Schiele","Beam Diagnostics Using Variations of Local Magnetic Fields",1214 1217,
,"M. Kvarngren, M. A. K. Eriksson","High Voltage Power Supply for Electrostatic Kickers for CRYRING",1217 1220,
,"S. Kwiatkowski, T. Enegren, R. L. Poirier","Design of the 150 kW, 46-62 MNz Power Amplifier for the TRIUMF Kaon Factory Booster Ring",1220 1223,
,"T. Aniel, J. M. Lagniel, A. Tkatchenko","Dynamic Transfer From MIMAS to SATURNE",1223 1226,
,"H. Lang, W. Besselmann, J. Kreutzer, K. Matela, N. Mosko, H. -J. Probst, D. Roemer, J. Strauch, E. Veiders","Building, Supply Facilities and Infrastructure COSY Juelich",1226 1228,
,"K. Langbein","Further Development of the Plasma Beam Ion Source",1228 1231,
,"C. G. Beetham, L. Burnod, R. J. Lauckner, J. F. Miles, G. Mugnai, C. G. Saltmarsh, D. H. Thomas","Conversion of the SPS to a Multicycling Accelerator",1231 1234,
,"E. Lawinsky, T. Weiland, S. G. Wipf","RF Impedance Calculations for Three-Dimensional Devices for HERA",1234 1237,
,"C. B. Lawrence, S. T. Craig, J.-P. Labrie, S. Lord, B. F. White","The IMPELA Control System",1237 1240,
,"G. Marot, R. Bennett","The Design of Photon Absorbers for the ESRF Vacuum Chamber",1240 1243,
,"R. J. Bennett, J. M. Lefebvre, B. A. Trickett","The ESRF Vacuum System",1243 1246,
,"S. Lenz, W. Hauth, E. Pivit","Introduction of a New Class of High-Power Y-Junction Circulators: The 352MHz/1.5MW Type Designed for CERN/LEP",1246 1249,
,"F. Loyer, F. Daudin, C. Doutressoulles, B. Ducoudret, J. P. Rataud","Capacitive Large-Range-Intensity Beam-Position Monitors at GANIL",1249 1252,
,"R. J. Macek, D. H. Fitzgerald, R. L. Hutson, M. A. Plum, H. A. Thiessen","Analysis of Beam Losses at PSR",1252 1255,
,"E. Malandain, S. Pasinelli, P. Skarek","Knowledge Engineering Methods for Accelerator Operation",1255 1258,
,"W. Manwaring","Ramping Controls for the IUCF Storage Ring",1258 1261,
,"D. Johnson, L. H. Harwood, T. Kuo, F. Marti, J. A. Nolen, Jr., B. Sherrill, A. Zeller","Magnetic Field of the K800 Cyclotron",1261 1264,
,"A. D. McInturff, J. Carson, T. Collins, K. Koepke, E. Malamud, P. Mantsch, R. Niemann, A. Riddiford","The Fermilab Collider D\Oslash Low /beta System",1264 1267,
,"C. Bamber, W. Donaldson, T. Juhasz, L. Kingsley, E. Lincke, A. C. Melissinos","Radial Compression of Picosecond Electrical Pulses",1267 1269,
,"A. Burns, J. Menu","Dialog: A System for Instrumentation Diagnosis",1269 1272,
,"K. -H. Mebeta","The Electrical Test of a Short String of Superconducting HERA Type Magnets",1272 1275,
,"K. H. Mess","The Test of the Quench  Protection Diodes for HERA",1275 1278,
,"P. Michelato, A. Giussani, C. Pagani","Operational Experience and Tests of the Milan K800 Cyclotron Vacuum System",1278 1281,
,"B. Dwersteg, W. Ebeling, W. -D. Moeller, D. Proch, D. Renken, J. Sekutowicz, D. Tong","Superconducting Cavities for HERA",1281 1284,
,"T. Momose, K. Endo, H. Hirayama, T. Ieiri, H. Ishimaru, T. Kawamoto, Y. Mizumachi, Y. Ohsawa, K. Takayama, S. Takeda, K. Uchino","Radiation Dose Measurements and a Study of Damage to Accelerator Components in the TRISTAN e<sup></sup>e<sup>-</sup> Collider at 27.5 GeV",1284 1287,
,"A. Mosnier, B. Aune, J. Bourbonneux, K. Djidi, M. Juillard, J. P. Nicolai","Damping of the HOM'S in a Multicell Superconducting Cavity",1287 1289,
,"G. Mueller, H. Piel, J. Pouryamout, R. W. Roeth","High Electromagnetic Fields at Low RF Losses in Superconducting S-Band Accelerator Cavities",1289 1292,
,"G. Mueller, B. Aune, C. Magne, H. Piel, R. W. Roeth, A. Veyssiere","Multimode Investigations on RF Losses and Field Limitations of Single-Cell Niobium Cavities at L- and S-Band Frequencies",1292 1295,
,"M. Peiniger, G. Mueller, H. Piel, P. Thuens","Nb<sub>3</sub>Sn for Superconducting Accelerators at 4.2 K",1295 1298,
,"A. Nilsson, P. Carle","Calculations of EDDY-Current Effects in a Ramped Dipole Field",1298 1300,
,"M. Olivo, H. V. Reist","A Beam Splitter for the Parasitic Use of the 72 MeV Proton Beam Line to Produce Isotopes",1300 1303,
,"A. Bosotti, A. Caruso, M. Di Giacomo, V. Lovati, C. Pagani, G. Varisco, F. Zibra","Accelerating Voltage Amplitude and Phase Stabilization for the Milan Superconducting Cyclotron",1303 1306,
,"A. Bosotti, A. Caruso, D. Giove, V. Lovati, C. Pagani, G. Varisco, F. Zibra","Computer Control for the MILAN K800 Cyclotron RF System",1306 1309,
,"U. Klein, A. Palussek, M. Peiniger, H. Piel, H. Vogel","Fabrication and Test of Superconducting RF Cavities for CEBAF",1309 1312,
,"H. Chaloupka, F. Ebeling, H. Heinrichs, U. Klein, H. Piel, C. K. Sinclair, H. Vogel, T. Weiland","A Proposed Superconducting Photoemission Source of High Brightness",1312 1315,
,"A. M. Ferrari, S. Pissanetzky","Recent Extensions of the Program Magnus-3D for Three-Dimensional Accelerator Magnetic Engineering",1315 1318,
,"M. Placidi","The Transverse Polarimeter for LEP",1318 1321,
,"R. L. Poirier, I. Enchevich, T. Enegren, S. J. Mai","Parallel Bias vs Perpendicular Bias of a Ferrite Tuned Cavity for the TRIUMF KAON-Factory Bosster Ring",1321 1324,
,"F. Caspers, J. P. Delahaye, J. C. Godot, K. Hubner, A. Poncet","EPA Beam-Vacuum Interaction and Ion Clearing System",1324 1327,
,"K. Prelec","Studies of Pulsed Volume Sources of H<sup>-</sup> Ions",1327 1330,
,"G. D. Pugachev, V. N. Boriskin, A. N. Dovbnya, V. A. Gurin, V. N. Katarzhnov, V. V. Mel'nichenko, V. A. Popenko, A. N. Savchenko","Beam Monitoring System for the Kharkov 2 GeV Electorn Linac",1330 1332,
,"P. M. Read, G. D. Alton, J. T. Maskrey","Development of a Lithium Liquid Metal Ion Source for MeV Ion Beam Analysis",1332 1335,
,"W. Hartmann, H. G. Andresen, K. Aulenbacher, W. Heil, L. Koch, E. W. Otten, E. Reichert, M. Sprenger, K. H. Steffens, B. Wagner","Source of Polarized Electrons",1335 1337,
,"R. J. Reid","Vacuuum System Design and Performance for the Daresbury HBL",1337 1340,
,"K. W. Reiniger, G. Heritier","Experimental Results of High Power Dual Frequency Resonant Magnet Excitaiton at TRIUMF",1340 1343,
,"S. Bartalucci, R. Garoby, A. Susini","Beam Loading Analysis of a Transformer-Coupled RF Cavity",1343 1346,
,"B. Autin, H. Bauer, E. Boggasch, J. Christiansen, F. Dothan, K. Frank, H. Gundel, G. Miano, H. Riege, R. Tkotz, L. de Menna","A z-Pinch Plasma Lens for Focusing High-Energy Particles in an Accelerator",1346 1349,
,"R. A. Rimmer","Development of a Strategy for Modelling Operation and Failure of High Power R. F. Windows",1349 1352,
,"T. Ludwig, D. Blasczyk, P. Kohl, H. Neuburger, W. Polster, D. Prasuhn, D. Protic, G. Riepe, M. Rogge, P. V. Rossen","Measurement of H<sup></sup><sub>2</sub> Stripping Cross Sections in Carbon and Aluminium Foils (with some additional data for AL<sub>2</sub>0<sub>3</sub>)",1352 1355,
,"E. Acerbi, G. Bellomo, G. Rivoltella, L. Rossi","The Magnetic Field Measuring System of the Milan Superconducting Cyclotron",1355 1358,
,"E. Sabia, A. Dipace, A. Renieri","Tapered Undulators for FEL",1358 1361,
,"M. E. Veis, B. M. Korabelnikov, N. K. Kuksanov, P. I. Nemytov., R. A. Salimov, A. N. Skrinsky","Electron Beam with an Energy 1 MeV in the Recuperation Regime",1361 1364,
,"R. Sanders, P. Cameron, R. Damn, M. Goldman, E. Jablonski, J. Keane, A. McNerney, M. Meth, M. Plotkin, M. Puglisi, A. Ratti","The AGS Booster High Frequency RF System",1364 1367,
,"N. Angert, E. Brouzet, R. Garoby, S. Hancock, H. Haseroth, C. Hill, K. Schindl, P. Tetu","Accelerating and Separating Mixed Beams of Ions with Similar Charge to Mass Ratio in the CERN PS Complex",1367 1370,
,"P. A. Schmelzbach, L. Friedrich, E. Huttel","An ECR-Ionizer for a Polarized Ion Source",1370 1372,
,"K. Cornelis, W. Herr, R. Schmidt","Multicycling of the CERN-SPS: Supercycle Generation and First Experience with this Mode of Operation",1372 1375,
,"P. W. Schmor, W. M. Law, C. D. P. Levy, M. McDonald","Initial Operating Experience and Recent Development on the TRIUMF Optically Pumped Polarized H<sup>-</sup> Ion Source",1375 1378,
,"M. Mayer, G. Howard, H. Kuhn, G. H. Schroeder, G. Wilkinson, B Zega","Metallized Ceramic Vacuum Chambers for the LEP Injection Kicker Magnets",1378 1381,
,"G. H. Schroeder, J. Bonthond, U. Jansson, H. Kuhn, M. Mayer, G. Vossenberg","The Injection Kicker System of LEP",1381 1384,
,"E. Schulte, J. Durand, J. Gonzalez, M. Thivent","New Electrostatic Pick-Ups for the PS",1384 1387,
,"W. Schuette, K. -H. Mebeta","Beam Position Pick-Ups in the Straight Sections of the HERA Proton Ring",1387 1390,
,"W. Schuette","Description of the Directional Coupler Position Monitor as N-Port",1390 1393,
,"J. Sellmair, G. Korschinek","Operation of a Laser-Ion Source in a Van De Graaf",1393 1396,
,"L. S. Barabash, A. A. Golubev, D. G. Koshkarev, K. I. Krechet, B. Yu. Sharkov","Van-De-Graaf Accelerator Operation with Laser Source of Highly-Charged Heavy Ions",1396 1398,
,"I. A. Shelaev, Z. V. Borisovskaya, V. I. Lobanov, I. P. Yudin","3T Superconducting Dipole Magnet with a Highly Homogeneous Field",1398 1401,
,"P. Sievers, R. Bellone, D. Fiander, J. Hangst, G. Silvestrov","Performance and Operational Experience with CERN-Lithium Lenses",1401 1404,
,"A. Simonsson","Injection in CRYRING",1404 1407,
,"A. A. Komkov, O. L. Maslennikov, V. F. Petrov, V. L. Smirnov, B. A. Sokolov","Input Coupler for Superconducting Accelerator Structure",1407 1410,
,"H. Stechemesser, W. Bertram, K. Doering, A. Hamacher, H. Jaegers, H. B. Mueller, G. Riepe, J. Zeumann, A. Zumloh","Design and Technical Features of the Vacuum System at COSY",1410 1413,
,"P. Strehl, H. Vilhjalmsson","The SIS-Beam Diagnostic System",1413 1416,
,"A. Susini","Low Frequency Ferrite Cavities",1416 1418,
,"D. A. Swenson","The Plane Wave Transformer Linac Structure",1418 1421,
,"J. Bosser, P. Bramham, C. Metzger, C. Taylor","Design and Perforance of the AAC Stack Core Cooling System",1421 1424,
,"B. Trostel","The Thermodynamics of Hydrogen Micro-Spheres as Internal Targets in Ion Storage Rings",1424 1427,
,"V. V. Buranov, A. M. Dobychin, S. B. Sakuta, V. N. Unezhev, N. I. Venikov","Production of <sup>7</sup>Be Radioactive Beams at IAE Cyclotron",1427 1430,
,"B. Dwersteg, U. Klein, W. -D. Moeller, A. Palussek, D. Proch, H. Vogel","Experiment of the First Prototypes of Pipe Cooled 500 MHz Cavities from Explosion Bonded Niobium Copper",1430 1433,
,"W. Weiser, S. Lenz, E. Pivit","A New 100 KW CW Y-Junction Stripline Circulator Concept and its Realization in the 500 MHz Range",1433 1436,
,"N. Angert, W. Bourgeois, H. Emig, B. Franzke, B. Langenbeck, K. D. Leible, H. Schulte, P. Spaedtke, B. H. Wolf","Electron Cooling on the ESR at GSI",1436 1439,
,"H. Wroe, N. D. West","High Current Commissioning of the H<sup>-</sup> Ion Accelerating Column of the ISIS Injector",1439 1442,
,"M. Yoon, S. Oh","Design Study of a New Central Region of the Princeton University AVF Cyclotron for High-Quality N=2 Beams",1442 1445,
,"Z. Cao, R. Hou, B. F. Li, C. M. Li, Y. F. Shi, J. M. Xu, Z. S. Yin, B. Zhao, P. M Zhu","Performance of BEPC-SR Magnet System",1445 1448,
,"A. N. Antropov, V. K. Baev, N. M. Gavrilov, R. K. Gavrilova, A. A. Kostjuhin, S. A. Minaev, A. V. Shalnov","Some Consideration on the Application of Linear Resonance Accelerators to the Ion Implantation",1451 1454,
,"A. A. Arzumanov, V. N. Batischev, V. K. Gladun, V. L. Kochetkov","Medical Radioisotopes Production at the Isochronous Cyclotron in ALMA-ATA",1454 1456,
,"V. L. Auslender, V. G. Cheskidov, D. L. Factorovich, V. A. Gorbunov, G. M. Kazakevich, A. D. Panfilov","High-Power Small RF Accelerator of Electrons ILU-8 with Local Radiation Protection",1456 1459,
,"K. Endo, T. Arimoto, S. Fukumoto, Y. Hayakawa, T. Inada, T. Kitagawa, A. Maruhashi, K. Muto, M. Sato, J. Tada, Y. Takada","Medical Synchrotron for Proton Therapy",1459 1462,
,"R. W. Hamm, J. H. Bower, K. R. Crandall, M. E. Hamm, J. M. Potter","Commercial Ion Linacs",1462 1465,
,"B. H. Choi, K. H. Chung, H. D. Kang, W. Kim, B. H. Oh","A Vacuum Electrostatic Generator",1465 1468,
,"H. Deitinghoff, J. Bannenberg, J. Haeuser, H. Klein, P. Leipe, A. Schempp, R. W. Thomae, W. Urbanus, T. Weis, R. Wojke, P. W. van Amersfoort","Design Study of High-Energy, High-Current RF Accelerators for Ion Implantation",1468 1471,
,"K. Li, C.-E. Chen, T. Chen, Z. Guo, H. Liu, H. Si, S. Yan, R. Zhang, S. Zheng","A Project of Tandem Accelerator Mass Spectrometry Facility at Peking University",1471 1474,
,"P. Mandrillon, M. Bona, F. Farley, J. C. Godot, R. Ostojic, G. Ryckewaert, E. Schreiber, A. Susini, S. Zaremba","The European Light Ion Medical Accelerator",1474 1477,
,"G. Messina, U. Bizzarri, G. Giubileo, A. Mola, L. Picardi, P. Raimondi, C. Ronsivalle, A. Vignati","The Activity on Accelerators at the ENEA Frascati Center: Status and Perspectives",1477 1480,
,"V. L. Auslender, V. G. Cheskidov, V. E. Nekhaev, A. D. Panfilov, V.A. Poliakov, A. A. Tuvik","The High-Frequency Electron Accelerator for the Use in Industrial Technological Lines",1480 1483,
,"M Bassetti, E. Bernieri, E. Burattini, A. Cattoni, Q. H. Chen, V. Chimenti, C. Mencuccini, L. Palumbo, L. Picardi, R. Rinzivillo, C. Sanelli, S. Tazzari, F. Tazzioli","Design Study of a Synchrotron Radiation Source for X-ray Lithography",1483 1486,
,"B. P. Pullen","Calibration of Medical Linear Accelerators in Louisiana Using Task Group 21 Protocol",1486 1488,
,"J. -L. Bol, A. Chevalier, E. Conard, Y. Jongen, M. Lacroix, G. Lannoye, G. Ryckewaert, S. Zaremba","Operational Experience with the 500 /umA H<sup>-</sup> Isotope Production Cyclotron Cyclone 30",1488 1491,
,"M. Huyse, M. Arnould, F. Baeten, D. Darquennes, Th. Delbar, C. Dom, Y. Jongen, S. Wa. Kitwanga, M. Lacroix, P. Leleux, P. Lipnik, M. Loiselet, G. Reusen, G. Ryckewaert, P. Van Duppen, J. Vanhorenbeeck, J. Vervier, S. Zaremba","A Radioactive Ion Beam Facility at Louvain-La-Neuve",1491 1494,
,"L. Sagalovsky","Deflection Systems in Medical Linacs",1494 1497,
,"M. E. Veis, V. G. Cherepkov, I. L. Chertok, S. N. Fadeev, A. I. Grishchenko, B. M. Korabelnikov, N. K. Kuksanov, P. I. Nemytov., R. A. Salimov","The Systems to Extract the Linear, Ring and Concentrated Electron Beam into the Atmoshere",1497 1500,
,"M. E. Veis, V. G. Cherepkov, A. I. Grishchenko, P. I. Kachalov, B. M. Korabelnikov, G. S Krainov, N. K. Kuksanov, S. A. Kuznetsov, P. I. Nemytov., R. A. Salimov, A. N. Samoilovich, V. N. Zaitsev","80 KW Industrial Electron Accelerators Based on Rectifier",1500 1502,
,"H. R. Schneider, R. Baartman, R. E. Laxdal, B. F. Milton, A. J. Otter, J. B. Pearson, R. L. Poirier, P. W. Schmor","A Compact H<sup>-</sup> Cyclotron for Isotope Production",1502 1505,
,"V. E. Balakin, A. N. Skrinsky, V. P. Smirnov, Yu. D. Valyaev","TRAPP-Facility for Proton Therapy of Cancer",1505 1506,
,"I. Boscolo, G. Brautti, V. Stagno, L. Tecchio, V. Variale","A CW High Power and High Quality Electrostatic Accelerator for FEL Devices",1506 1509,
,"D. A. Swenson, P. E. Young","A Compact 1-MeV Deuteron RFQ Linac",1509 1512,
,"D. A. Swenson, A. E. Dabiri, D. B. McColl, Z. Mikic, M. F. Scharff","Advanced Ultrafine Particle Accelerator",1512 1515,
,"J. Ungrin, N. H. Drewell, N. A. Ebrahim, J.-P. Labrie, C. B. Lawrence, V. A. Mason, B. F. White","IMPELA: An Industrial Accelerator Family",1515 1518,
,"P. von der Hardt, M. Castiglioni, B. Weckermann","Utilization of the Light Ion Cyclotron of the Joint Research Centre at ISPRA (VA) Italy",1518 1521,
,"A. I. Warwick, C. Celata, A. Faltens, T. J. Fessenden, D. J. Judd, D. Keefe, C. H. Kim, L. J. Laslett, E. P. Lee, H. Meuth, H. Rutkowski, L. Smith","Development of Heavy Ion Induction Linear Accelerators as Drivers for Inertial Confinement Fusion",1521 1523,
,"E. Weihreter, W. Anders, K. Buerkmann, K. Derikum, G. v. Egan-Krieger, M. v. Hartrott, N. Holtkamp, W. -D. Klotz, H. Lehr, G. Muelhaupt, R. Maier, M. Martin, A. Schiele, L. Schulz, T. Westphal","COSY - A Compact Electron Storage Ring for Synchrotron Radiation",1523 1526,
