fra3o01,"M. Marquarding [CASS, Epping, Australia] ","Past, Present and Future of the ASKAP Monitoring and Control System",1162 1164,
fra3o02,"J. Nicoloso [CEA/DAM/DIF, Arpajon, France] ","The Laser Magajoule Facility: Control System Status Report",1165 1168,
fra3o03,"M. Janousch, A.D. Alarcon, A. Ambrosch, D. Anicic, A.G. Bertrand, K. Bitterli, H. Brands, P. Bucher, T. Celcer, P. Chevtsov, E.J. Divall, S.G. Ebner, M. Gasche, A. Gobbo, F. Haemmerli, C.E. Higgs, T. Hovel, T. Humar, G. Janser, G. Jud, B. Kalantari, R. Kapeller, R.A. Krempaska (R.A. Krempaská), D.J. Lauk, M.P. Laznovsky, C. Luscher, H. Lutz, D. Maier-Manojlovic, F. Märki, T. Pal, W. Portmann, S.G. Rees, T. Zamofing, C. Zellweger, D. Zimoch, E. Zimoch [PSI, Villigen PSI, Switzerland] ","Overview and Status of the SwissFEL Project at PSI",1169 1172,
frb3o01,"C.Y. Liao, Y.-T. Chang, J. Chen, Y.-S. Cheng, P.C. Chiu, K.T. Hsu, S.Y. Hsu, K.H. Hu, C. H. Huang, C.H. Kuo, D. Lee, C.-J. Wang, C.Y. Wu [NSRRC, Hsinchu, Taiwan] ","Commissioning of the TPS Control System",1173 1176,
frb3o02,"T. Korhonen, R. Andersson, F. Bellorini, S.L. Birch, D.P. Brodrick, H. Carling, J. Cereijo García, R.N. Fernandes, L. Fernandez, B. Gallese, S.R. Gysin, E. Laface, N. Levchenko, M. Mansouri Sharifabad, A. Monera Martinez, R. Mudingay, A. Nordt, D. Paulic, D.P. Piso, K. Rathsman, M. Rescic (M. Reščič), G. Trahern, M. Zaera-Sanz [ESS, Lund, Sweden] N. Claesson, U. Rojec, K. Strnisa (K. Strniša), A.A. Söderqvist [Cosylab, Ljubljana, Slovenia] ","Status of the European Spallation Source Control System",1177 1181,
moa3o01,"L.R. Brederode [SKA South Africa, National Research Foundation of South Africa, Cape Town, South Africa] A. Marassi [INAF-OAT, Trieste, Italy] S. Riggi [INAF-OACT, Catania, Italy] ","SKA Telescope Manager Project Status Report",99 98,
moa3o02,"R. Bacher, A. Aghababyan, P.K. Bartkiewicz, T. Boeckmann, B. Bruns, M.R. Clausen, T. Delfs, P. Duval, L. Froehlich (L. Fröhlich), W. Gerhardt, C. Gindler, J. Hatje, O. Hensler, J.M. Jäger, R. Kammering, S. Karstensen, H. Keller, V. Kocharyan, O. Korth, A. Labudda, T. Limberg, S.M. Meykopff, M. Moeller (M. Möller), J. Penning, A. Petrosyan, G. Petrosyan, L.P. Petrosyan, V. Petrosyan, P. Pototzki, K.R. Rehlich, S. Rettig-Labusga, H.R. Rickens, G. Schlesselmann, B. Schoeneburg, E. Sombrowski, M. Staack, C. Stechmann, J. Szczesny, J. Wilgen, T. Wilksen, H. Wu [DESY, Hamburg, Germany] S. Abeghyan, A. Beckmann, D. Boukhelef, N. Coppola, S.G. Esenov, B. Fernandes, P. Gessler, G. Giambartolomei, S. Hauf, B.C. Heisen, S. Karabekyan, M. Kumar, L.G. Maia, A. Parenti, A. Silenzi, H. Sotoudi Namin, J. Szuba, M. Teichmann, J. Tolkiehn, K. Weger, J. Wiggins, K. Wrona, M. Yakopov, C. Youngman [XFEL.EU, Hamburg, Germany] ","The Large Scale European XFEL Control System: Overview and Status of the Commissioning",5 8,
mob3o03,"V.H. Hardion, Y. Cerenius, F. H. Hennies, K. Larsson, J. Lidon-Simon (J. Lidón-Simon), M. Sjöström, D.P. Spruce [MAX-lab, Lund, Sweden] ","MAX IV Laboratory, Milestones and Lessons Learned",9 13,
mob3o04,"M. Iwasaki, A. Akiyama, K. Furukawa, H. Kaji, T. Naito, T.T. Nakamura, J.-I. Odagiri, S. Sasaki [KEK, Ibaraki, Japan] T. Aoyama, M. Fujita, T. Nakamura, K. Yoshii [Mitsubishi Electric System  Service Co., Ltd, Tsukuba, Japan] K. Asano, M. Hirose [KIS, Ibaraki, Japan] Y. Iitsuka, N. Yoshifuji [EJIT, Hitachi, Ibaraki, Japan] ","The Construction Status of the SuperKEKB Control System",14 17,
moc3o01,"T. Birke, F. Falkenstern, R. Mueller (R. Müller), A. Schaelicke (A. Schälicke) [HZB, Berlin, Germany] ","Comprehensive Fill Pattern Control Engine: Key to Top-Up Operation Quality",18 21,
moc3o02,"E. Blanco Vinuela, B. Bradu, R. Marti Martinez [CERN, Geneva, Switzerland] R. Mazaeda, L. de Frutos, C. de Prada [University of Valladolid, Valladolid, Spain] ","PIDTUNE: A PID Autotuning Software Tool on UNICOS CPC",22 25,
moc3o03,"G. Gaio, M. Lonza [Elettra-Sincrotrone Trieste S.C.p.A., Basovizza, Italy] ","Automatic FEL Optimization at FERMI",26 29,
moc3o04,"D.O. Tavares [LNLS, Campinas, Brazil] D.R. Grossi [Sao Paulo University, São Carlos Campus, São Carlos, Brazil] ","System Identification and Robust Control for the LNLS UVX Fast Orbit Feedback",30 33,
moc3o05,"Y. Tian, W.X. Cheng, L.R. Dalesio, J.H. De Long, K. Ha, L. Yu [BNL, Upton, Long Island, New York, USA] W.S. Levine [UMD, College Park, Maryland, USA] ","NSLS-II Fast Orbit Feedback System",34 37,
moc3o06,"S. Vermersch [CEA, LE BARP cedex, France] ","The Laser Megajoule Facility: The Computational System PARC",38 41,
moc3o07,"V. Ayvazyan, S. Ackermann, J. Branlard, B. Faatz, M.K. Grecki, O. Hensler, S. Pfeiffer, H. Schlarb, Ch. Schmidt, M. Scholz, S. Schreiber [DESY, Hamburg, Germany] A. Piotrowski [FastLogic Sp. z o.o., Lodz, Poland] ","Low Level RF Control Implementation and Simultaneous Operation of Two FEL Undulator Beamlines at FLASH",42 45,
mod3i01,"P. Chitnis [Stony Brook University, Stony Brook, New York, USA] K.A. Brown [BNL, Upton, Long Island, New York, USA] ","Bayesian Reliability Model for Beam Permit System of RHIC at BNL",46 50,
mod3o02,"G. Abeille (G. Abeillé), A. Buteau, X. Elattaoui, S. Le (S. Lê) [SOLEIL, Gif-sur-Yvette, France] G. Boissinot [ZENIKA, Paris, France] ","Continuous Delivery at SOLEIL",51 55,
mod3o03,"G.K. Brunton, G.A. Bowers, A.D. Conder, J.-M.G. Di Nicola, P. Di Nicola, M.A. Fedorov, B.T. Fishler, R. Fleming, D.H. Kalantar, G. Lau, D.G. Mathisen, V.J. Miller Kamm, V. Pacheu, M. Paul, R.K. Reed, J. Rouse, R.J. Sanchez, M.J. Shaw, E.A. Stout, S. Weaver, E.F. Wilson [LLNL, Livermore, California, USA] ","Shot Rate Improvement Strive for the National Ignition Facility (NIF)",56 59,
mod3o04,"G. Cuni (G. Cuní), F. Becheri, D. Fernandez-Carreiras (D. Fernández-Carreiras), Z. Reszela, S. Rubio-Manrique [ALBA-CELLS Synchrotron, Cerdanyola del Vallès, Spain] ","Introducing the SCRUM Framework as Part of the Product Development Strategy for the ALBA Control System",60 63,
mod3o05,"S. Karabekyan, J. Pflueger (J. Pflüger) [XFEL.EU, Hamburg, Germany] L. Lin, Y.T. Liu [USTC/NSRL, Hefei, Anhui, People's Republic of China] W. Wang [Hisense Co. Ltd., Qingdao, People's Republic of China] ","Use of Automation in Commissioning Process of the Undulators of the European X-Ray Free Electron Laser",64 67,
mod3o06,"P.S. Swart, G.M. le Roux [SKA South Africa, National Research Foundation of South Africa, Cape Town, South Africa] A. Marassi, R. Smareglia [INAF-OAT, Trieste, Italy] S. Roy Chaudhuri [Tata Research Development and Design Centre, Pune, India] S. Vrcic [NRC-Herzberg, Penticton, BC, Canada] ","Interface Management for SKA Telescope Manager",68 71,
mom302,"P. K. Kankiya, J.P. Jamilkowski [BNL, Upton, Long Island, New York, USA] ","Python Software for Measuring Wavelength at Optically Pumped Polarized Ion Source (OPPIS)",72 73,
mom305,"N. Hosoda, T. Fukui [RIKEN SPring-8 Center, Innovative Light Sources Division, Hyogo, Japan] M. Ishii [JASRI/SPring-8, Hyogo-ken, Japan] T. Ohshima, T. Sakurai, H. Takebe [RIKEN SPring-8 Center, Sayo-cho, Sayo-gun, Hyogo, Japan] ","Control System for a Dedicated Accelerator for SACLA Wide-Band Beam Line",74 78,
mom306,"C. Kim, S.Y. Baek, H.-S. Kang, J.H. Kim, K.W. Kim, I.S. Ko, G. Mun, B.R. Park [PAL, Pohang, Kyungbuk, Republic of Korea] ","Status of the PAL-XFEL Control System",79 81,
mom308,"S. Karstensen, M.E. Castro Carballo, J.M. Jäger, M. Staack [DESY, Hamburg, Germany] ","XFEL Machine Protection System (MPS) Based on uTCA",82 85,
mom309,"Y. Morino, K. Agari, Y. Sato, A. Toyoda [KEK, Tokai, Ibaraki, Japan] ","Upgrade of the Beam Monitor System for Hadron Experimental Facility at J-PARC",86 89,
mom310,"P. Chitnis [Stony Brook University, Stony Brook, New York, USA] K.A. Brown [BNL, Upton, Long Island, New York, USA] ","Nonlinear System Identification of Superconducting Magnets of RHIC at BNL",90 93,
mom311,"R. Soto, N. Saez, T.C. Shen [ALMA Observatory, Santiago, Chile] J.P.A. Ibsen [ESO, Santiago, Chile] ","ALMA Release Management: A Practical Approach",94 97,
mopgf001,"S. An, K. Gu, X.J. Liu, J.Q. Wu, W. Zhang [IMP/CAS, Lanzhou, People's Republic of China] ","Use Interrupt Driven Mode to Redesign an IOC for Digital Power Supply at SSC-LINAC",98 99,
mopgf002,"S. Babel, B. Lam, K. Luchini, J.J. Olsen, T. Straumann, E. Williams, C. Yee [SLAC, Menlo Park, California, USA] ","Magnet Corrector Power Supply Controller for LCLS-I",100 102,
mopgf006,"L. Burdzanowski, C. Roderick [CERN, Geneva, Switzerland] ","The Renovation of the CERN Controls Configuration Service",103 106,
mopgf008,"Y.-S. Cheng, K.T. Hsu, C. H. Huang, D. Lee, C.Y. Liao [NSRRC, Hsinchu, Taiwan] ","Embedded Environment with EPICS Support for Control Applications",107 109,
mopgf014,"S. Condamoor, Y. Ding, P. Krejcik, H. Loos, T.J. Maxwell, J.J. Olsen [SLAC, Menlo Park, California, USA] ","LLRF Controls Upgrade for the LCLS XTCAV project at SLAC",110 113,
mopgf015,"J.M. D'Ewart, M.L. Campell, P. Krejcik, H. Loos, K. Luchini [SLAC, Menlo Park, California, USA] ","Fast Wire Scanner Upgrade for LCLS",114 116,
mopgf016,"D.R.S. Di Calafiori, G. Dissertori, L. Djambazov, O. Holme, W. Lustermann [ETH, Zurich, Switzerland] P. Adzic, P. Cirkovic, D. Jovanovic [VINCA, Belgrade, Serbia] S. Zelepoukine [UW-Madison/PD, Madison, Wisconsin, USA] ","Improving the Compact Muon Solenoid Electromagnetic Calorimeter Control and Safety Systems for the Large Hadron Collider Run 2",117 120,
mopgf019,"I.J. Gillingham, T. Friedrich, S.C. Lay, R. Mercado [DLS, Oxfordshire, United Kingdom] ","Experiences and Lessons Learned in Transitioning Beamline Front-Ends from VMEbus to Modular Distributed I/O",121 124,
mopgf020,"P. Golonka, R. Fantechi, M. Gonzalez-Berges, F. Varela [CERN, Geneva, Switzerland] V. Falaleev [JINR, Dubna, Moscow Region, Russia] N. Lurkin [Birmingham University, Birmingham, United Kingdom] R.F. Page [University of Bristol, Bristol, United Kingdom] ","Detector and Run Control Systems for the NA62 Fixed-Target Experiment at CERN",125 128,
mopgf021,"P. Golonka, M. Gonzalez-Berges, J. Hofer, A. Voitier [CERN, Geneva, Switzerland] ","Database Archiving System for Supervision Systems at CERN: a Successful Upgrade Story",129 132,
mopgf022,"R. Haseitl, H. Bräuning, T. Hoffmann, K. Lang, T. Milosic [GSI, Darmstadt, Germany] ","SIS18 Upgrade: The FAIR Compliant Renovation of the Data Acquisition System for Particle Detectors",133 136,
mopgf023,"Y. Iwasaki, T. Kaneyasu, S. Koda, Y. Takabayashi [SAGA, Tosu, Japan] ","Update of Power Supply Control System at the SAGA Light Source Storage Ring",137 139,
mopgf024,"S. Jackson, D. Alves, L. Di Giulio, K. Fuchsberger, B. Kolad, E. Pedersen [CERN, Geneva, Switzerland] ","Testing Framework for the LHC Beam-based Feedback System",140 144,
mopgf025,"R.J. Jiménez Estupiñán, A. Andronidis, O. Chaze, C. Deldicque, M. Dobson, A.D. Dupont, D. Gigi, F. Glege, J. Hegeman, M. Janulis, L. Masetti, F. Meijers, E. Meschi, S. Morovic, C. Nunez-Barranco-Fernandez, L. Orsini, A. Petrucci, A. Racz, P. Roberts, H. Sakulin, C. Schwick, B. Stieger, S. Zaza, P. Zejdl [CERN, Geneva, Switzerland] J.M. Andre, R.K. Mommsen, V. O'Dell, P. Zejdl [Fermilab, Batavia, Illinois, USA] U. Behrens [DESY, Hamburg, Germany] J. Branson, S. Cittolin, A. Holzner, M. Pieri [UCSD, La Jolla, California, USA] G.L. Darlea, G. Gomez-Ceballos, C. Paus, K. Sumorok, J. Veverka [MIT, Cambridge, Massachusetts, USA] S. Erhan [UCLA, Los Angeles, California, USA] O. Holme [ETH, Zurich, Switzerland] ","Enhancing the Detector Control System of the CMS Experiment with Object Oriented Modelling",145 148,
mopgf026,"H. Junkes, W. Schöllkopf, M. Wesemann [FHI, Berlin, Germany] ","Laser Beam Profiling and Further Improvements to the FHI FEL",149 152,
mopgf027,"D. Maier-Manojlovic [PSI, Villigen PSI, Switzerland] ","Real-Time EtherCAT Driver for EPICS and Embedded Linux at Paul Scherrer Institute (PSI)",153 156,
mopgf029,"C. Cyterski, E.P. Chin [SLAC, Menlo Park, California, USA] ","Personnel Protection System Upgrade for the LCLS Electron Beam Linac",157 159,
mopgf030,"K. Nakayoshi, Y. Fujii, K. Sakashita [KEK, Tsukuba, Japan] ","Upgrade of the Control and Interlock Systems for the Magnet Power Supplies in T2K Primary Beamline",160 162,
mopgf032,"S.C. Alverson, G.W. Brown, F.-J. Decker, S. Gilevich, S. Vetter [SLAC, Menlo Park, California, USA] ","Installation of a Hot-Swappable Spare Injector Laser System for the SLAC Linac Coherent Light Source",163 166,
mopgf033,"I. Saleh, Y.S. Dabain, A. Ismail [SESAME, Allan, Jordan] ","New Developments on EPICS Drivers, Clients and Tools at SESAME",167 169,
mopgf035,"M. Satoh, K. Furukawa, K. Mikawa, F. Miyahara, Y. Seimiya, T. Suwada [KEK, Ibaraki, Japan] K. Hisazumi, T. Ichikawa, T. Kudou, S. Kusano, Y. Mizukawa [Mitsubishi Electric System  Service Co., Ltd, Tsukuba, Japan] H.S. Saotome, M. Takagi [Kanto Information Service (KIS), Accelerator Group, Ibaraki, Japan] ","Control System Status of SuperKEKB Injector Linac",170 172,
mopgf036,"D. Schirmer, A. Althaus, F.H. Bahnsen [DELTA, Dortmund, Germany] ","Control System Developments at the Electron Storage Ring DELTA",173 176,
mopgf037,"S. L. Hoobler, S.C. Alverson, C. Cyterski, R.C. Sass [SLAC, Menlo Park, California, USA] ","Upgrades to Control Room Knobs at Slac National Accelerator Laboratory",177 179,
mopgf038,"S. L. Hoobler, R.S. Larsen, H. Loos, J.J. Olsen, S.R. Smith, T. Straumann, C. Xu, A. Young [SLAC, Menlo Park, California, USA] ","Design and Commissioning Results of MicroTCA Stripline BPM System",180 183,
mopgf039,"F. Varela, Ph. Gayet, P. Golonka, M. Gonzalez-Berges, J. Pache, P. Sollander [CERN, Geneva, Switzerland] L. Goralczyk [AGH University of Science and Technology, Krakow, Poland] ","TIP: An Umbrella Application for all SCADA-Based Applications for the CERN Technical Infrastructure",184 187,
mopgf040,"K.T. Tsubota, J.A. Mader [W.M. Keck Observatory, Kamuela,, Hawaii, USA] ","Keck Telescope Control System Upgrade",188 192,
mopgf042,"J.A. Vasquez (J.A. Vásquez), D. Pedretti, R. Ponchia [INFN/LNL, Legnaro (PD), Italy] M.A. Bellato, R. Isocrate [INFN- Sez. di Padova, Padova, Italy] M. Bertocco [UNIPD, Padova (PD), Italy] ","EPICS IOC Based on Computer-On-Module for the LNL Laboratory",193 196,
mopgf045,"J. Calvo, D. Jimenez-Rey (D. Jiménez-Rey), E. Molina Marinas, J. Molla (J. Mollá), I. Podadera [CIEMAT, Madrid, Spain] ","MEBT and D-Plate Control System Status of the Linear IFMIF Prototype Accelerator",197 200,
mopgf047,"S.Z. Zhang, Y.-M. Abiven, F. Blache, D. Corruble, C.K. Kheffafa [SOLEIL, Gif-sur-Yvette, France] S.M. Minolli [NEXEYA SYSTEMS, LA COURONNE, France] ","Revolution Project: Progress in the Evolution of Soleil Motion Control Model",201 204,
mopgf048,"F.A. Akeroyd, K.V.L. Baker, M.J. Clarke, G.D. Howells, D.P. Keymer, K.J. Knowles, C. Moreton-Smith, D.E. Oram [STFC/RAL/ISIS, Chilton, Didcot, Oxon, United Kingdom] M. Bell, I.A. Bush, R.F. Nelson, K. Ward, K. Woods [Tessella, Abingdon, United Kingdom] ","IBEX - the New EPICS Based Instrument Control System at the ISIS Pulsed Neutron and Muon Source",205 208,
mopgf049,"P.J. Bell, V.H. Hardion, V. Michel [MAX-lab, Lund, Sweden] ","100Hz Data Acquisition in the TANGO Control System at the Max IV Linac",209 211,
mopgf050,"P. Acs (P. Ács), S. Brockhauser, L.J. Fulop (L.J. Fülöp), V. Hanyecz, M. Kiss, Cs. Koncz, L. Schrettner [ELI-ALPS, Szeged, Hungary] ","Tango-Kepler Integration at ELI-ALPS",212 215,
mopgf051,"L.J. Fulop (L.J. Fülöp), S. Brockhauser, S. Farkas, V. Hanyecz, M. Kiss, M.T. Koncz, Á. Mohácsi, K. Nelissen, L. Schrettner, B. Szalai, P. Szasz (P. Szász), C. Turner [ELI-ALPS, Szeged, Hungary] ","ELI-ALPS Control System Status Report",216 220,
mopgf052,"L.G. Cardoso, F. Alessio, J. Barbosa, C. Gaspar, R. Schwemmer [CERN, Geneva, Switzerland] P-Y. Duval [CPPM, Marseille, France] ","A Framework for Hardware Integration in the LHCb Experiment Control System",221 224,
mopgf056,"N. De Maio, A.P. Bark, T.M. Cobb, J.A. Thompson [DLS, Oxfordshire, United Kingdom] ","Synchronising High-Speed Triggered Image and Meta Data Acquisition for Beamlines",225 228,
mopgf057,"M.P. Donadio, J.R. Piton, H.D. de Almeida [LNLS, Campinas, Brazil] ","Quick Experiment Automation Made Possible Using FPGA in LNLS",229 232,
mopgf058,"M. Drochner, L. Fleischhauer-Fuss, H. Kleines, M. Wagener, S. van Waasen [FZJ, Jülich, Germany] ","Neutron Scattering Instrument Control System Modernization - Front-End Hardware and Software Adaption Problems",233 235,
mopgf063,"H. Kleines, M. Bednarek, K. Bussmann, M. Drochner, L. Fleischhauer-Fuss, S. Janaschke, S. Keuler, K.-H. Mertens, S. Su, F. Suxdorf, S. van Waasen [FZJ, Jülich, Germany] ","The New TANGO-based Control and Data Acquisition of the Neutron Instrument DNS at FRM II",236 239,
mopgf065,"M. Lindberg, J. Forsberg, L. Kjellsson, A.M. Milan, C. Sathe (C. Såthe), P. Sjöblom, S. Urpelainen [MAX-lab, Lund, Sweden] ","Motion Control on the Max IV Soft X-Ray Beamlines With Tango and Sardana",240 243,
mopgf066,"P. K. Kankiya, J.P. Jamilkowski, T. Samms [BNL, Upton, Long Island, New York, USA] ","Synchronized Ramping of Magnet Power Supplies for Streamlined Operation at Energy Recovery Linac (ERL) and Electron Lens (e-Lens)",244 246,
mopgf067,"N. Marais [SKA South Africa, National Research Foundation of South Africa, Cape Town, South Africa] ","MeerKAT Control and Monitoring System Architecture",247 250,
mopgf070,"A.S. Palaha, C. Angelsen, Q. Gu, J. Marchal, U.K. Pedersen, N.P. Rees, N. Tartoni, H. Yousef [DLS, Oxfordshire, United Kingdom] M. Bayer, J. Correa, P. Gnadt, H. Graafsma, P. Göttlicher, S. Lange, A. Marras, S. Reza, I. Shevyakov, S. Smoljanin, L. Stebel, C. Wunderer, Q. Xia, M. Zimmer [DESY, Hamburg, Germany] G. Cautero, D. Giuressi, A. Khromova, R.H. Menk, G. Pinaroli [Elettra-Sincrotrone Trieste S.C.p.A., Basovizza, Italy] D. Das, N. Guerrini, B. Marsh, T.C. Nicholls, I. Sedgwick, R. Turchetta [STFC/RAL, Chilton, Didcot, Oxon, United Kingdom] H.J. Hyun, K.S. Kim, S.Y. Rah [PAL, Pohang, Republic of Korea] ","Report on Control/DAQ Software Design and Current State of Implementation for the Percival Detector",251 254,
mopgf071,"I.A. Price [Research School of Astronomy  Astrophysics, Australian National University, Weston Creek, Australia] R. Conan [GMTO Corporation, Pasadena, USA] ","Sodium Laser Guide Star Emulation",255 257,
mopgf072,"R.J. Slominski, T. L. Larrieu [JLab, Newport News, Virginia, USA] ","Hot Checkout for 12 GeV at Jefferson Lab",258 261,
mopgf077,"T. Birke, F. Falkenstern, R. Mueller (R. Müller), A. Schaelicke (A. Schälicke) [HZB, Berlin, Germany] ","Drift Control Engines Stabilize Top-Up Operation at BESSY II",262 265,
mopgf079,"W. Cichalewski, A. Napieralski [TUL-DMCS, Lodz, Poland] J. Branlard, Ch. Schmidt [DESY, Hamburg, Germany] ","European XFEL Cavities Piezoelectric Tuners Control Range Optimization",266 269,
mopgf080,"G.A. Fatkin, A.M. Batrakov, I.V. Ilyin, M.Yu. Vasilyev [BINP SB RAS, Novosibirsk, Russia] G.A. Fatkin [NSU, Novosibirsk, Russia] ","Control System of RF Stations for NICA Booster",270 273,
mopgf087,"P.C. Chiu, Y.-S. Cheng, K.T. Hsu, K.H. Hu, C.Y. Liao [NSRRC, Hsinchu, Taiwan] ","TPS Booster Tune Measurement System",274 276,
mopgf088,"C. H. Huang, Y.-S. Cheng, P.C. Chiu, K.T. Hsu, K.H. Hu, C.Y. Liao [NSRRC, Hsinchu, Taiwan] ","Integrating the Measuring System of Vibration and Beam Position Monitor to Study the Beam Stability",277 280,
mopgf090,"R. Murillo-Garcia, Q. King, M. Magrans de Abril [CERN, Geneva, Switzerland] ","Control of Fast-Pulsed Power Converters at CERN Using a Function Generator/Controller",281 285,
mopgf091,"D. Perrelet, Y. Brischetto, H. Damerau, A.V. Villanueva [CERN, Geneva, Switzerland] D. Oberson [HEIA-FR, Fribourg, Switzerland] M.V. Sundal [IST, Lisboa, Portugal] ","White-Rabbit Based Revolution Frequency Program for the Longitudinal Beam Control of the CERN PS",286 290,
mopgf092,"C.E. Peters, C. Dickerson, F. Garcia, M.A. Power [ANL, Argonne, Illinois, USA] ","Integration of the TRACK Beam Dynamics Model to Decrease LINAC Tuning Times",291 294,
mopgf093,"I. Rutkowski, M. Grzegrzólka [Warsaw University of Technology, Institute of Electronic Systems, Warsaw, Poland] L. Butkowski (Ł. Butkowski), Ch. Schmidt [DESY, Hamburg, Germany] M. Kuntzsch [HZDR, Dresden, Germany] ","Real-time Beam Loading Compensation for Single SRF Cavity LLRF Regulation",295 297,
mopgf097,"M.G. Abbott, G. Rehm, I.S. Uzun [DLS, Oxfordshire, United Kingdom] ","Architecture of Transverse Multi-Bunch Feedback Processor at Diamond",298 301,
mopgf098,"I.S. Uzun, T.M. Cobb, A.M. Cousins, M.T. Heron [DLS, Oxfordshire, United Kingdom] Y.-M. Abiven, J. Bisou, P. Monteiro, G. Renaud [SOLEIL, Gif-sur-Yvette, France] ","PandA Motion Project - A Collaboration Between SOLEIL and Diamond to Upgrade Their 'Position and Acquisition' Processing Platform",302 305,
mopgf099,"G. Valentino, G. Baud, M. Gasior (M. Gąsior), S. Jackson, L.K. Jensen, J. Olexa, S. Redaelli, J. Wenninger [CERN, Geneva, Switzerland] ","Upgraded Control System for LHC Beam-Based Collimator Alignment",306 309,
mopgf101,"L. Froehlich (L. Fröhlich), B. Beutner, W. Decking, O. Hensler, R. Kammering, T. Limberg, S.M. Meykopff, J. Wilgen [DESY, Hamburg, Germany] ","High Level Controls for the European XFEL",310 313,
mopgf102,"S. Blanchard, F. Antoniotti, R. Ferreira, P. Gomes, A. Gutierrez, B. Jenninger, F. Mateo, H.F. Pereira [CERN, Geneva, Switzerland] L. Kopylov, S. Merker [IHEP, Moscow Region, Russia] ","The New Control Software for the CERN NA62 Beam Vacuum",314 317,
mopgf103,"F. Mateo, F. Antoniotti, S. Blanchard, R. Ferreira, P. Gomes, A. Gutierrez, B. Jenninger, H.F. Pereira [CERN, Geneva, Switzerland] ","The Upgrade of Control Hardware of the CERN NA62 Beam Vacuum",318 321,
mopgf104,"P. Gomes, F. Antoniotti, F. Aragon, F. Bellorini, S. Blanchard, J-P. Boivin, N. Chatzigeorgiou, F. Daligault, R. Ferreira, J. Fraga, J. Gama, A. Gutierrez, P. Krakowski, H.F. Pereira, G. Pigny, P.P. Prieto, B. Rio, H. Vestergard [CERN, Geneva, Switzerland] L. Kopylov, S. Merker, M.S. Mikheev [IHEP, Moscow Region, Russia] ","Consolidations on the Vacuum Controls of the CERN Accelerators, During the First Long Shutdown of the LHC",322 325,
mopgf105,"P.A. Maslov, M. Komel, M. Pavleski, K. Zagar (K. Žagar) [Cosylab, Ljubljana, Slovenia] ","Device Control Database Tool (DCDB)",326 329,
mopgf110,"A. Orlati, M. Bartolini, S. Righini [INAF - IRA, Bologna, Italy] M. Buttu, A. Fara, C. Migoni, S. Poppi [INAF - OAC, Selargius (CA), Italy] ","Design Strategies in the Development of the Italian Single-dish Control System",330 333,
mopgf111,"A. Panov, A.A. Korepanov [BINP SB RAS, Novosibirsk, Russia] ","TANGO Integration of a Specific Hardware through HTTP-server",334 337,
mopgf112,"G. Pigny, F. Antoniotti, J-P. Boivin, N. Chatzigeorgiou, J. Gama, P. Gomes, P. Krakowski, H.F. Pereira [CERN, Geneva, Switzerland] ","Measurements, Alarms and Interlocks in the Vacuum Control System of the LHC",338 341,
mopgf113,"L. Pivetta, F. Giacuzzo, G. Scalamera, D. Vittor [Elettra-Sincrotrone Trieste S.C.p.A., Basovizza, Italy] ","Controls and Interlocks for the New Elettra Super Conducting Wiggler",342 345,
mopgf114,"J.J. Pon, K. Ezawa, R. Keitel, R.B. Nussbaumer, J.E. Richards, M. Rowe, P.J. Yogendran [TRIUMF, Canada's National Laboratory for Particle and Nuclear Physics, Vancouver, Canada] ","Controls Interface into the Low-Level RF System in the ARIEL e-Linac at TRIUMF",346 348,
mopgf115,"O.O. Andreassen (O.Ø. Andreassen), F. Augrandjean, E. Blanco Vinuela, M.F. Gomez De La Cruz, A. Rijllart [CERN, Geneva, Switzerland] D. Abalo Miron [University of Oviedo, Oviedo, Spain] ","LabVIEW as a New Supervision Solution for Industrial Control Systems",349 352,
mopgf117,"K.C. Sato, N. Kamikubota, N. Yamamoto [J-PARC, KEK  JAEA, Ibaraki-ken, Japan] S. Igarashi [KEK, Ibaraki, Japan] S.Y. Yoshida [Kanto Information Service (KIS), Accelerator Group, Ibaraki, Japan] ","The Control System for Trim-Coil Relay-Selectors in J-PARC MR",353 355,
mopgf119,"H.J. Son, H. Jang, S. Lee, C.W. Son [IBS, Daejeon, Republic of Korea] ","Design and Development of the ECR Ion Source Control System",356 358,
mopgf120,"G. Thomas, D. Davids [CERN, Geneva, Switzerland] O. Holme [ETH, Zurich, Switzerland] ","CAN Over Ethernet Gateways: A Convenient and Flexible Solution to Access Low Level Control Devices",359 362,
mopgf121,"P. Van Trappen, R. Noulibos, W.J.M. Weterings [CERN, Geneva, Switzerland] ","Stripping Foil Displacement Unit Control for H- Injection in PSB at CERN",363 366,
mopgf122,"P. Van Trappen, E. Carlier, S. Uyttenhove [CERN, Geneva, Switzerland] ","A Fast Interlock Detection System for High-Power Switch Protection",367 370,
mopgf123,"K. Agari, Y. Morino, Y. Sato, A. Toyoda [KEK, Tsukuba, Japan] ","Upgrades of Temperature Measurements and Interlock System for the Production Target at J-PARC Hadoron Experimental Facility",371 373,
mopgf125,"F. Ameil, C. Betz [GSI, Darmstadt, Germany] G. Cuk, I. Verstovsek (I. Verstovšek) [Cosylab, Ljubljana, Slovenia] ","The General Interlock System (GIS) for FAIR",374 377,
mopgf126,"R. Andersson, E. Bargalló, A. Monera Martinez, A. Nordt [ESS, Lund, Sweden] ","A Modified Functional Safety Method for Predicting False Beam Trips and Blind Failures in the Design Phase of the ESS Beam Interlock System",378 381,
mopgf129,"P. Chitnis, T.G. Robertazzi [Stony Brook University, Stony Brook, New York, USA] K.A. Brown [BNL, Upton, Long Island, New York, USA] ","Understanding the Failure Characteristics of the Beam Permit System of RHIC at BNL",382 385,
mopgf131,"N. ElKamchi, P. Gauron, H. Monard [LAL, Orsay, France] ","Interlock System for Machine Protection at ThomX Accelerator",386 388,
mopgf132,"T. Hakulinen, F. Havart, P. Ninin, F. Valentini [CERN, Geneva, Switzerland] ","Building an Interlock: Comparison of Technologies for Constructing Safety Interlocks",389 392,
mopgf134,"F. Liu, J. Hu, X.S. Jiang, Q. Ye [IHEP, People's Republic of China] G.H. Gong [Tsinghua University, Beijing, People's Republic of China] ","Design of Fast Machine Protection System for the C-ADS Injection I",393 396,
mopgf135,"N. Magnin, A. Antoine, E. Carlier, V. Chareyre, S. Gabourin, A. Patsouli, N. Voumard [CERN, Geneva, Switzerland] ","Upgrade of the Trigger Synchronisation and Distribution System of the Beam Dumping System of the Large Hadron Collider",397 400,
mopgf136,"P. Martel, Ch. Delamare, G. Godineau, R. Nunes [CERN, Geneva, Switzerland] ","ADaMS 3: An Enhanced Access Control System for CERN",401 404,
mopgf137,"A. Miura, Y. Kawane, N. Kikuzawa, T. Maruta [JAEA/J-PARC, Tokai-mura, Japan] T. Miyao [KEK, Ibaraki, Japan] ","Interlock of Beam Loss at Low Energy Part of J-PARC Linac",405 408,
mopgf138,"A. Monera Martinez, R. Andersson, A. Nordt, M. Zaera-Sanz [ESS, Lund, Sweden] C. Hilbes [ZHAW, Winterthur, Switzerland] ","Overview and Design Status of the Fast Beam Interlock System at ESS",409 412,
mopgf140,"S. Rubio-Manrique, M. Broseta, G. Cuni (G. Cuní), D. Fernandez-Carreiras (D. Fernández-Carreiras), A. Rubio, J. Villanueva [ALBA-CELLS Synchrotron, Cerdanyola del Vallès, Spain] ","Integration of PLC's in Tango Control Systems Using PyPLC",413 416,
mopgf141,"S. Sasaki, A. Akiyama, M. Iwasaki, T. Naito, T.T. Nakamura [KEK, Ibaraki, Japan] ","Upgrade of Abort Trigger System for SuperKEKB",417 419,
mopgf142,"M. Tanigaki [Kyoto University, Research Reactor Institute, Osaka, Japan] Y. Nakanishi [Shikoku Research Institute Inc., Kagawa, Japan] ","Development of a Network-based Personal Dosimetry System, KURAMA-micro",420 423,
mopgf143,"F. Valentini, T. Hakulinen, L. Hammouti, P. Ninin [CERN, Geneva, Switzerland] ","Integration of Heterogeneous Access Control Functionalities Using the New Generation of NI cRIO 903x Controllers",424 427,
mopgf145,"L.R. Carmichael, D.J. Crawford, N. Liu, R. Neswold, A. Warner, J.Y. Wu [Fermilab, Batavia, Illinois, USA] ","Commissioning and Design of the Machine Protection System for Fermilab's Fast Facility",428 430,
mopgf146,"Y. Zhao, Y.Y. Du, J. He, F. Liu, Q. Ye [IHEP, Beijing, People's Republic of China] ","Safety Interlock System for a Proton Linac Accelerator",431 433,
mopgf147,"H.C. Hüther, J. Fitzek, R. Mueller (R. Müller), A. Schaller [GSI, Darmstadt, Germany] ","Realization of a Concept for Scheduling Parallel Beams in the Settings Management System for FAIR",434 436,
mopgf149,"E.V. Gorbachev, V. Andreev, A. Kirichenko, D.V. Monakhov, S. Romanov, T.V. Rukoyatkina [JINR, Dubna, Moscow Region, Russia] G.S. Sedykh, V. Volkov [JINR/VBLHEP, Dubna, Moscow region, Russia] ","Nuclotron and NICA Control System Development Status",437 440,
mopgf150,"A. Buteau, G. Abeille (G. Abeillé), B. Gagey [SOLEIL, Gif-sur-Yvette, France] J.C. Fouquet [JCF, PARIS, France] ","Improving SOLEIL Computing Operation with a Service-Oriented Approach",441 445,
mopgf153,"T. Hoffmann, H. Bräuning, R. Haseitl, R. Lonsing, P.B. Miedzik, T. Milosic, A. Petit, A. Reiter [GSI, Darmstadt, Germany] ","Beam Instrumentation and Data Acquisition for CRYRING@ESR",446 448,
mopgf154,"L.B. Hu, Z.W. Zhou, M. Zhuang [ASIPP, Hefei, People's Republic of China] ","Current Status and Perspectives of the Cryogenic Control System of EAST",449 452,
mopgf155,"J.P. Jamilkowski, Z. Altinbas, M.R. Costanzo, T. D'Ottavio, X. Gu, M. Harvey, P. K. Kankiya, R.J. Michnoff, T.A. Miller, S. Nemesure, T.C. Shrey [BNL, Upton, Long Island, New York, USA] ","Design and Status for the Electron Lens Project at the Relativistic Heavy Ion Collider",453 455,
mopgf158,"J.P.S. Martins, M. Bacchetti, E.P. Coelho, R.F. Curcio, J.G.R.S. Franco, R.P. Lisboa, P.H. Nallin, A.R.D. Rodrigues, L.D.S. Sachinelli, M. E. Silva [LNLS, Campinas, Brazil] ","Sirius Control System: Design, Implementation Strategy and Measured Performance",456 459,
mopgf160,"R.B. Nussbaumer, D. Dale, K. Ezawa, K. Fong, H. Hui, R. Iranmanesh, J. Kavarskas, D.B. Morris, J.J. Pon, S. Rapaz, J.E. Richards, M. Rowe, T.M. Tateyama, E. Tikhomolov, G. Waters, P.J. Yogendran [TRIUMF, Canada's National Laboratory for Particle and Nuclear Physics, Vancouver, Canada] ","ARIEL Control System at TRIUMF - Status Update",460 463,
mopgf161,"M. Pieck, D. Baros, E. Bjorklund (E. Björklund), J.A. Faucett, J.G. Gioia, J.O. Hill, P.S. Marroquin, J.D. Paul, J.D. Sedillo, F.E. Shelley, H.A. Watkins [LANL, Los Alamos, New Mexico, USA] ","LANSCE Control System Upgrade Status and Challenges",464 467,
mopgf162,"M. Pieck, R.W. Garnett, F.E. Shelley, B.G. Smith [LANL, Los Alamos, New Mexico, USA] ","MaRIE - Instrumentation & Control System Design Status and Options",468 471,
mopgf163,"S. Riggi, U. Becciani, A. Costa, A. Ingallinera, F. Schillirò, C. Trigilio [INAF-OACT, Catania, Italy] V. Baldini, R. Cirami, A. Marassi [INAF-OAT, Trieste, Italy] G. Nicotra, C. Nocita [INAF IRA, Bologna, Italy] ","Status of the Local Monitor and Control System of SKA Dishes",472 475,
mopgf164,"M. Ritzert [Heidelberg University, Heidelberg, Germany] ","Status of the EPICS-Based Control and Interlock System of the Belle II PXD",476 479,
mopgf171,"M. Pezzetti [CERN, Geneva, Switzerland] P. Arpaia [Naples University Federico II, Science and Technology Pole, Napoli, Italy] M. Girone [U. Sannio, Benevento, Italy] M. Hubatka [MECOS AG, Winterthur, Switzerland] ","Active Magnetic Bearings System Upgrade for LHC Cryogenic Cold Compressor, Radiations Mitigation Project (R2E)",480 484,
mopgf172,"Z. Reszela, G. Cuni (G. Cuní), C.M. Falcón Torres, D. Fernandez-Carreiras (D. Fernández-Carreiras), G. Jover-Mañas, C. Pascual-Izarra, R. Pastor Ortiz, M. Rosanes Siscart, S. Rubio-Manrique [ALBA-CELLS Synchrotron, Cerdanyola del Vallès, Spain] ","Bringing Quality in the Controls Software Delivery Process",485 489,
mopgf174,"F. Scarlat, A.M. Scarisoreanu [INFLPR, Bucharest - Magurele, Romania] Fl. Scarlat [Bit Solutions, Bucharest, Romania] N. Verga [Univerity of Medicine and Pharmacy ¿Carol Davila¿, Bucharest, Romania] ","Laser-driven Hadron Therapy Project",490 493,
mopgf175,"S. Gayadeen, M.T. Heron, G. Rehm [DLS, Oxfordshire, United Kingdom] ","A Unified Approach to the Design of Orbit Feedback with Fast and Slow Correctors",494 497,
mopgf176,"M.T. Heron, A.J. Rose [DLS, Oxfordshire, United Kingdom] ","Control System Challenges from an Upgrade to the Diamond Light Source Storage Ring",498 501,
mopgf177,"S. Gayadeen, M.T. Heron, G. Rehm [DLS, Oxfordshire, United Kingdom] ","Robust Stability Analysis of Orbit Feedback Controllers",502 505,
mopgf178,"S. Gayadeen, M.T. Heron, G. Rehm [DLS, Oxfordshire, United Kingdom] ","Uncertainty Modelling of Response Matrix",506 509,
mopgf179,"P.P. Goryl, C.J. Bocchetta, P. Bulira, A.I. Wawrzyniak, K. Wawrzyniak, L. Zytniak (Ł. Żytniak) [Solaris, Krakow, Poland] V.H. Hardion, J.J. Jamroz (J.J. Jamróz), J. Lidon-Simon (J. Lidón-Simon), M. Lindberg, A.G. Persson, D.P. Spruce [MAX-lab, Lund, Sweden] M.J. Stankiewicz [Solaris National Synchrotron Radiation Centre, Jagiellonian University, Krakow, Poland] T. Szymocha [Cyfronet, Kraków, Poland] ","Status of the Solaris Control System - Collaborations and Technology",510 512,
thha2i01,"T. Wlostowski (T. Włostowski), J. Serrano [CERN, Geneva, Switzerland] F. Vaga [University of Pavia, Pavia, Italy] ","Developing Distributed Hard-Real Time Software Systems Using FPGAs and Soft Cores",1073 1078,
thha2o02,"J.O. Hill [LANL, Los Alamos, New Mexico, USA] ","The LASNCE FPGA Embedded Signal Processing Framework",1079 1082,
thha2o03,"W.W. Terpstra, M. Kreider [GSI, Darmstadt, Germany] ","Message Signalled Interrupts in Mixed-Master Control",1083 1086,
thha3o01,"P.Ch. Chochula, A. Augustinus, P.M. Bond, A.N. Kurepin, M. Lechman, O. Pinazza [CERN, Geneva, Switzerland] A.N. Kurepin [RAS/INR, Moscow, Russia] O. Pinazza [INFN-Bologna, Bologna, Italy] ","The Evolution of the ALICE Detector Control System",1087 1090,
thha3o02,"A.F. Balzer, E. Schierle, E. Suljoti, M. Witt [HZB, Berlin, Germany] R. Follath [Elettra-Sincrotrone Trieste S.C.p.A., Basovizza, Italy] ","Status of the Continuous Mode Scan for Undulator Beamlines at BESSY II",1091 1095,
thha3o03,"M.R. Vigder, M.L. Cusick, D. Dean [CNL, Ontario, Canada] ","Managing Neutron Beam Scans at the Canadian Neutron Beam Centre",1096 1098,
thhb2o01,"R.J. Michnoff, P. Cerniglia, M.R. Costanzo, R.L. Hulsart, J.P. Jamilkowski, W.E. Pekrul, Z. Sorrell, C. Theisen [BNL, Upton, Long Island, New York, USA] ","Preliminary Design of a Real-Time Hardware Architecture for eRHIC",1099 1102,
thhb2o02,"A. Boccardi, M. Barros Marin, T.E. Levens, B. Szuk, W. Vigano (W. Viganò), C. Zamantzas [CERN, Geneva, Switzerland] ","A Modular Approach to Acquisition Systems for Future CERN Beam Instrumentation Developments",1103 1106,
thhb2o03,"G.H. Gong, H. Li, T. Xue [Tsinghua University, Beijing, People's Republic of China] H. Gong [TUB, Beijing, People's Republic of China] ","The Global Trigger with Online Vertex Fitting for Low Energy Neutrino Research",1107 1110,
thhb3o01,"R.D. Walton, A. Ashton, M. Basham, P. C. Y. Chang, T.M. Cobb, A.J. Dent, J. Filik, M.W. Gerring, C. Mita, C.M. Palmer, U.K. Pedersen, P.D. Quinn, N.P. Rees, S. da Graca [DLS, Oxfordshire, United Kingdom] ","Mapping Developments at Diamond",1111 1114,
thhb3o02,"P. Mutti, F. Cecillon, C. Cocho, A. Elaazzouzi, Y. Le Goc, J. Locatelli, H. Ortiz [ILL, Grenoble, France] ","Real-Time Data Reduction Integrated into Instrument Control Software",1115 1118,
thhb3o03,"G.B.Z.L. Moreno, R. Bongers, M.B. Cardoso, F.P. O'Dowd, H.H. Slepicka [LNLS, Campinas, Brazil] ","On-the-Fly Scans for Fast Tomography at LNLS Imaging Beamline",1119 1122,
thhc2o01,"K. Furukawa, N. Iida, T. Kamitani, S. Kazama, T. Miura, F. Miyahara, Y. Ohnishi, M. Satoh, T. Suwada, K. Yokoyama [KEK, Ibaraki, Japan] ","Beam Property Management at KEK Electron/Positron 7-GeV Injector Linac",1123 1126,
thhc2o02,"S. Veseli, N.D. Arnold, J. Carwardine, G. Decker, D.P. Jarosz, N. Schwarz [ANL, Argonne, Ilinois, USA] ","Component Database for APS Upgrade",1127 1130,
thhc2o03,"E. Bjorklund (E. Björklund) [LANL, Los Alamos, New Mexico, USA] ","Replacing the Engine in Your Car While You Are Still Driving It",1131 1133,
thhc3o01,"M. Alberts, F. Joubert [SKA South Africa, National Research Foundation of South Africa, Cape Town, South Africa] ","The MeerKAT Graphical User Interface Technology Stack",1134 1137,
thhc3o03,"C. Pascual-Izarra, G. Cuni (G. Cuní), C.M. Falcón Torres, D. Fernandez-Carreiras (D. Fernández-Carreiras), Z. Reszela, M. Rosanes Siscart [ALBA-CELLS Synchrotron, Cerdanyola del Vallès, Spain] T.M. Coutinho [ESRF, Grenoble, France] ","Effortless Creation of Control & Data Acquisition Graphical User Interfaces with Taurus",1138 1142,
thhc3o05,"A.D. Casey, E.J. Bond, B.A. Conrad, M.S. Hutton, P.D. Reisdorf, S.M. Reisdorf [LLNL, Livermore, California, USA] ","National Ignition Facility (NIF) Experiment Interface Consolidation and Simplification to Support Operational User Facility",1143 1146,
thhd3o01,"Z. He, W. Cui, Y. Luo, X. Ting, H.S. Xu, L. Yang, X. Zhang, Q. Zhao [IMP/CAS, Lanzhou, People's Republic of China] ","Control Systems for Spallation Target in China Initiative Accelerator Driven System",1147 1150,
thhd3o05,"B. Copy, H. Milcent, M.Z. Zimny [CERN, Geneva, Switzerland] ","Standards-Based Open-Source PLC Diagnostics Monitoring",1151 1154,
thhd3o06,"M.J. Slabber [SKA South Africa, National Research Foundation of South Africa, Cape Town, South Africa] ","Overview of the Monitoring Data Archive used on MeerKAT",1155 1157,
thhd3o08,"A. Bland, S.T. Page [CERN, Geneva, Switzerland] ","Upgrades to the Infrastructure and Management of the Operator Workstations and Servers for Run 2 of the CERN Accelerator Complex",1158 1161,
tua3o01,"F. Glege, A. Andronidis, O. Chaze, C. Deldicque, M. Dobson, A.D. Dupont, D. Gigi, J. Hegeman, O. Holme, M. Janulis, R.J. Jiménez Estupiñán, L. Masetti, F. Meijers, E. Meschi, S. Morovic, C. Nunez-Barranco-Fernandez, L. Orsini, A. Petrucci, A. Racz, P. Roberts, H. Sakulin, C. Schwick, B. Stieger, S. Zaza, P. Zejdl [CERN, Geneva, Switzerland] J.M. Andre, R.K. Mommsen, V. O'Dell [Fermilab, Batavia, Illinois, USA] U. Behrens [DESY, Hamburg, Germany] J. Branson, S. Cittolin, A. Holzner, M. Pieri [UCSD, La Jolla, California, USA] G.L. Darlea, G. Gomez-Ceballos, C. Paus, J. Veverka [MIT, Cambridge, Massachusetts, USA] S. Erhan [UCLA, Los Angeles, California, USA] ","Detector Controls Meets JEE on the Web",513 516,
tua3o04,"K.-U. Kasemir, M.R. Pearson [ORNL, Oak Ridge, Tennessee, USA] ","CS-Studio Scan System Parallelization",517 520,
tub3o01,"D. Mannicke, N. Hauser, N. Xiong [ANSTO, Menai, New South Wales, Australia] ","Advanced Workflow for Experimental Control",521 523,
tub3o02,"Z. Reszela, G. Cuni (G. Cuní), C.M. Falcón Torres, D. Fernandez-Carreiras (D. Fernández-Carreiras), C. Pascual-Izarra, M. Rosanes Siscart [ALBA-CELLS Synchrotron, Cerdanyola del Vallès, Spain] ","Iterative Development of the Generic Continuous Scans in Sardana",524 528,
tub3o03,"T. Gahl, R.J. Hall-Wilton, O. Kirstein, T. Korhonen, T.S. Richter, A. Sandström, I. Sutton, J.W. Taylor [ESS, Lund, Sweden] ","The Modular Control Concept of the Neutron Scattering Experiments at the European Spallation Source ESS",529 532,
tub3o04,"Y. Tranquille-Marques, J. Fleury, H. Graillot, J. Nicoloso [CEA, LE BARP cedex, France] S. Bailleux, N. Chapron [AREVA TA Site LMJ CEA /CESTA, LE BARP cedex, France] J. Gende [ALTEN CEA /CESTA, Merignac, France] ","The LMJ System Sequences Adaptability (French MegaJoule Laser)",533 536,
tuc3i01,"R. Schmidt [CERN, Geneva, Switzerland] ","Machine Protection and Interlock System for Large Research Instruments",537 542,
tuc3o02,"D.P. Jin, Y.L. Zhang, P. Zhu [IHEP, Beijing, People's Republic of China] ","Design, Implementation and Setup of the Fast Protection System for CSNS",543 544,
tuc3o03,"A. Nordt, R. Andersson, T. Korhonen, A. Monera Martinez, M. Zaera-Sanz [ESS, Lund, Sweden] A. Apollonio, R. Schmidt [CERN, Geneva, Switzerland] C. Hilbes [ZHAW, Winterthur, Switzerland] ","Development and Realisation of the ESS Machine Protection Concept",545 548,
tuc3o04,"P. Fernandez Carmona, M. Eichin, M. Grossmann, E. Johansen, A. Mayor, H.A. Regele [PSI, Villigen PSI, Switzerland] ","Reusable Patient Safety System Framework for the Proton Therapy Centre at PSI",549 553,
tuc3o05,"K. Ha, W.X. Cheng, L.R. Dalesio, J.H. De Long, Y. Hu, P. Ilinski, J. Mead, D. Padrazo, S. Seletskiy, O. Singh, R.M. Smith, Y. Tian [BNL, Upton, Long Island, New York, USA] G. Shen [FRIB, East Lansing, Michigan, USA] ","NSLS-II Active Interlock System for Fast Machine Protection",554 557,
tuc3o06,"Y.G. Song, Y.-S. Cho, D.I. Kim, H.S. Kim, H.-J. Kwon, K.T. Seol, S.P. Yun [KAERI, Daejon, Republic of Korea] ","Machine Protection System for the KOMAC 100-MeV Proton Linac",558 560,
tuc3o07,"F. Tao, E. Carrone, J.M. Murphy, K.T. Turner [SLAC, Menlo Park, California, USA] ","Safety Integrity Level (SIL) Verification for SLAC Radiation Safety Systems",561 564,
tud3i01,"S. Perez, T. Caillaud [CEA, Arpajon, France] ","The LMJ Target Diagnostics Control System Architecture",565 569,
tud3o02,"J. Naylon, P. Bakule, M.A. Drouin, B. Himmel, J. Horacek (J. Horáček), M. Horacek (M. Horáček), K. Kasl, T. Mazanec, P. Skoda (P. Škoda) [ELI-BEAMS, Prague, Czech Republic] A. Greer, C. Mayer [OSL, Cambridge, United Kingdom] B. Rus [Czech Republic Academy of Sciences, Institute of Physics, Prague, Czech Republic] ","Extreme Light Infrastructure, Beamlines - Control System Architecture for the L1 Laser",570 573,
tud3o03,"A. Ledeul, G. Segura, R.P.I. Silvola, B. Styczen, D. Vasques Ribeira [CERN, Geneva, Switzerland] ","REMUS: The new CERN Radiation and Environment Monitoring Unified Supervision",574 577,
tud3o04,"R. Kammering, W. Decking, L. Froehlich (L. Fröhlich), O. Hensler, T. Limberg, S.M. Meykopff, K.R. Rehlich, V. Rybnikov, J. Wilgen, T. Wilksen [DESY, Hamburg, Germany] ","The Virtual European XFEL Accelerator",578 580,
tud3o05,"M. Killenberg, M. Hierholzer, Ch. Schmidt [DESY, Hamburg, Germany] S. Marsching [Aquenos GmbH, Baden-Baden, Germany] J. Wychowaniak [TUL-DMCS, Lodz, Poland] ","Integrating Control Applications into Different Control Systems",581 584,
wea3o01,"A. Gotz (A. Götz), J.M. Chaize, T.M. Coutinho, J.L. Pons, E.T. Taurel, P.V. Verdier [ESRF, Grenoble, France] G. Abeille (G. Abeillé) [SOLEIL, Gif-sur-Yvette, France] S. Brockhauser, L.J. Fulop (L.J. Fülöp) [ELI-ALPS, Szeged, Hungary] M.O. Cernaianu [IFIN-HH, Bucharest - Magurele, Romania] I.A. Khokhriakov [HZG, Geesthacht, Germany] R. Smareglia [INAF-OAT, Trieste, Italy] A. Vazquez-Ortero (A. Vázquez-Otero) [ELI-BEAMS, Prague, Czech Republic] ","The TANGO Controls Collaboration in 2015",585 588,
wea3o02,"G.R. White, M.V. Shankar [SLAC, Menlo Park, California, USA] A. Arkilic, L.R. Dalesio, M.A. Davidsaver, M.R. Kraimer, N. Malitsky, B.S. Martins [BNL, Upton, Long Island, New York, USA] S.M. Hartman, K.-U. Kasemir [ORNL, Oak Ridge, Tennessee, USA] D.G. Hickin [DLS, Oxfordshire, United Kingdom] A.N. Johnson, S. Veseli [ANL, Argonne, Ilinois, USA] T. Korhonen [ESS, Lund, Sweden] R. Lange [ITER Organization, St. Paul lez Durance, France] M. Sekoranja [Cosylab, Ljubljana, Slovenia] G. Shen [FRIB, East Lansing, Michigan, USA] ","Recent Advancements and Deployments of EPICS Version 4",589 592,
wea3o03,"P. Patwari, A.S. Banerjee, G. Muralikrishna, S. Roy Chaudhuri [Tata Research Development and Design Centre, Pune, India] ","Towards Building Reusability in Control Systems - a Journey",593 597,
web3o01,"M.W. Gerring, A. Ashton, R.D. Walton [DLS, Oxfordshire, United Kingdom] ","Open Source Contributions and Using OSGi Bundles at Diamond Light Source",598 601,
web3o02,"S. Schlenker, B. Farnham, P.P. Nikiel, C.-V. Soare [CERN, Geneva, Switzerland] D. Abalo Miron [University of Oviedo, Oviedo, Spain] V. Filimonov [PNPI, Gatchina, Leningrad District, Russia] ","quasar - A Generic Framework for Rapid Development of OPC UA Servers",602 605,
web3o03,"M. Gabriel, R. Gorbonosov [CERN, Geneva, Switzerland] ","Disruptor - Using High Performance, Low Latency Technology in the CERN Control System",606 609,
web3o04,"J.T.M. Chrin, M. Aiba, A. Rawat, Z. Wang [PSI, Villigen PSI, Switzerland] ","Accelerator Modelling and Message Logging with ZeroMQ",610 614,
web3o05,"W. Pessemier, G. Deconinck, G. Raskin, P. Saey, H. Van Winckel [KU Leuven, Leuven, Belgium] ","Why Semantics Matter: a Demonstration on Knowledge-Based Control System Design",615 618,
wec3o01,"T. Wlostowski (T. Włostowski), G. Daniluk, M.M. Lipinski, J. Serrano [CERN, Geneva, Switzerland] F. Vaga [University of Pavia, Pavia, Italy] ","Trigger and RF Distribution Using White Rabbit",619 623,
wec3o02,"M. Magrans de Abril, Q. King, R. Murillo-Garcia [CERN, Geneva, Switzerland] ","The Phase-Locked Loop Algorithm of the Function Generation/Controller",624 628,
wec3o04,"H. Kaji, K. Furukawa, M. Iwasaki, T. Kobayashi, F. Miyahara, T.T. Nakamura, M. Satoh, M. Suetake, M. Tobiyama [KEK, Ibaraki, Japan] Y. Iitsuka [EJIT, Hitachi, Ibaraki, Japan] T. Kudou, S. Kusano [Mitsubishi Electric System  Service Co., Ltd, Tsukuba, Japan] M. Liu, C.X. Yin [SINAP, Shanghai, People's Republic of China] ","New Event Timing System for Damping Ring at SuperKEKB",629 632,
wec3o05,"P. Camino, D. Monnier-Bourdin [Greenfield Technology, Massy, France] M.A. Drouin, J. Naylon [ELI-BEAMS, Prague, Czech Republic] C. Haefner, G.W. Johnson, S.J. Telford [LLNL, Livermore, California, USA] B. Rus [Czech Republic Academy of Sciences, Institute of Physics, Prague, Czech Republic] ","Timing System for the HAPLS/L3 ELI Project",633 635,
wec3o06,"P. K. Kankiya, T.A. Miller, B. Sheehy [BNL, Upton, Long Island, New York, USA] ","ERL Time Management System",636 639,
wed3o01,"W.J. Goscinski [Monash University, Faculty of Science, Clayton, Victoria, Australia] K. Bambery, C.J. Hall, A. Maksimenko, S. Panjikar, D. Paterson, C.G. Ryan, M. Tobin [ASCo, Clayton, Victoria, Australia] C.U. Felzmann [SLSA, Clayton, Australia] C. Hines, P. McIntosh [Monash University, Clayton, Australia] D.A. Thompson [CSIRO ATNF, Epping, Australia] ","MASSIVE: an HPC Collaboration to Underpin Synchrotron Science",640 644,
wed3o02,"A. Arkilic, D.B. Allan, D. Chabot, L.R. Dalesio, W.K. Lewis [BNL, Upton, Long Island, New York, USA] ","Databroker: An Interface for NSLS-II Data Management System",645 647,
wed3o03,"A. Yamashita, M. Kago [JASRI/SPring-8, Hyogo-ken, Japan] ","MADOCA II Data Logging System Using NoSQL Database for SPRING-8",648 651,
wed3o04,"L. Pivetta, C. Scafuri, G. Scalamera, G. Strangolino, L. Zambon [Elettra-Sincrotrone Trieste S.C.p.A., Basovizza, Italy] R. Bourtembourg, J.L. Pons, P.V. Verdier [ESRF, Grenoble, France] ","HDB++: A New Archiving System for TANGO",652 655,
wed3o05,"D.S. Willingham [ASCo, Clayton, Victoria, Australia] ","Big Data Analysis and Analytics with MATLAB",656 659,
wem301,"S.A. Hoyle [CASS, Epping, Australia] P.L. Mirtschin [CSIRO ATNF, Epping, Australia] ","Timing Systems for ATNF Telescopes",660 663,
wem303,"C.U. Felzmann, N. Hobbs, A. C. Starritt [SLSA, Clayton, Australia] ","Virtualisation within the Control System Environment at the Australian Synchrotron",664 666,
wem304,"G. Wright, M. Bree [CLS, Saskatoon, Saskatchewan, Canada] ","Status Monitoring of the EPICS Control System at the Canadian Light Source",667 668,
wem305,"T. Matsumoto, Y. Furukawa, Y. Hamada, T. Matsushita [JASRI/SPring-8, Hyogo-ken, Japan] ","LabVIEW Interface for MADOCA II with Key-Value Stores in Messages",669 672,
wem307,"D. Pedretti, D. Bortolato, F. Gelain, M.G. Giacchini, D. Marcato, M. Montis, S. Pavinato, J.A. Vasquez (J.A. Vásquez) [INFN/LNL, Legnaro (PD), Italy] M.A. Bellato, R. Isocrate [INFN- Sez. di Padova, Padova, Italy] ","Custom Hardware Platform Based on Intel Edison Module",673 676,
wem308,"R. Bacher [DESY, Hamburg, Germany] ","A Multi-Modal Human-Machine-Interface for Accelerator Operation and Maintenance Applications",677 680,
wem309,"J. Forsberg, V.H. Hardion, D.P. Spruce [MAX-lab, Lund, Sweden] ","A Graphical Tool for Viewing and Interacting with a Control System",681 684,
wem310,"R. Bourtembourg, J.L. Pons, P.V. Verdier [ESRF, Grenoble, France] ","How Cassandra Improves Performances and Availability of HDB++ Tango Archiving System",685 688,
wepgf001,"V. Baldini, G. Calderone, R. Cirami, I. Coretti, S. Cristiani, P. Di Marcantonio, P. Santin [INAF-OAT, Trieste, Italy] D. Mégevand [Université de Genève, Observatoire Astronomique, Versoix, Switzerland] F. Zerbi [INAF-Osservatorio Astronomico di Brera, Merate, Italy] ","The Instrument Control Electronics of the ESPRESSO Spectrograph @VLT",689 692,
wepgf002,"C.I. Briegel, R. Neswold, M.Z. Sliczniak [Fermilab, Batavia, Illinois, USA] ","A Protocol for Streaming Large Messages with UDP",693 696,
wepgf005,"M. Di Cosmo, B. Todd [CERN, Geneva, Switzerland] ","The New Modular Control System for Power Converters at CERN",697 700,
wepgf006,"L. Froehlich (L. Fröhlich), P.K. Bartkiewicz, M. Walla [DESY, Hamburg, Germany] ","Magnet Server and Control System Database Infrastructure for the European XFEL",701 704,
wepgf010,"P. Golonka [CERN, Geneva, Switzerland] H.T.T. Kamarainen [JAMK, Jyväskylä, Finland] ","Securing Access to Controls Applications with Apache httpd Proxy",705 708,
wepgf011,"Y.H. Guo, Z. He, H.T. Liu, T. Liu, J.B. Luo, J. Wang, Y.P. Wang [IMP/CAS, Lanzhou, People's Republic of China] ","Progress of the Control Systems for the ADS injector II",709 712,
wepgf012,"T. Hakulinen, X.B. Costa Lopez, P. Ninin, P. Oser [CERN, Geneva, Switzerland] ","Information Security Assessment of CERN Access and Safety Systems",713 716,
wepgf013,"L. Masetti, A. Andronidis, O. Chaze, C. Deldicque, M. Dobson, A.D. Dupont, D. Gigi, F. Glege, J. Hegeman, M. Janulis, R.J. Jiménez Estupiñán, F. Meijers, E. Meschi, S. Morovic, C. Nunez-Barranco-Fernandez, L. Orsini, A. Petrucci, A. Racz, P. Roberts, H. Sakulin, C. Schwick, B. Stieger, S. Zaza, P. Zejdl [CERN, Geneva, Switzerland] J.M. Andre, R.K. Mommsen, V. O'Dell, P. Zejdl [Fermilab, Batavia, Illinois, USA] U. Behrens [DESY, Hamburg, Germany] J. Branson, S. Cittolin, A. Holzner, M. Pieri [UCSD, La Jolla, California, USA] G.L. Darlea, G. Gomez-Ceballos, C. Paus, K. Sumorok, J. Veverka [MIT, Cambridge, Massachusetts, USA] S. Erhan [UCLA, Los Angeles, California, USA] O. Holme [ETH, Zurich, Switzerland] ","Increasing Availability by Implementing Software Redundancy in the CMS Detector Control System",717 720,
wepgf014,"M. Ishii, M. Kago [JASRI/SPring-8, Hyogo-ken, Japan] T. Fukui [RIKEN SPring-8 Center, Innovative Light Sources Division, Hyogo, Japan] T. Hasegawa, M. Yoshioka [SES, Hyogo-pref., Japan] T. Inagaki, H. Maesaka, T. Ohshima, Y. Otake [RIKEN SPring-8 Center, Sayo-cho, Sayo-gun, Hyogo, Japan] T. Maruyama [RIKEN/SPring-8, Hyogo, Japan] ","A Data Acquisition System for Abnormal RF Waveform at SACLA",721 724,
wepgf015,"M. Killenberg, M. Heuer, M. Hierholzer, L.P. Petrosyan, Ch. Schmidt, N. Shehzad, G. Varghese, M. Viti [DESY, Hamburg, Germany] T. Kozak, P. Predki (P. Prędki), J. Wychowaniak [TUL-DMCS, Lodz, Poland] S. Marsching [Aquenos GmbH, Baden-Baden, Germany] M. Mehle, T. Susnik (T. Sušnik), K. Zagar (K. Žagar) [Cosylab, Ljubljana, Slovenia] A. Piotrowski [FastLogic Sp. z o.o., Lodz, Poland] ","Drivers and Software for MicroTCA.4",725 728,
wepgf018,"M. Lechman, A. Augustinus, P.M. Bond, P.Ch. Chochula, A.N. Kurepin, O. Pinazza [CERN, Geneva, Switzerland] A.N. Kurepin [RAS/INR, Moscow, Russia] M. Lechman [IP SAS, Bratislava, Slovak Republic] O. Pinazza [INFN-Bologna, Bologna, Italy] ","Service Asset and Configuration Management in ALICE Detector Control System",729 731,
wepgf019,"Y.-S. Cheng, Y.-T. Chang, J. Chen, P.C. Chiu, K.T. Hsu, C. H. Huang, C.Y. Liao [NSRRC, Hsinchu, Taiwan] ","Database Applications Development of the TPS Control System",732 735,
wepgf020,"Z. Huang, C. Li, G. Liu, Y. Song, K. Wan [USTC/NSRL, Hefei, Anhui, People's Republic of China] ","A Redundant EPICS Control System Based on PROFINET",736 738,
wepgf021,"Z. He, W. Cui, Y.H. Guo, Y. He, Y. Luo, Q. Zhao [IMP/CAS, Lanzhou, People's Republic of China] ","Design of Control Networks for China Initiative Accelerator Driven System",739 742,
wepgf023,"O.J. Mokone, T. Gatsi [SKA South Africa, National Research Foundation of South Africa, Cape Town, South Africa] ","Controlling Camera and PDU",743 745,
wepgf024,"M. Ritzert [Heidelberg University, Heidelberg, Germany] ","Interfacing EPICS to the Widespread Platform Management Interface IPMI",746 748,
wepgf025,"S. Roy Chaudhuri, A.S. Banerjee, P. Patwari [Tata Research Development and Design Centre, Pune, India] L. Van den Heever [SKA South Africa, National Research Foundation of South Africa, Cape Town, South Africa] ","Data Driven Simulation Framework",749 752,
wepgf028,"V. Rybnikov, V. Petrosyan [DESY, Hamburg, Germany] ","A Self-Configurable Server for Controlling Devices Over the Simple Network Management Protocol",753 756,
wepgf029,"Ch. Schmidt, V. Ayvazyan, J. Branlard, L. Butkowski (Ł. Butkowski), O. Hensler, M. Killenberg, M. Omet, S. Pfeiffer, K.P. Przygoda, H. Schlarb [DESY, Hamburg, Germany] W. Cichalewski, F. Makowski [TUL-DMCS, Lodz, Poland] A. Piotrowski [FastLogic Sp. z o.o., Lodz, Poland] ","High Level Software Structure for the European XFEL LLRF System",757 760,
wepgf030,"M.V. Shankar, L.F. Li [SLAC, Menlo Park, California, USA] M.A. Davidsaver [BNL, Upton, New York, USA] M.G. Konrad [FRIB, East Lansing, Michigan, USA] ","The EPICS Archiver Appliance",761 764,
wepgf031,"T.C. Shen, S.A. Fuica, A. Ovando, N. Saez, R. Soto, T.I. Staig, G. Velez [ALMA Observatory, Santiago, Chile] J.P.A. Ibsen [ESO, Santiago, Chile] ","The Evolution of the Simulation Environment in ALMA",765 768,
wepgf032,"A. Uchiyama, N. Fukunishi, M. Komiyama [RIKEN Nishina Center, Wako, Japan] ","EPICS PV Management and Method for RIBF Control System",769 771,
wepgf034,"W. Zhang, S. An, S.Z. Gou, K. Gu, P. Li, Y.P. Wang, M. Yue [IMP/CAS, Lanzhou, People's Republic of China] ","The Power Supply Control System of CSR",772 774,
wepgf036,"S. Binello, K.A. Brown, T. D'Ottavio, R.A. Katz, J.S. Laster, J. Morris, J. Piacentino [BNL, Upton, Long Island, New York, USA] ","Data Categorization and Storage Strategies at RHIC",775 776,
wepgf037,"F. Billè, R. Borghes, F. Brun, V. Chenda, A. Curri, V. Duic, D. Favretto, G. Kourousias, M. Lonza, M. Prica, R. Pugliese, M. Scarcia, M. Turcinovich [Elettra-Sincrotrone Trieste S.C.p.A., Basovizza, Italy] ","Data Lifecycle in Large Experimental Physics Facilities: The Approach of the Synchrotron ELETTRA and the Free Electron Laser FERMI",777 781,
wepgf038,"R. Borghes, V. Chenda, G. Kourousias, M. Lonza, M. Prica, M. Scarcia [Elettra-Sincrotrone Trieste S.C.p.A., Basovizza, Italy] ","A Flexible System for End-User Data Visualisation, Analysis Prototyping and Experiment Logbook",782 785,
wepgf041,"O.O. Andreassen (O.Ø. Andreassen), C. Charrondière, A. De Dios Fuente [CERN, Geneva, Switzerland] ","Monitoring Mixed-Language Applications with Elastic Search, Logstash and Kibana (ELK)",786 789,
wepgf042,"B. Copy, O.O. Andreassen (O.Ø. Andreassen), Ph. Gayet, M. Labrenz, H. Milcent, F. Piccinelli [CERN, Geneva, Switzerland] ","Scalable Web Broadcasting for Historical Industrial Control Data",790 793,
wepgf043,"A. Arkilic, D.B. Allan, T.A. Caswell, L.R. Dalesio, W.K. Lewis [BNL, Upton, Long Island, New York, USA] ","Metadatastore: A Primary Data Store for NSLS-2 Beamlines",794 795,
wepgf044,"A. Arkilic, T.A. Caswell, D. Chabot, L.R. Dalesio, W.K. Lewis [BNL, Upton, Long Island, New York, USA] ","Filestore: A File Management Tool for NSLS-II Beamlines",796 798,
wepgf045,"L. Gallerani [CERN, Geneva, Switzerland] ","Large Graph Visualization of Millions of Connections in the CERN Control System Network Traffic: Analysis and Design of Routing and Firewall Rules with a New Approach",799 801,
wepgf046,"S. Boychenko, C. Aguilera-Padilla, M. Dragu, M.A. Galilée, J.C. Garnier, M. Koza, K.H. Krol, R. Orlandi, M.C. Poeschl, T.M. Ribeiro, K.S. Stamos, M. Zerlauth [CERN, Geneva, Switzerland] M. Zenha-Rela [University of Coimbra, Coimbra, Portugal] ","Towards a Second Generation Data Analysis Framework for LHC Transient Data Recording",802 805,
wepgf047,"J.C. Garnier, C. Aguilera-Padilla, S. Boychenko, M. Dragu, M.A. Galilée, M. Koza, K.H. Krol, T. Martins Ribeiro, R. Orlandi, M.C. Poeschl, M. Zerlauth [CERN, Geneva, Switzerland] ","Smooth Migration of CERN Post Mortem Service to a Horizontally Scalable Service",806 809,
wepgf049,"D. Haas, S.A. Chilingaryan, A. Kopmann, W. Mexner, D. Ressmann [KIT, Eggenstein-Leopoldshafen, Germany] ","The Unified Anka Archiving System - a Powerful Wrapper to Scada Systems like Tango and WinCC OA",810 813,
wepgf050,"A. Münnich, S. Hauf, B.C. Heisen, F. Januschek, M. Kuster, P.M. Lang, N. Raab, T. Rüter, J. Sztuk, M. Turcato [XFEL.EU, Hamburg, Germany] ","Integrated Detector Control and Calibration Processing at the European XFEL",814 817,
wepgf052,"N. Kikuzawa, A. Yoshii [JAEA/J-PARC, Tokai-Mura, Naka-Gun, Ibaraki-Ken, Japan] H. Ikeda, Y. Kato [JAEA, Ibaraki-ken, Japan] ","Development of the J-PARC Time-Series Data Archiver using a Distributed Database System, II",818 821,
wepgf053,"J. Aishima [SLSA, Clayton, Australia] A. Ashton, S. Fisher, K. Levik, G. Winter [DLS, Oxfordshire, United Kingdom] ","Monitoring and Cataloguing the Progress of Synchrotron Experiments, Data Reduction, and Data Analysis at Diamond Light Source From a User's Perspective",822 825,
wepgf056,"N. Leclercq, J. Bisou, F. Blache, F. Langlois, S. Le (S. Lê), K. Medjoubi, C. Mocuta, S. Poirier [SOLEIL, Gif-sur-Yvette, France] ","Flyscan: a Fast and Multi-technique Data Acquisition Platform for the SOLEIL Beamlines",826 829,
wepgf059,"G.R. Meyer, S. Androulakis, P.J. Bertling, A.M. Buckle, W.J. Goscinski, D. Groenewegen, C. Hines, A. Kannan, S. McGowan, S.M. Quenette, J. Rigby, P. Splawa-Neyman, J.M. Wettenhall [Monash University, Clayton, Australia] D. Aragao, T. Caradoc-Davies, N. Mudie [SLSA, Clayton, Australia] C.S. Bond [University of Western Australia, Crawley, Australia] ","The Australian Store. Synchrotron Data Management Service for Macromolecular Crystallography",830 833,
wepgf060,"K. Moriyama, T. Nakatani [JAEA/J-PARC, Tokai-Mura, Naka-Gun, Ibaraki-Ken, Japan] ","A Data Management Infrastructure for Neutron Scattering Experiments in J-PARC/MLF",834 837,
wepgf061,"D.J. Nicklaus, L.R. Carmichael, R. Neswold, Z.Y. Yuan [Fermilab, Batavia, Illinois, USA] ","Beam Trail Tracking at Fermilab",838 840,
wepgf062,"M. Ojeda Sandonís, P. Baudrenghien, A.C. Butterworth, J. Galindo, W. Höfle, T.E. Levens, J.C. Molendijk, D. Valuch [CERN, Geneva, Switzerland] F. Vaga [University of Pavia, Pavia, Italy] ","Processing High-Bandwidth Bunch-by-Bunch Observation Data from the RF and Transverse Damper Systems of the LHC",841 844,
wepgf063,"N.P. Rees [DLS, Oxfordshire, United Kingdom] H.R. Billich [PSI, Villigen PSI, Switzerland] A. Gotz (A. Götz) [ESRF, Grenoble, France] Q. Koziol, E. Pourmal [The HDF Group, Champaign, Illinois, USA] M. Rissi [DECTRIS Ltd., Baden, Switzerland] E. Wintersberger [DESY, Hamburg, Germany] ","Developing HDF5 for the Synchrotron Community",845 848,
wepgf065,"M.J. Slabber, M.T. Ockards [SKA South Africa, National Research Foundation of South Africa, Cape Town, South Africa] ","Illustrate the Flow of Monitoring Data through the MeerKAT Telescope Control Software",849 852,
wepgf066,"G. Valentino, X. Buffat, D. Kirchner, S. Redaelli [CERN, Geneva, Switzerland] ","A Systematic Measurement Analyzer for LHC Operational Data",853 856,
wepgf068,"A. Voitier, M. Gonzalez-Berges, F.M. Tilaro [CERN, Geneva, Switzerland] M. Roshchin [Siemens AG, Corporate Technology, München, Germany] ","Formalizing Expert Knowledge in Order to Analyse CERN's Control Systems",857 860,
wepgf069,"A. Voitier, P. Golonka, M. Gonzalez-Berges [CERN, Geneva, Switzerland] ","Integrating Web-Based User Interface Within Cern's Industrial Control System Infrastructure",861 864,
wepgf070,"C.H. Wang, L.F. Li [IHEP, Beijing, People's Republic of China] ","A New Data Acquiring and Query System with Oracle and EPICS in the BEPCII",865 868,
wepgf071,"N. Xiong, N. Hauser, D. Mannicke [ANSTO, Menai, New South Wales, Australia] ","Python Scripting for Instrument Control and Online Data Treatment",869 872,
wepgf072,"Y.B. Yan, Z.C. Chen, L.W. Lai, Y.B. Leng [SINAP, Shanghai, People's Republic of China] ","Parameters Tracking and Fault Diagnosis base on NoSQL Database at SSRF",873 875,
wepgf074,"L. Butkowski (Ł. Butkowski), T. Kozak, B.Y. Yang [DESY, Hamburg, Germany] P. Predki (P. Prędki) [TUL-DMCS, Lodz, Poland] R. Rybaniec [Warsaw University of Technology, Institute of Electronic Systems, Warsaw, Poland] ","FPGA Firmware Framework for MTCA.4 AMC Modules",876 880,
wepgf080,"R.A. Kadyrov, J.H. De Long, K. Ha, S. So, E. Stavitski [BNL, Upton, Long Island, New York, USA] ","Encoder Interface for NSLS-II Beam Line Motion Scanning Applications",881 884,
wepgf081,"O. Matilla, J.A. Avila-Abellan, M. Broseta, G. Cuni (G. Cuní), D. Fernandez-Carreiras (D. Fernández-Carreiras), A. Ruz, J. Salabert, X. Serra-Gallifa [ALBA-CELLS Synchrotron, Cerdanyola del Vallès, Spain] ","Em# Platform: Towards a Hardware Interface Standardization Scheme",885 888,
wepgf083,"P. Mutti, M. Plaz, E. Ruiz-Martinez, P. Van Esch [ILL, Grenoble, France] M. Crisanti [Università degli di Perugia, Perugia, Italy] ","Single Neutron Counting Using CCD and CMOS Cameras",889 892,
wepgf084,"P. Mutti, M. Plaz, E. Ruiz-Martinez, P. Van Esch [ILL, Grenoble, France] ","New Digitisers for Position Sensitive 3He Proportional Counters",893 896,
wepgf085,"T.T. Nakamura, A. Akiyama, M. Iwasaki, H. Kaji, J.-I. Odagiri, S. Sasaki [KEK, Ibaraki, Japan] T. Aoyama, T. Nakamura, K. Yoshii [Mitsubishi Electric System  Service Co., Ltd, Tsukuba, Japan] N. Yoshifuji [EJIT, Hitachi, Ibaraki, Japan] ","The Construction of the SuperKEKB Magnet Control System",897 900,
wepgf089,"I.S. Uzun, M.G. Abbott [DLS, Oxfordshire, United Kingdom] ","CERN Open Hardware Experience: Upgrading the Diamond Fast Archiver",901 904,
wepgf090,"T. Xue, G.H. Gong, H. Li, J.M. Li [Tsinghua University, Beijing, People's Republic of China] ","Design of EPICS IOC Based on RAIN1000Z1 ZYNQ Module",905 906,
wepgf091,"D. Darvas, E. Blanco Vinuela [CERN, Geneva, Switzerland] I. Majzik [BUTE, Budapest, Hungary] ","A Formal Specification Method for PLC-based Applications",907 910,
wepgf092,"D. Darvas, E. Blanco Vinuela, B. Fernandez Adiego (B. Fernández Adiego) [CERN, Geneva, Switzerland] ","PLCverif: A Tool to Verify PLC Programs Based on Model Checking Techniques",911 914,
wepgf093,"D. Bolkhovityanov, P.B. Cheblakov, F.A. Emanov [BINP SB RAS, Novosibirsk, Russia] ","CXv4, a Modular Control System",915 918,
wepgf094,"W. Booth, R. Barillere (R. Barillère), M. Bes, E. Blanco Vinuela, B. Bradu, M. Quilichini, M.Z. Zimny [CERN, Geneva, Switzerland] ","A Modular Approach to Develop Standardized HVAC Control Systems with UNICOS CPC Framework",919 922,
wepgf095,"P.B. Cheblakov, S.E. Karnaev, O.A. Khudayberdieva [BINP SB RAS, Novosibirsk, Russia] ","Application of PyCDB for K-500 Beam Transfer Line",923 925,
wepgf096,"J.S. Diamond, K.S. Martin [Fermilab, Batavia, Illinois, USA] ","Managing a Real-time Embedded Linux Platform with Buildroot",926 929,
wepgf097,"M. Di Carlo, M. Dolci [INAF - OA Teramo, Teramo, Italy] R. Smareglia [INAF-OAT, Trieste, Italy] P.S. Swart, G.M. le Roux [SKA South Africa, National Research Foundation of South Africa, Cape Town, South Africa] ","Local Monitoring and Control System for the SKA Telescope Manager: A Knowledge-Based System Approach for Issues Identification Within a Logging Service",930 933,
wepgf100,"T.J. Farrell, K. Shortridge [AAO, North Ryde, Australia] ","DRAMA 2 - An Evolutionary Leap for the DRAMA Environment for Instrumentation Software Development",934 937,
wepgf101,"M. Hager, M. Regodic [EBG MedAustron, Wr. Neustadt, Austria] ","A Modular Software Architecture for Applications that Support Accelerator Commissioning at MedAustron",938 941,
wepgf102,"F. Hoguin, S. Deghaye [CERN, Geneva, Switzerland] ","Solving the Synchronization Problem in Multi-Core Embedded Real-Time Systems",942 946,
wepgf105,"K.-U. Kasemir, G.S. Guyotte, M.R. Pearson [ORNL, Oak Ridge, Tennessee, USA] ","EPICS V4 Evaluation for SNS Neutron Data",947 949,
wepgf106,"Q. King, K.T. Lebioda, M. Magrans de Abril, M. Martino, R. Murillo-Garcia [CERN, Geneva, Switzerland] A. Nicoletti [EPFL, Lausanne, Switzerland] ","CCLIBS: The CERN Power Converter Control Libraries",950 953,
wepgf107,"T. Matsumoto, Y. Furukawa, K. Okada [JASRI/SPring-8, Hyogo-ken, Japan] ","Multi-Host Message Routing in MADOCA II",954 957,
wepgf112,"L. Pivetta, A.I. Bogani, R. Passuello [Elettra-Sincrotrone Trieste S.C.p.A., Basovizza, Italy] ","Flop: Customizing Yocto Project for MVMExxxx PowerPC and BeagleBone ARM",958 961,
wepgf113,"G. Shen, Z.Q. He, M. Ikegami, D. Liu, D.G. Maxwell, V. Vuppala [FRIB, East Lansing, Michigan, USA] E.T. Berryman [NSCL, East Lansing, Michigan, USA] ","Physics Application Infrastructure Design for FRIB Driver Linac",962 965,
wepgf115,"H. J. Choi, K.H. Gil, H.-S. Kang, S.H. Kim, K.W. Seo, Y.J. Suh [PAL, Pohang, Kyungbuk, Republic of Korea] ","LabVIEW EPICS Program for Measuring BINP HLS of PAL-XFEL",966 969,
wepgf116,"S. Veseli [ANL, Argonne, Ilinois, USA] ","PvaPy: Python API for EPICS PV Access",970 973,
wepgf117,"K. Xuan, C. Li, J.Y. Li, W. Li, G. Liu, J.G. Wang, L. Wang [USTC/NSRL, Hefei, Anhui, People's Republic of China] ","High Level Applications for HLS-II",974 976,
wepgf118,"C.C.A. de Villiers, B. Xaia [SKA South Africa, National Research Foundation of South Africa, Cape Town, South Africa] ","Use of Tornado in KAT-­7 and MeerKAT Framework",977 979,
wepgf119,"J.N. Bai [IAP, Frankfurt am Main, Germany] R. Baer (R. Bär), D. Beck, O.K. Kester, D. Ondreka, C. Prados, W.W. Terpstra [GSI, Darmstadt, Germany] T. Ferrand [TEMF, TU Darmstadt, Darmstadt, Germany] ","Bunch to Bucket Transfer System for FAIR",980 983,
wepgf120,"J.J. Jamroz (J.J. Jamróz), J. Forsberg, V.H. Hardion, V. Martos, D.P. Spruce [MAX-lab, Lund, Sweden] ","Timing System at MAX IV - Status and Development",984 987,
wepgf121,"N. Kamikubota, N. Yamamoto [J-PARC, KEK  JAEA, Ibaraki-ken, Japan] N. Kikuzawa, F. Tamura [JAEA/J-PARC, Tokai-mura, Japan] ","Operation Status of J-PARC Timing System and Future Plan",988 991,
wepgf122,"K.H. Kim, S. Allison, T. Straumann, E. Williams [SLAC, Menlo Park, California, USA] ","Real-Time Performance Improvements and Consideration of Parallel Processing for Beam Synchronous Acquisition (BSA)",992 994,
wepgf124,"S. Lee, H. Jang, C.W. Son [IBS, Daejeon, Republic of Korea] ","Application Using Timing System of RAON Accelerator",995 998,
wepgf126,"H. Li, G.H. Gong [Tsinghua University, Beijing, People's Republic of China] Q. Du [LBNL, Berkeley, California, USA] ","Prototype of White Rabbit Network in LHAASO",999 1002,
wepgf127,"C. Chanavat, M. Arruat, E. Carlier, N. Magnin [CERN, Geneva, Switzerland] ","A Generic Timing Software for Fast Pulsed Magnet Systems at CERN",1003 1006,
wepgf128,"J.L.N. Brito, S.R. Marques, L.A. Martins, D.O. Tavares [LNLS, Campinas, Brazil] ","Development Status of the Sirius Timing System",1007 1010,
wepgf129,"A. Rijllart, O.O. Andreassen (O.Ø. Andreassen), J. Blanco Alonso [CERN, Geneva, Switzerland] ","CERN timing on PXI and cRIO platforms",1011 1012,
wepgf132,"J.T.M. Chrin [PSI, Villigen PSI, Switzerland] ","An Update on CAFE, a C++ Channel Access Client Library, and its Scripting Language Extensions",1013 1016,
wepgf133,"P. Duval, M. Lomperski [DESY, Hamburg, Germany] J. Bobnar [Cosylab, Ljubljana, Slovenia] ","TINE Studio, Making Life Easy for Administrators, Operators and Developers",1017 1020,
wepgf134,"K.A. Brown, P. Chitnis, T. D'Ottavio, J. Morris, S. Nemesure, S. Perez, D.J. Thomas [BNL, Upton, Long Island, New York, USA] ","Applying Sophisticated Analytics to Accelerator Data at BNLs Collider-Accelerator Complex: Bridging to Repositories, Tools of Choice, and Applications",1021 1024,
wepgf135,"K.A. Brown, T. D'Ottavio, W. Fu, S. Nemesure [BNL, Upton, Long Island, New York, USA] ","Using the Vaadin Web Framework for Developing Rich Accelerator Controls User Interfaces",1025 1028,
wepgf136,"J. Fujita, M.G. Cherney [Creighton University, Omaha, NE, USA] ","Development of iBeacon Based Equipment Inventory System at STAR Experiment",1029 1031,
wepgf137,"M.J. Furseman, N.W. Battam, T.M. Cobb, I.J. Gillingham, M.T. Heron, G. Knap, W.A.H. Rogers [DLS, Oxfordshire, United Kingdom] ","Adopting and Adapting Control System Studio at Diamond Light Source",1032 1035,
wepgf141,"R. Martini, M. Bräger, J.L. Salmon, A. Suwalska [CERN, Geneva, Switzerland] ","Tools and Procedures for High Quality Technical Infrastructure Monitoring Reference Data at CERN",1036 1039,
wepgf142,"S.M. Meykopff [DESY, Hamburg, Germany] ","Advanced Matlab GUI Development with the DataGUI Library",1040 1043,
wepgf145,"V. Juvan, I. Dolin¿ek, T. Humar, M. Pavleski [Cosylab, Ljubljana, Slovenia] P.P. Goryl [Solaris, Krakow, Poland] ","A Structured Approach to Control System GUI Design for the Solaris Light Source",1044 1046,
wepgf146,"F. Amand, M. Pavleski, M. Plesko (M. Pleško) [Cosylab, Ljubljana, Slovenia] L. Fernandez [ESS, Lund, Sweden] ","GUI Style Guide for Control System Applications at ESS",1047 1048,
wepgf147,"O. Pinazza [INFN-Bologna, Bologna, Italy] A. Augustinus, P.M. Bond, P.Ch. Chochula, M. Lechman, J. Niedziela [CERN, Geneva, Switzerland] A.N. Kurepin [RAS/INR, Moscow, Russia] ","ALICE Monitoring in 3-D",1049 1051,
wepgf148,"S. Rubio-Manrique, G. Cuni (G. Cuní), D. Fernandez-Carreiras (D. Fernández-Carreiras), C. Pascual-Izarra, D. Roldan (D. Roldán) [ALBA-CELLS Synchrotron, Cerdanyola del Vallès, Spain] E. Al-Dmour [MAX-lab, Lund, Sweden] ","Unifying All TANGO Control Services in a Customizable Graphical User Interface",1052 1055,
wepgf150,"E. Sombrowski, R. Kammering, K.R. Rehlich [DESY, Hamburg, Germany] ","A HTML5 Web Interface for JAVA DOOCS Data Display",1056 1058,
wepgf152,"G. Strangolino, M. Lonza, L. Pivetta [Elettra-Sincrotrone Trieste S.C.p.A., Basovizza, Italy] ","Time Travel Made Possible at FERMI by the Time-Machine Application",1059 1062,
wepgf153,"M. Teichmann, B.C. Heisen, K. Weger, J. Wiggins [XFEL.EU, Hamburg, Germany] ","Karabo-GUI: A Multi-Purpose Graphical Front-End for the Karabo Framework",1063 1065,
wepgf154,"E. Tikhomolov [TRIUMF, Canada's National Laboratory for Particle and Nuclear Physics, Vancouver, Canada] ","Visualization of Interlocks with EPICS Database and EDM Embedded Windows",1066 1069,
wepgf155,"P. Charrue, M. Buttner, F. Ehm, P. Jurcso [CERN, Geneva, Switzerland] ","Improving Software Services Through Diagnostic and Monitoring Capabilities",1070 1072,
