FR101,"Simon Yu (LBNL)","Overview of International Heavy Ion Fusion Experiments",,"heavy-ion, space-charge-dominated-beams, experiments"
FR102,"H. Haseroth (CERN)","Neutrino Factory / Cooling Experiment",,"linac, neutral-beams, factory, recirculation, beam-cooling"
FR103,"Tsutomu Nakanishi (Nagoya Univ.)","Polarized Electron Sources  Using NEA-GaAs Photocathode",,"electron, gun, cathode, laser, emittance"
FR104,"L. Serafini (INFN-Milan and Univ. of Milan)","Prospective of Coherent X-Ray Source in Italy",,"free-electron-laser, brightness, emittance, linac, collective-effects"
FR201,"A. Mosnier (CEA-Saclay)","Survey of High-Power Proton Linacs",,"proton, linac"
FR202,"G. W. Foster, J. A. MacLachlon (FNAL)","An Multi-Mission 8 GeV Injector Linac As A Fermilab Booster Replacement",,"electron, h-minus, linac, superconducting-rf"
MO101,"Marion M. White (ORNL)","The Spallation Neutron Source (SNS)",,"SNS, superconducting-rf, SNS, h-minus linac"
MO201,"John N. Galayda (SLAC)","The Linac Coherent Light Source Project",,"free-electron-laser, synchrotron-radiation, brightness, brilliance, undulator"
MO202,"M. Borland (ANL)","Coherent Synchrotron Radiation and Microbunching in Bunch Compressors",,"collective-effects, bunching/chopping, free-electron-laser"
MO203,"Yu-Jiuan Chen, L. R. Bertolini, G. J. Caporaso, F. W. Chambers, E. G. Cook, S. Falabella, F. J. Goldin, G. Guethlein, D. D.-M. Ho, J. F. McCarrick, S. D. Nelson, R. Neurath, A. C. Paul, P. A. Pincosy, B. R. Poole, R. A. Richardson, S. Sampayan, L.-F. Wang, J. A. Watson, G. A. Westenskow, J. T. Weir (LLNL)","Downstream System for The Second Axis of The DARHT Facility",,"beam-transport, linac, electron, induction, plasma, kicker, focusing"
MO204,"R. Connolly, P. Cameron, J. Cupolo, C. Dawson, C. Degen, A. Della Penna, D. Gassner, M. Grau, M. Kesselman, S. Peng, R. Sikora (BNL)","Laser Beam-Profile Monitor Development at BNL for SNS",,"diagnostics, emittance, h-minus, instrumentation, laser"
MO301,"B. H. Choi, P. K. Joo, K. R. Kim, J. Y. Kim, J. H. Lee, J. M. Han, Y. S. Cho, H. J. Kwon (KAERI)","High Power Proton Linac Program in Korea",,"proton, ion-source, radio-frequency-quadrupole, rf-structure, beam-transport"
MO302,"J. A. Nolen (ANL)","The U. S. Rare Isotope Accelerator Project",,"radioactive-beam, superconducting-linac, heavy-ion, nuclear-physics"
MO401,"E. Jensen (CERN)","CTF3 Drive Beam Accelerating Structures",,"acceleration, radio-frequency, linac, rf-structure, higher-order-mode"
MO402,"Kaizhi Zhang, Long Wen, Hong Li, Jin Li, Zhiyong Dai, Wenwei Zhang, Yutong Xie, Meng Wang, Huacen Wang, Guangsen Dai, Linwen Zhang, Jianjun Deng, Bonan Ding (CAEP)","3.5 MeV Injector for An Induction Linac",,"LIA, injector, diode, radial-insulator, accelerating-cavity"
MO403,"J. J. Deng, B. N. Ding, L. W. Zhang, H. C. Wang, G. S. Dai, N. A. Chen, Z. Y. Dai, K. Z. Zhang, J. S. Shi, W. W. Zhang, J. Li, X. P. Liu, Y. T. Xie, M. Wang, L. Wen, H. Li, J. S. Wang, Z. C. Xie, M. H. Wang (CAEP)","Design of The Dragon-I Linear Induction Accelerator",,"electron, induction, linac, pulsed-power, beam-transport"
MO404,"H. Matsumoto, S. Takeda (KEK), T. Shintake, H. Baba, T. Inagaki, Y. J. Kim, K. Togawa, H. Kitamura (RIKEN)","The C-Band (5712-MHz) Linac for The Spring-8 Compact SASE Source (SCSS)",,"linac, free-electron-laser, linear-collider, electron, rf-structure"
MO405,"Shu-Hong Wang, Jiu-Qing Wang, Qiang Ye, and Qi Le (IHEP)","Minimization of Primary Electron Beam Radius on The Positron Production Target",,"positron-production, electron-beam-radius"
MO406,"G. Pei (IHEP)","Overview of BEPCII Linac Design",,"positron-source, electron-linac, BEPCII-injector"
MO408,"S. S. Park, S. C. Kim, S. H. Kim, Y. J. Han, S. H. Nam (PAL), S. W. Park, K. T. Lee (Dong-A Tech)","Operational Characteristics and Availability of Klystron-Modulator System for PLS 2-GeV Electron Linac",,"klystron, modulator, thyratron, system-availability"
MO409,"S. C. Kim, S. S. Park, S. H. Kim, Y. J. Han, and S. H. Nam (PAL)","A New Modulator Controller of The PLS Linac",,"klystron-modulator, modulator-control"
MO410,"H. S. Kang, Y. J. Han, J. Y. Huang, S. H. Nam (PAL), W. Namkung (POSTECH)","Current Status and R&D Plan of PAL Test Linac",,"electron, gun, linac, bunching"
MO411,"N. Y. Vinogradov, P. Billquist, P. N. Ostroumov, R. C. Pardo, M. Portillo, S. I. Sharamentov, G. P. Zinkann (ANL)","Bunch Shape Measurement of CW Heavy-Ion Beam",,"heavy-ion, monitoring, collimation"
MO412,"P. N. Ostroumov (ANL)","Design Features of High-Intensity Medium-Energy Superconducting Heavy-Ion Linac",,"beam-dynamics, superconductivity,ion, lattice"
MO413,"Y. Y. Lee, M. Blaskiewicz, A. Fedotov, D. Raparia, J. Beebe-Wang, W. T. Weng and J. Wei (BNL)","Linac Energy Manipulation for Longitudinal Phase Space Painting for SNS Ring",,"beam-losses, energy-calibration, optical-matching, storage-ring"
MO414,"D. D. Bhawalkar, A. G. Bhujle, P. Fatnani, P. R. Hannurkar, S. C. Joshi, M. G. Karmarkar, S. Kotaiah, S. Krishnagopal, S. P. Mhaskar, S. A. Pande, S. S. Prabhu, S. K. Shukla, G. Singh (CAT)","Indian Programe to Develop High Current Proton Linac for ADSS",,"proton, linac, injector, synchrotron,"
MO415,"F. Gerigk, M. Vretenar (CERN)","Design of A 120 MeV H- Linac for CERN High-Intensity Applications",,"h-minus, linac, rf-structure, simulation, transverse-dynamics"
MO416,"F. Caspers, K. Hanke, A. Lombardi, A. Millich, A. Mostacci, M. Paoluzzi, M. Vretenar (CERN)","Design of A Chopper Line for The CERN SPL",,"bunching/chopping, h-minus, linac, space-charge, diagnostics"
MO417,"S. Wang, S. Fu (IHEP), T. Kato (KEK)","Design Study of A MEBT With An Anti-Chopper for The JKJ",,"linac, proton, lattice"
MO420,"H. Ao (JAERI), N. Hayashizaki (TITech), V. Paramonov (INR)","R&D Status of The Annular Coupled Structure Linac for The JAERI/KEK Joint Project",,"proton, linac, rf-structure, coupling"
MO421,"R. W. Garnett, F. L. Krawczyk, R. L. Wood, and D. L. Schrage (LANL)","RF-Focused Spoke Resonator",,"acceleration, rf-structure, superconducting-rf"
MO422,"Dong-o Jeon, S. Assadi (ORNL), J. Stovall (LANL)","A Technique to Transversely Match High Intensity Linac Using Only RMS Beam Size from Wire-Scanners",,"transverse-match, wire-scanners, space-charge, high-intensity-linac"
MO423,"M. Okamura, T. Takeuchi, T. Katayama, R. A. Jameson (RIKEN), T. Hattori, H. Kashiwagi (TITech)","Direct Injection Scheme for RFQ Linac",,"plasma, space-charge, radio-frequency-quadrupole, laser, injection"
MO427,"L. Rinolfi (CERN), T. Kamitani (KEK)","The CLIC Positron Production Scheme",,"beam-dynamics, positron, target"
MO428,"F. Le Pimpec, S. Adiga, F. Asiri, G. Bowden, D. Dell'Orco, E. Doyle, B. McKee, A. Seryi (SLAC)","Vibrational Stability of NLC Linac and Final Focus Components",,"vibration, cooling-water, NLC, rf-structure"
MO429,"Yujong Kim, T. Shintake, H. Kitamura (RIKEN/SPring-8), H. Matsumoto (KEK)","Bunch Compressor for SPring-8 Compact SASE Source",,"bunch-compressor, SASE-FEL, coherent-synchrotron-radiation, microbunching, SCSS"
MO430,"Yujong Kim, T. Shintake, K. Togawa, H. Kitamura (RIKEN), H. Matsumoto (KEK), K. Swada (SHI), K. Floettmann (DESY)","Injector Layout Optimization for The Phase-I Stage of The SPring-8 Compact SASE Source (SCSS) Project",,"space-charge, injector-system, SASE-FEL, SCSS, ASTRA, PARMELA"
MO432,"A. K. Mitra, P. J. Bricault, I. V. Bylinskii, K. Fong, G. Dutto, R. E. Laxdal, and R. L. Poirier (TRIUMF)","RF Test and Commissioning of The Radio Frequency Structures of The TRIUMF ISAC I Facility",,"rf-structure, radio-frequncy-quadrupole, DTL, cw-mode, linac"
MO433,"K. Hanke, A. Lombardi (CERN)","Design of A High-Intensity RFQ for A Possible LHC Laser Ion Source",,"radio-frequency-quadrupole, longitudinal-dynamics, space-charge, heavy-ion"
MO434,"R. Corsini, D. Schulte (CERN)","Beam Transverse Stability in The CLIC Combiner Rings",,"rf-structure, wakefield, lattice, linear-collider, transverse-dynamics"
MO435,"A. Novikov-Borodin (INR)","Nanosecond Microstructure Creation of The Low Energy Negative Ion Beam",,"bunching/chopping, space-charge"
MO436,"J. Gao (LAL)","Theoretical Analysis on The Halo Formation of The Proton Beam from LEDA",,"accelerator-theory, linac, proton, space-charge, non-linear-dynamics"
MO437,"Dong-o Jeon, A. Aleksandrov, J. Wei (ORNL), J. Stovall, L. Young, H. Takeda, S. Nath (LANL), R. Keller, J. Staples (LBNL)","SNS Linac Halo Mitigation",,"space-charge, collimation, linac, halo, non-linear-dynamics"
MO438,"Chun-Xi Wang (ANL), Kwang-Je Kim (ANL and Univ. of Chicago)","Linear Theory of Ionization Cooling and Emittance Exchange",,"beam-cooling, damping, linear-dynamics, emittance"
MO439,"V. M. Pavlov (BINP)","Operation Features of VEPP-5 Preinjector RF-Buncher with",,"rf-buncher, preinjector, long-beam"
MO440,"S. Nath, J. Billen, J. Stovall, H. Takeda, L. Young (LANL), D. Jeon, S. H. Kim (ORNL), K. Crandall (TechSource)","Beam Behavior Through The SNS Chopper System",,"bunching/chopping, beam-transport, simulation, linac"
MO441,"X. Wu, D. Gorelov, T. Grimm, W. Hartung, F. Marti, and R. C. York (NSCL/MSU)","The Misalignment and RF Error Analysis for The RIA Driver Linac",,"RIA, linac, misalignment, rf-jitter, beam-dynamics"
MO442,"W. Beinhauer, H. -D. Graef, A. Richter (IKP, TU-Darmstadt), M. Krassilnikov, T. Weiland (TEMF, TU-Darmstadt)","Beam Dynamics On-Line Simulations for The S-DALINAC Injector",,"injection, linac, simulation"
MO443,"M. Krassilnikov, T. Weiland (TEMF, TU-Darmstadt)","New Approach to Space Charge Calculation in Ensemble Model",,"simulation, space-charge"
MO445,"X. J. Wang, M. Babzien, R. Malone, Z. Wu (BNL)","Mg Cathode and Its Thermal Emittance",,"emittance, gun, electron, brightness, cathode"
MO447,"J. Alessi, B. Briscoe, O. Gould, A. Kponou, V. LoDestro, D. Raparia, J. Ritter, A. N. Zelenski (BNL), V. Klenov, S. A. Kokhanovski, V. Zoubets (INR), M. Okamura (RIKEN)","Performance of A High Intensity Polarized H- Source on The Brookhaven 200 MeV Linac",,"ion-source, polarization, operational-performance, h-minus, beam-transport"
MO448,"C. E. Hill, D. Kuechler, H. Kugler, R. Scrivens (CERN)","Options for Upgrading The Intensity of The CERN Lead Pre-Injector Ion Source",,"brightness, extraction, ion-source, linac"
MO449,"V. Variale, V. Valentino (INFN-Bari), A. Boggia, G. Brautti, T. Clauser, A. Raino (Univ. di Bari), Y. Boimelshtein, P. Logatchov, B. Skarbo, M. Tiunov (BINP)","The Charge State Breeder BRIC: Status Report",,"ion-source, radio-frequency-quadrupole"
MO450,"Shinian Fu, Huafu Ouyang, Zhihua Luo, Jiming Qiao, Wenwu Xu, Taoguang Xu, Zhonghua Zhang, Jian Li, Shouxian Fang (IHEP), Xialing Guan (CIAE), Zhiyu Guo, Jiaxun Fang (IHIP)","R&D Status of A 3.5 MeV RFQ Accelerator for ADS Study in China",,"proton, radio-frequency-quadrupole, space-charge"
MO451,"Y. L. Chi, D. Dong, L. Shen, G. Y. Li, Q. M. Dai, S. M. Tian, X. W. Yang, Y. W. Chen and G. X. Pei (IHEP)","Klystron and Modulator Upgrade for BEPCII Linac",,"klystron, modulator"
MO452,"R. Chehab, S. Burdin, R. Cizeron, C. Sylvia (LAL), V. Baier, K. Beloborodov, A. Bukin, T. Dimova, A. Drozdetsky, V. Druzhinin, V. Golubev,S. Serednyakov,V. Shary,V. Strakhovenko (BINP), X. Artru, M. Chevallier, D. Dauvergne, R. Kirsch, P. Lautesse, J-C. Poizat, J. Remillieux (IPNL), A. Jejcic (LMD), M. Dubrovin (WSU-Cornell), P. Keppler, J. Major (MPI-Stuttgart), L. Gatignon (CERN), G. Bochek, V. Kulibaba, N. Maslov (KIPT), A. Bogdanov, A. Potylitsin, I. Vnukov (NPI-TPU)","Experimental Determination of The Positron Source Emittance for A Crystal Target",,"electron, emittance, linear-collider, target"
MO453,"A. E. Vlieks, G. Caryotakis, R. Loewen, D. Martin, A. Menegat (SLAC), E. Landahl, C. DeStefano, B. Pelletier, and N. C. Luhmann Jr. (U. C. Davis)","Development of An X-Band Photoinjector at SLAC",,"injection, gun-emittance, operational-performance"
MO454,"H. Iijima, K. Dobashi (NIRS), M. Uesaka, T. Ueda, K. Yoshii, Y. Muroya, A. Fukasawa (Tokyo Univ.), N. Kumagai (SPring-8), J. Urakawa (KEK)","Mg Cathode S-Band RF Gun/Linac for Radiation Chemistry Research",,"rf-injector, cathode, laser"
MO455,"T. Miyata, M. Yamamoto, K. Jincho, N. Sasaki, T. Miyoshi, S. Ishikawa, C. Kobayashi (AEC), H. Honma, Y. Sato (NIRS)","Emittance Measurement for The Heavy-Ion Sources at HIMAC",,"beam-transport, emittance, ion-source"
MO458,"M. Plum, W. Christensen, R. Meyer, C. Rose (LANL)","SNS Linac Wire Scanner System: Signal Levels and Accuracy",,"diagnostics, linac"
MO459,"C. Nantista (SLAC), J. S. Kim (FARTECH), A. W. Weidemann (USC)","A Quadrupole Mode Resonant Cavity for Non-Disruptive, Single-Shot Emittance Measurement",,"emittance, radio-frequency, diagnostics"
MO460,"K. Ishiwata, I. Sato, K. Hayakawa, T. Tanaka, Y. Hayakawa, K. Yokoyama, T. Sakai, K. Kanno, K. Nakao, E. Hashimoto, T. Murakami, and K. Fujioka (LEBRA), T. Suwada (KEK)","Development of Strip-Line Type Beam Position Monitor",,"beam-position-monitor, strip-line-type, free-electron-laser"
MO461,"U. Kale, P. Nerpapgar, K. K. Pant, S. Krishnagopal (CAT), R. K. Gupta (Oxford Instruments)","Development of A Pulsed Modulator for An S-Band Klystron",,"pulsed-power, klystron, radio-frequency"
MO462,"S. Michizono, S. Anami, M. Kawamura, S. Yamaguchi  (KEK), T. Kobayashi (JAERI)","Digital RF Control System for 400-MeV Proton Linac of JAERI/KEK Joint Project",,"radio-frequency, controls, proton, linac"
MO463,"T. Kobayashi, E. Chishiro (JAERI), S. Anami, S. Yamaguchi, S. Michizono (KEK)","RF Reference Distribution System for The 400-MeV Proton Linac of The KEK/JAERI Joint Project",,"proton-linac, rf-reference, optical-fiber, phase-stability, timing-jitter"
MO465,"Michael Lynch, Daniel Rees, Paul Tallerico, William Reass (LANL), Ray Fuja (ORNL)","The SNS Linac RF System, System Status and Vendor Results",,"radio-frequency, pulsed-power, klystron, linac, power-supply"
MO466,"M. V. Fazio, B. E. Carlsten, and L. M. Earley (LANL), J. Potter (JP Accelerator Works)","High-Power, Millimeter-Wave Source Development at Los Alamos National Laboratory",,"radio-frequency, electron-beam, mm-wave, microfabricate, slow-wave-structure,"
MO467,"S. J. Park, S. H. Kim, Y. J. Park, S. D. Jang, Y. G. Son, J. S. Oh, K. R. Kim, S. H. Nam (PAL), W. Namkung (POSTECH)","Fabrication and Test of Pulsed 200-MW Electron Gun for High-Power Klystrons",,"electron-gun, klystron, beam-tests"
MO468,"Y. G. Son, S. D. Jang, J. S. Oh (PAL), M. H. Cho, W. Namkung (POSTECH)","A Study of High-Power Switch With Thyrister For Pulse Power Applications",,"high-voltage, semiconductor-switch"
MO470,"M. Akemoto (KEK), K. Aoki, K. Yokoyama (SHI), N. Shimizu (NGK Insulators)","Development of A Solid-State Switch for Klystron Pulse Modulators",,"linac, power-supply, pulsed-power"
MO471,"J. S. Oh, S. D. Jang, Y. G. Son (PAL), M. H. Cho, W. Namkung (POSTECH), S. C. Ro (Dong-A Hitech)","Development and Application of An Inverter Charging Supply to A Pulse Modulator",,"smart-modulator, linear-collider, inverter-charging-supply"
MO472,"S. G. Tantawi , C. D. Nantista (SLAC)","Multi-Moded RF Components and Their Application to High Power RF Pulse Compression Systems",,"pulsed-power, radio-frequency, linear-collider"
MO473,"Sai Dong, Guirong Huang, Dachun Jia, Yuanji Pei, Congfeng Wu, Kai Jin (NSRL)","RF Drive System with High Power Solid-State Amplifier for 200 MeV LINAC",,"rf-drive-system, solid-state-amplifier, power-combining-method, klystron"
MO474,"O. N. Brezhnev, P. V. Logatchev, V. M. Pavlov, O. V. Pirogov, S. V. Shiyankov (BINP), Ju. D. Chernousov, V. I. Ivannikov, I. V. Shebolaev (ICKC)","Parallel-Coupled Accelerating Structures",,"accelerating-structure, sw-regime, permanent-magnets"
MO475,"S. C. Joshi (CAT), V. Paramonov, A. Skassyrskaya (INR), N. Hayashizaki (TITech), M. Ikegami (KEK), Y. Yamazaki (JAERI)","The Complete 3-D Coupled RF-Thermal-Structural -RF Analysis Procedure for A Normal Conducting Accelerating Structure for High Intensity Hadron Linac",,"rf-structure, linac, pulsed-power"
MO476,"Lutz Lilje (DESY)","High Gradient Multicell Superconducting Cavities",,"superconducting-rf, acceleration, rf-structure, linear-collider"
MO477,"S. Minaev, D. Kashinskiy, V. Pershin, B. Sharkov, T. Tretiakova, R. Vengrov, S. Yaramyshev (ITEP)","A Spatially Periodic RFQ Accelerating Structure Based on E010 Mode Cavity",,"ion, linac, quadrupole focusing, simulation"
MO478,"D. A. Swenson (LINAC Systems)","An RF Focused Interdigital Linac Structure",,"linac, rf-structure, radio-frequency-quadrupole, acceleration, focusing"
MO479,"T. Tajima, R. L. Edwards, R. C. Gentzlinger, F. L. Krawczyk, J. E. Ledford, D. I. Montoya, R. J. Roybal, D. L. Schrage, A. H. Shapiro (LANL), D. Barni, A. Bissotti, C. Pagani (INFN-Milano), G. Corniani (ZANON)","Test Results of The LANL 350 MHz, Beta=0.175, 2-Gap Spoke Resonator",,"superconducting-rf, spoke-cavity, spoke-resonator, AAA, superconducting-cavity"
MO480,"Stan O. Schriber (LANL)","Recognizing, Analyzing and Interpreting Mode Information in Standing-Wave Cavities",,"rf-structure, superconducting-rf"
MO481,"N. Hayashizaki (TITech), H. Ao, K. Hasegawa, Y. Yamazaki (JAERI), M. Ikegami, T. Kato (KEK), V. Paramonov (INR)","Structure Design of The Annular Coupled Structure Linac for The JAERI/KEK Joint Project",,"proton, linac, rf-structure"
MO482,"H. H. Braun, S. Doebert, I. Syratcher, M. Taborelli, I. Wilson, W. Wuensch (CERN)","CLIC High-Gradient Test Results",,"radio-frequency, rf-structure, linear-collider, accelerator"
MO483,"S. A. Pande, Moonooku Prasad, Nita Kulkarni, P. R. Hannurkar (CAT)","Design Studies of A 100 MeV H+/H- Linear Accelerator As Injector for ADS Linac / SNS Synchrotron",,"beam-transport, radio-frequency-quadrupole, DTL, CCDTL, SDTL, linac"
MO484,"S. A. Pande, M. Prasad (CAT)","Design of 4.5 MeV RFQ for Protons / H- Ions",,"radio-frequency-quadrupole, proton, h-minus, beam-dynamics"
MO486,"F. Le Pimpec, S. Harvey, R.E. Kirby, F. Marcelja (SLAC)","Autopsy on An RF-Processed X-Band Travelling Wave Structure",,"NLC, rf-structure, breakdown"
TH101,"R. F. Welton (ORNL)","Overview of High-Brightness H- Ion Sources",,"ion-source, gun, emittance, brightness, proton-and-negative-ions"
TH102,"F. Naito (KEK), JAERI/KEK Joint Project Team","The JAERI/KEK Joint Project and Its Performance",,"h-minus, linac, synchrotron"
TH103,"F. Gerigk (RAL), K. Bongardt (FZ JÂ¨ulich), I. Hofmann (GSI)","High Current Linac Design with Examples of Resonances and Halo",,"simulation, space charge, beam-dynamics, high-intensity, halo"
TH104,"A. Regan, S. Kwon, M. Prokop, T. Rohlev, D. Thomson (LANL), H. Ma (ORNL)","The SNS Linac RF Control System",,"radio-frequency-controls"
TH201,"H. Weise (DESY)","Operational Experience with The Test Facilities for TESLA",,"linear-collider, free-electron-laser, superconducting-rf"
TH202,"J. Rossbach (DESY)","Short-Wavelength, Single-Pass Free-Electron Lasers",,"free-electron laser, brilliance, radiation, undulator, operational-performance"
TH203,"W. Gai, M. Conde, R. Konencny, W. Liu, J. Power (ANL)","Results from The Argonne Wakefield Accelerator Test Facility",,"wakefield-acceleration, rf-photocathode, two-beam-acceleration"
TH204,"H. Suk., C.B. Kim, G.H. Kim, J.U. Kim  (KERI), I.S. Ko, J.C. Kim (POSTECH), S.J. Hahn (Chung-Ang University), W.B. Mori (UCLA)","Overview of The Laser Wakefield Acceleration Research at KERI",,"wakefield, injection, laser"
TH301,"K. W. Shepard (ANL)","The RIA Driver Linac",,"ion, heavy-ion, linac, isotope-production, superconducting-rf"
TH302,"L. Merminga., D. R. Douglas, G. A. Krafft (TJNAF)","Energy Recovering Linacs",,"recirculation, superconducting-rf, multi-bunch-effects, free-electron-laser, light-ion"
TH402,"E. Merle, M. Mouillet, O. Pierret, C. Vermare (CEA-PEM), A. Piquemal,  (CEA-Bruyeres), D.C. Moir (LANL)","Efforts to Improve Intense Linear Induction Accelerator (LIA) Sources for Flash Radiography",,"electron, emittance, beam-transport, cathode, optical-diagnostic"
TH403,"Y. Igarashi, S. Yamaguchi, Y. Higashi, A. Enomoto, T. Oogoe, K. Kakihara, and S. Ohsawa (KEK)","High Gradient Tests on An S-Band Accelerating Structure",,"linac, linear-collider, rf-structure"
TH404,"E. J. Minehara (JAERI)","The JAERI Energy-Recovery Linac for Free-Electron Lasers",,"free-electron-laser, industrial-accelerators, superconducting-rf, recirculation, cryogenics,"
TH405,"Y. Iwashita (Kyoto Univ.)","Phase Rotated Intense Slow Muons with Linac",,"muons-factory, pulsed-power, rf-structure, secondary-beams"
TH407,"S. H. Nam, J. Y. Huang, Y. J. Han, and M. Yoon (PAL)","Status of The PLS 2-2.5 GeV Electron Linac",,"linac"
TH408,"Leigh Harwood (TJNAF)","Upgrading CEBAF to 12 GeV",,"electron, linac, recirculation, superconducting-rf"
TH409,"Huaibi Chen (Tsinghua Univ.)","Research on A 16 MeV Backward Traveling Wave ( BTW ) Electron Linac",,"electron-linac, accelerating-structure, BTW"
TH410,"M. Uesaka, A. Fukasawa (Tokyo Univ.), K. Dobashi, H. Iijima (NIRS), J. Urakawa, T. Higo, M. Akemoto, H. Hayano (KEK)","X-Band RF Gun/Linac for Inverse Compton Scattering Hard X-Ray Source",,"acceleration, x-band, hard-x-ray, laser, compton-scattering"
TH411,"M. Ikegami, T. Kato (KEK), K. Hasegawa (JAERI)","Beam Dynamics Design of The Annular-Coupled-Structure Linac and Its Beam Matching Section for The KEK/JAERI Joint Project",,"proton, linac, space-charge, simulation"
TH412,"J. M. Han, H. H. Lee, K. Y. Seo, H. J. Kweon, Y. S. Cho, B. H. Choi (KAERI)","3.0 MeV KTF RFQ Linac",,"radio-frequency-quadrupole"
TH414,"H. Matsumoto, Shigeru. Takeda, N. Sato (KEK), T. Shintake, H. Kitamura (RIKEN), A. Suzuki, H. Yoshioka (TAKENAKA Co.), M. Ohtsuka, N. Yoshimura (OHTSUKA Co.)","The Precise Active Alignment Support System for Accelerator Structures",,"linear-collider, alignment, linac"
TH416,"A. Tremaine, S. Anderson, W. Brown, C. Barty, R. Cauble, J Crane, H. Cynn, C. Ebbers, D. Fittinghoff, D. Gibson, F. Hartemann, I. Jovanovich, J. Kuba, G. LeSage, A. McMahan, R. Minich, J. Moriarty, B. Remington, D. Slaughter, P. Springer, F. H. Steitz, C-s. Yoo  (LLNL), J. Rosenzweig (UCLA), T. Ditmire (Univ. of Texas)","Ultrafast Materials Probing with The LLNL Thomson X-Ray Source",,"scattering, photon, longitudinal-dynamics, beam-dynamics"
TH417,"G. D'Auria, C.J. Bocchetta, D. Bulfone, F. Cargnello, M. Danailov, S. Di Mitri, B. Diviacco, M. Ferianis, A. Gambitta, E. Karantzoulis, M. Lonza, F. Mazzolini, D. Morelli, V. Smaluk, M. Svandrlik, L. Tosi, G. Tromba, V. Verzilov, R. Visintini (Sincrotrone Trieste)","The FERMI Project at Trieste: A Linac-Based Ultra Bright Photon Source",,"brightness, emittance, free-electron-laser, linac, wiggler"
TH419,"A. Noda., Y. Iwashita, S. Nakamura, T. Shirai, A. Yamazaki (Kyoto Univ.), H. Daido, Y. Hayashi (JAERI),  M. Uesaka, K. Yoshii, T. Watanabe, T. Hosokai, K. Kinoshita (Tokyo Univ.), A. Ogata, Y. Wada, T. Kubota (Hiroshima Univ.), K. Matsukado, K. Takahashi, Z. Li, S. Yamada ( NIRS)","Laser Ion Production As The Injector for Cancer Therapy Synchrotron",,"laser, plasma, ion,"
TH421,"Han S. Uhm (Ajou Univ.), Ronald C. Davidson, Igor Kaganovich (PPPL)","Sausage and Hollowing Instabilities in High-Intensity Particle Beams",,"ion, electron, plasma, proton, heavy-ion, space-charge"
TH422,"A. Sauer, H. Deitinghoff, H. Klein, H. Liebermann, H. Podlech, U. Ratzinger, R. Tiede (Univ. of Frankfurt)","Beam Dynamics Layout of H-Type Drift Tube Linacs for Intense Light Ion Beams",,"acceleration, emittance, beam-losses"
TH423,"A. Franchi, M. Comunian, A. Pisent (INFN), G. Turchetti, S. Rambaldi, A. Bazzani (INFN-Bologna)","HALODYN: A 3D Poisson-Vlasov Code to Simulate The Space Charge Effects in The High Intensity TRASCO Linac",,"beam-transport, space-charge, linac"
TH424,"E. Tanke (SNS/ORNL), S. Valero, P. Lapostolle (consultants), A. M. Lombardi (CERN)","HERSC: A New 3 Dimensional Space Charge Routine for High Intensity Bunched Beams",,"space-charge, simulation, leptons, hadrons, beam-dynamics"
TH426,"T. Shintake (RIKEN/SPring-8)","New Real-Time Simulation Technique for Synchrotron and Undulator Radiations",,"simulation, radiation, electromagnetic-fields, undulator, synchrotron-radiation"
TH427,"H. J. Lee (KERI), J. Kim (POSTECH), C. Kim, G. H. Kim, J. U. Kim, H. Suk (KERI)","Simulations of Photon Acceleration and Laser Pulse Amplification Using Laser Plasma Interactions",,"photon-acceleration, plasma-wakefield, laser-amplification, raman-scattering"
TH429,"E. Tanke (SNS/ORNL), S. Valero, P. Lapostolle (consultants)","DYNAC: A Multi-Particle Beam Dynamics Code for Leptons and Hadrons in Complex Accelerating Elements",,"space-charge, simulation, leptons, hadrons, beam-dynamics"
TH430,"Marc Doleans and Sang-ho Kim (ORNL)","Analytical and Semi-Analytical Expressions for The Voltage in A Cavity Under Dynamic Detuning",,"SRF, elliptical-cavity, Lorentz-detuning"
TH432,"J. W. Lewellen (ANL)","Simulation of A Higher-Order Mode RF Photoinjector",,"rf-structure, higher-order-mode, gun, emittance, simulation"
TH433,"G. Ciavola, L. Celona, S. Gammino (INFN-LNS), E. Fagotti, M. Comunian, A. Pisent (INFN-LNL), R. Gobin, R. Ferdinand (CEA-Saclay)","The TRASCO High Current Proton Source and Its LEBT",,"ion-source, optics"
TH434,"V. I. Pershin, V. A. Batalin, A. A. Kolomiets, R. P. Kuibeda, T. V. Kulevoy, S. V. Petrenko, D. N. Seleznev (ITEP), A. Hershcovitch, B. M. Johnson (BNL), E. M. Oks (HCEI)","Metal-Vapor Vacuum-Arc Ion Source with An Additional Anode",,"ion, cathode, plasma, linac, vacuum"
TH435,"M. Yamamoto, K. Wada, T. Nakanishi, S. Okumi, C. Suzuki, F. Furuta, T. Nishitani, M. Miyamoto, M. Kuwahara, T. Hirose, R. Mizuno, N. Yamamoto, O. Watanabe, H. Kobayakawa (Nagoya Univ.), H. Matsumoto, M.Yoshioka (KEK)","200 keV Polarized Electron Source for Linear Collider",,"gun, polarization, cathode, electron, extraction"
TH438,"T. Taniuchi, T. Asaka, H. Dewa, T. Kobayashi, A. Mizuno, S. Suzuki, H. Tomizawa, K. Yanagida, H. Hanaki, (JASRI/SPring-8)","Characteristics of A Photocathode RF Gun in Higher Field Gradient",,"cathode, electron, emittance, gun, laser"
TH439,"K. Nanmo, Z. Igarashi, K. Nigorikawa, T. Takenaka, and E. Takasaki (KEK)","Improvement of The Control System for The KEK 40 MeV Proton Linac",,"controls, linac,"
TH440,"A. P. Soumbaev, A. S. Kayukov, V. A. Shvets, O. V. Strekalovsky, M. M. Korjovkina (JINR)","Plans for A Control System for The LUE200 Linac in JINR",,"linac, man-machine-interface, controls"
TH442,"S. D. Jang, W. W. Lee, Y. G. Son, J. S. Oh (PAL), and M. H. Cho (POSTECH)","Web-Based Control System for 150-MW Pulse Modulator Application",,"klystron-modulator, web-based-control, HMI, PLC-system"
TH443,"J. H. Kim, J. M. Kim, J. W. Oh, S. C. Kim, D. W. Kim, K. H. Kim, J. Choi, S. H. Nam, J. Y. Huang (PAL), M. H. Cho, W. Namkung, I. S. Ko (POSTECH)","Upgrade of The MPS Control System for PLS Linac",,"linac, controls, power-supply, man-machine-interface"
TH444,"C. Hovater, P. Chevtsov, J. Delayen, H. Dong, L. Harwood, J. Musson, R. Nelson, T. Plawski, H. Wang (TJNAF)","RF System Development for The CEBAF Energy Upgrade",,"controls, feedback, klystron, radio-frequency, superconducting-rf"
TH445,"K. Fong, M. Laverty, S. Fang (TRIUMF)","RF Control System for ISAC II Superconducting Cavity Test Stand",,"controls, superconducting-rf, feedback"
TH446,"S. Pasky, M. Borland (ANL)","Dealing with Change While Maintaining Operational Reliability of The Advanced Photon Source Linear Accelerator",,"free-electron-laser, cathode, controls, operational-performance, radio-frequency"
TH447,"A. Welleman, J. Waldmeyer, E. Ramezani (ABB)","Solid State Switches for Pulse Power Modulators",,"solid-state-switches, high-di/dt, high-current"
TH449,"T. Sakai, I. Sato, K. Hayakawa, T. Tanaka, Y. Hayakawa, K. Yokoyama, K. Kanno, K. Ishiwata (LEBRA), S. Fukuda (KEK), K. Hemmi, M. Hino (MELCO)","S-Band Klystron for Long Pulse Operation",,"klystron, long-pulse, vacuum, rf-window"
TH450,"A. E. Grelick, S. Berg, G. Goeppner, A. Nassiri, G. Pile, T. Smith (ANL), Y. W. Kang (ORNL), A. Haase, D. Miller (SLAC)","Testing and Operation of The WR340 Waveguide Window in The APS Linac",,"radio-frequency, vacuum"
TH451,"S. Fukuda, S. Anami, Y. Fukui, M. Kawamura, C. Kubota, M. Ono, S. Yamaguchi (KEK), S. Miyake, M. Sakamoto, K. Tetsuka, A. Yano (TOSHIBA)","Performance of A 324-MHz Klystron for High-Intensity Proton Accelerator",,"klystron, linac, pulsed-power"
TH452,"C. Kubota, Y. Fukui, S. Fukumoto, M. Kawamura, F. Naito H. Nakanishi, and E. Takasaki (KEK)","Parts of The 203D Coaxial Waveguide Improved at KEK",,"radio-frequency"
TH453,"A. Palmieri, M. Comunian, J. Esposito, A. Pisent (INFN-LNL), G. V. Lamanna (INFN-Bari)","Study and Design for TRASCO RFQ High Power Coupler",,"klystron, radio-frequency-quadrupole"
TH454,"H. J. Kwon, Y. S. Cho, J. M. Han, B. H. Choi (KAERI)","RF System for KOMAC RFQ",,"klystron, power-supply, radio-frequency, radio-frequency-quadrupole"
TH455,"M. Stirbet, I. E. Campisi, K. M. Wilson, M. Drury, G. K. Davis, and T. Powers (TJNAF), Y. Kang (ORNL), K. A. Cummings, T. Hardek (LANL)","Fundamental Power Coupler Development for The SNS Superconducting Linac Cavities",,"radio-frequency, coupling, superconducting-rf"
TH456,"Y. Kang (ONRL), M. Tiefenback, and P. Chevtsov (TJNAF)","Reactive RF Tuning for Compensation of A Detuned Accelerating Cavity",,"radio-frequency, resonance, superconducting-rf, controls"
TH459,"W. Lawson, B. Hogan, S. Gouveia, B. Huebschman, and V. L. Granatstein (UMD)","Improved Design of A Frequency-Doubling Ku-Band Gyroklystron Experiment",,"rf-power, gyroklystrons, linear-collider"
TH460,"Vikas Jain, Mangesh Karmarkar, S .A. Pande and T Veerbhadraiah (CAT)","Design and Analysis of SFDTL Structure for 100 MeV Proton Linac",,"proton-linac, ion-source, radio-frequency-quadrupole, SFDTL"
TH461,"A. D'Elia, V. G. Vaccaro (Univ. Napoli), M. R. Masullo (INFN-Napoli), D. Davino (BNL), L. De Menna, S. Falco (DIEL)","High Frequency Linear Accelerator: A Perturbative Study of The Transmission Matrix of A Two Port Device Chain",,"proton, linac, rf-structure, resonance, electromagnetic-fields"
TH463,"N. Baboi., R. M. Jones, J. W. Wang, G. B. Bowden, V. A. Dolgashev, J. Lewandowski, S. G. Tantawi, P. B. Wilson (SLAC)","Impedance Measurement Setup for Higher-Order Modes Studies in NLC Accelerating Structures with The Wire Method",,"wakefield, higher-order mode, impedance, rf-structure"
TH464,"J. W. Wang, C. Adolphsen, N. Baboi, G. Bowden, D. L. Burke, J. Cornuelle, V. Dolgashev, K. Jobe, R. M. Jones, B. Kirby, F. Le Pimpec, Z. Li, J. Lewandowski, R. J. Loewen, R. H. Miller, C. Nantista, C. K. Ng, C. Pearson, T. Raubenheimer, M. Ross, R. D. Ruth, S. Tantawi, P. B. Wilson (SLAC), N. Toge, T. Higo, Y. Higashi (KEK)","Recent Progress in R&D of Advanced Room Temperature Accelerator Structures",,"linear-collider, high-order-mode, wakefield, damping, acceleration"
TH465,"R. M. Jones R. H. Miller, J. W. Wang (SLAC)","Minimization of Transverse Wakefields in The NLC Accelerator Structures",,"wakefield, damping, dipole, electromagnetic-fields, linac"
TH468,"N. Hayashizaki (TITech), V. Paramonov (INR), Y. Yamazaki (JAERI)","Power-Handling Capability of The Annular Coupled Structure Linac for The JAERI/KEK Joint Project",,"proton, linac, rf-structure"
TH469,"T. Miyoshi, C. Kobayashi, H. Ogawa, H. Nakabushi, T. Fujimoto, T. Miyata, Y. Kageyama, Y. Sano (AEC), A. Kitagawa, M. Muramatsu, T. Murakami, Y. Sato (NIRS)","Charge Fraction of 6.0 MeV/n Heavy Ions with Carbon Foil: Dependence on The Thickness",,"heavy-ion, charge-fraction, stripping"
TH470,"S. C. Joshi, D. D. Bhawalkar, S. A. Pande, M. Prasad, A. S. Raja Rao, S. Raghvendra, N. Sharma (CAT)","Prototype Engineering Design of 350 MHz 4.5 MeV RFQ for Proposed Proton Linac for Indian ADS Program",,"radio-frequency-quadrupole, linac, rf-structure"
TH471,"H. Carter, D. Finley, I. Gonin, T. Khabiboulline, G. Romanov, D. Sun (FNAL) , C. Adolphson, J. Wang (SLAC)","Automated Microwave Low Power Testing Techniques for NLC",,"rf-structure, coupling, higher-order-mode, linear-collider, simulation"
TH472,"A. N. Drugakov, S. K. Esin, A. V. Feschenko, Yu. G. Kalinin, Yu. V. Kisselev, L. V. Kravchuk, A. N. Mirzojan, E. S. Nikulin, V. L. Serov (INR), M. Fagan, D. Ireland, K. F. Johnson, P. Walstrom (LANL)","Irradiation Test of Vacuum Chamber for LANSCE Isotope Production Facility",,"isotope-production, extraction, kicker, vacuum, beam-transport"
TH474,"R. Valdiviez, D. Schrage, H. Haagenstad, J. Szalczinger (LANL)","The Thermal Expansion of  Some Common Linac Materials",,"rf-structure"
TH475,"K. R. Kim, S. J. Kwon, S. H. Kim, Y. J. Park, H. G. Kim, K. W. Suh, S. H. Nam, C. W. Chung (PAL), W. Namkung (POSTECH)","Reliability and Maintenance of PLS Linac Mechanical Systems",,"system-reliability, rf-components, water-cooling, alignment"
TH476,"N. I. Her, J. W. Sa, H. K. Kim, G. H. Kim, C. H. Choi, J. S. Bak, M. Kwon (KBSI)","Design of The Superconducting Magnet Supporting Post for KSTAR Tokamak",,"KSTAR, Tokamak, CFRP, supporting-post"
TH477,"H. J. Kwon (KAERI), H. S. Kim, K. H. Chung (SNU), K. O. Lee (KAPRA), S. J. Noh (Dankook Univ.)","Parametric Study on The Improvement of The Beam Energy Gain of The Fantron-I Cavity",,"industrial-accelerators, radio-frequency, coupling, beam-transport"
TH479,"B. Schlitt, G. Hutter, B. Langenbeck, C. Muhle,W. Vinzenz (GSI), A. Bechtold, Y. Lu, S. Minaev, U. Ratzinger, A. Schempp, R. Tiede (IAP)","Development of A 7 MeV/u, 217 MHz Carbon Injector Linac for Therapy Facilities",,"medical-accelerator, ion, linac, rf-structure"
TH480,"A. Bechtold, C. P. Welsch, U. Ratzinger, A. Schempp (IAP), B. Schlitt (GSI)","The RFQ-Drifttube-Combination for The Medicine Synchrotron in Heidelberg",,"heavy-ion, cancer, therapy, radio-frequency-quadrupole, drifttube, beam-dynamics"
TH481,"S. Okuda, M. Takanaka, R. Kato (ISIR), S. Nam (Kangwon Univ.)","Absorption Spectroscopy Using High-Intensity Coherent Radiation from Short Electron Bunches of A Linac",,"coherent-effects, linac, radiation, photon"
TH484,"J. Frisch, J. Nelson, F. Le Pimpec, K. Jobe, D. McCormick, M. C. Ross, T. Smith (SLAC)","Studies of Breakdown in High Gradient X-Band Accelerator Structures Using Acoustic Emission",,"rf-structure, diagnostics"
TH485,"F. Simoens, A. France, O. Delferriere (CEA-Saclay)","An Equivalent 4-Wire Line Theoretical Model of Real RFQ Based on The Spectral Differential Theory",,"radio-frequency-quadrupole, modelisation, high-power-linac"
TH486,"F. Simoens, A. France (CEA-Saclay)","Tuning Procedure of The 5 MeV IPHI RFQ",,"radio-frequency-quadrupole, rf-cavity-tuning, high-intensity-linac"
TH487,"Albert Mizuhara (CPI)","A 100 kW, 1497 MHz CW Klystron for FEL Driver Accelerator",,"klystron,  free-electron-laser,  industrial-accelerators,  linac,  radio-frequency."
TH488,"Soon-Kwon Nam, Jaechul Yi (Kangwon Univ.)","The Radiation Field by The Transform Spectral Method in FEL",,"free-electron-laser, radiation, simulation"
TU101,"K. Floettmann (DESY)","The TESLA Linear Collider and X-Ray FEL",,"linear-collider, free-electron-laser, superconducting-rf"
TU102,"K. Takata (KEK)","Overview of NLC/JLC Collaboration",,"electromagnetic-fields, higher-order-mode, klystron, linac,  linear-collider"
TU103,"Y. H. Chin (KEK)","Worldwide Progress in X-Band Power Sources",,"klystron, linear-collider, pulsed-power, radio-frequency"
TU104,"Valery A. Dolgashev (SLAC)","Experiments on Gradient Limits for Normal Conducting Accelerators",,"rf-structure, operational-performance, linear-collider"
TU201,"R. Corsini (CERN)","Overview of CLIC and CTF3",,"linear-collider, electron, luminosity"
TU202,"S. Doebert (CERN)","Status of Very High-Gradient Cavity Tests",,"linear-collider, acceleration, rf-structures, radio-frequency"
TU203,"Yuzheng Lin (Tsinghua Univ.)","Applications of Low Energy Linacs in China",,"low-energy-linacs, radiotherapy, container-inspection-systems, anthracnose-germ, AD-RCNPS"
TU204,"V. L. Auslender (BINP)","5-10 MeV Industrial High Power Electron Accelerators",,"industrial-accelerators, electron, linac"
TU301,"T. Sieber, F. Ames, J. Cederkall, S. Emhofer, D. Habs, O. Kester, K. Reisinger, K. Rudolph (Univ. of Munich), R. von Hahn (MPI-K), B. Wolf (Univ. of Mainz) and the REX-ISOLDE Collaboration","Acceleration of Radioactive Ions at REX-ISOLDE",,"isotope-production, accumulation, beam-cooling, acceleration, beam-transport"
TU302,"R. E. Laxdal (TRIUMF)","ISAC-I and ISAC-II at TRIUMF: Achieved Performance and New Construction",,"exotic-beams, heavy-ion, superconducting, facility"
TU401,"M. S. Avilov, V. E. Akimov, A. V. Antoshin, P. A. Bak, Yu. M. Boimelshtein, D. Yu. Bolkhovityanov, A. R. Frolov, A. G. Chupyra, R. Kh. Galimov, R. M. Gromov, K. V. Gubin, S. M. Gurov, E. A. Gusev, N. S. Dikansky, I. V. Kazarezov, V. D. Khambikov, S. N. Klyuschev, Ye. S. Konstantinov, N. Kh. Kot, V. I. Kokoulin, A. A. Korepanov, R. M. Lapik, N. N. Lebedev, P. V. Logatchev, A. I. Lobas, P. V. Martyshkin, L. A. Mironenko, V. M. Pavlov, I. L. Pivovarov, V. V. Podlevskih, S. L. Samoilov, Yu. I. Semenov, B. A. Skarbo, A. A. Starostenko, S. V. Shiyankov, A. S. Siganov, O. Yu. Tokarev (BINP)","Status of VEPP-5 Preinjector",,"accelerator,preinjector,rf-buncher"
TU402,"K. K. Pant, Arvind Kumar, B. Biswas, S. Krishnagopal, Vijendra Prasad, S. Chouksey (CAT)","Fabrication and RF Studies on A Prototype PWT Linac Structure",,"linac, radio-frequency"
TU403,"J.-Y. Raguin, D. Schulte, I. Syratchev, I. Wilson, and W. Wuensch (CERN)","A New Damped and Tapered Accelerating Structure for CLIC",,"linac, rf-structure, radio-frequency, wakefield, higher-order-mode"
TU404,"E. Thrane (UMC) C. Bohn (NIU/FNAL), N. Barov, D. Mihalcea (NIU), Y. Sun (Univ. of Chicago), K. Bishofberger, D. Edwards, H. Edwards, S. Nagaitsev, J. Santucci, J. Corlett, S. Lidia (LBNL), S. Wang (U. Indiana), R. Brinkmann, J.-P. Carneiro, K. Desler, K. Floettmann , I. Bohnet (DESY), M. Ferrario (INFN)","Photoinjector Production of A Flat Electron Beam",,"acceleration, electron, emittance, brightness, transverse-dynamics"
TU405,"A. P. Soumbaev, W. I. Furman, V. V. Kobets, I. N. Meshkov, V. A. Shvets (JINR), P. V. Logatchev, P. A. Bak, S. M. Gurov, A. A. Korepanov, N. Kh. Kot, V. M. Pavlov, B. A. Skarbo, A. A. Starostenko, A. R. Frolov (BINP)","LUE200 Linac. Full-Scale Testing of Accelerating Sections",,"linac, electron, gun, klystron, target"
TU406,"M. V. Zumbro, M. J. Burns, C. A. Ekdahl, H. C. Kirbie, B. T. McCuistian, R. L. Whitman (LANL), R. P. Wells (LBNL), G. J. Caporaso (LLNL)","DARHT Second Axis - Status and Plans",,"acceleration, beam-transport, electron, induction, injection"
TU407,"S. Suzuki, T. Asaka, H. Dewa, T. Kobayashi, A. Mizuno, T. Taniuchi, H. Tomizawa, K. Yanagida, and H. Hanaki (SPring-8/JASRI)","Stability Improvement of The SPring-8 Linac",,"beam-loading, beam-transport, injection, linac, beam-stability"
TU408,"Sanghyun Park (SLAC)","Thermionic RF Gun and Linac Pre-Injector for Spear 3",,"cathode, gun, linac, injection"
TU409,"S. Watzlawik, W. Beinhauer, M. Gopych, H.-D. Graef, M. Hertling, A. Karnaukhov, S. Kostial, U. Laier, S. Patalakha, M. Platz, A. Richter, B. Schweizer, A. Stascheck, O. Titze, M. Krassilnikov, T. Weiland (TU-Darmstadt)","Latest Developments at The S-DALINAC",,"controls, diagnostics, linac, simulation, superconducting-rf"
TU411,"J. Bosser, H. H. Braun, E. Bravin, E. D'amico, S. Doebert, S. Hutchins, T. Lefevre, R. Maccaferri, G. Penn (CERN), G. A. Blair, and T. Kamps (RHUL)","Laser Wire Scanner Development on CTF II",,"beam-diagnostics, scanner, laser"
TU412,"A. Ratti, J. Ayers, L. Doolittle, R. DiGennaro, R. A. Gough, M. Hoff, R. Keller , R. MacGill, J. Staples, R. Thomae, S. Virostek, R. Yourd (LBNL), A. Aleksandrov (ORNL)","The SNS RFQ Commissioning",,"radio-frequency-quadrupole, h-minus, injector, cavity, linac"
TU413,"P. N. Ostroumov, S. H. Kim, E.S. Lessner, K. W. Shepard (ANL), R. E. Laxdal (TRIUMF), R. Wheatley (AMI)","A New Generation of Superconducting Solenoids for Heavy-Ion Linac Application",,"ion-linac, superconducting-magnet, dipole, transverse-dynamics"
TU414,"J. X. Fang, C. E. Chen, Z. Y. Guo, J. X. Yu, Y. R. Lu, X. Q. Yan, C. Zhang, W. G. Li, J. F. Guo, M. L. Yu, Z. Y. Wang (Peking Univ.), Y. Wu (IPP/CAS)","Study and Development of RFQ at Peking University",,"radio-frequency-quadrupole, ISR, implantation, simultaneous-acceleration"
TU415,"D. Raparia, Y. Y. Lee, W. T. Weng, and J. Wei (BNL)","Procedure for Setting Up The Transfer Lines for The SNS",,"beam-transport, optical-matching"
TU417,"C. Ankenbrandt, J. MacLachlan, M. Popovic (FNAL), R. P. Johnson (IIT)","A Linac Afterburner to Supercharge The Fermilab Booster",,"linac, h-minus, collider, space-charge"
TU419,"L. Groening, W. Barth (GSI)","Measurements and Simulations on The Beam Brilliance in The Universal Linear Accelerator UNILAC at GSI",,"heavy-ion, brilliance, emittance, space-charge"
TU420,"W. Barth, L. Dahl, J. Glatz, L. Groening, S. Richter (GSI)","Experiences During Operation with High Current U4+ Beams in The New GSI High Current Injector",,"heavy-ion, space-charge, operational-performance, diagnostics"
TU421,"L. Dahl, W. Barth (GSI), S. Yaramishev (ITEP)","",,"radio-frequency-quadrupole, space-charge, beam-transport, brilliance"
TU422,"E. Tanke, S. Assadi, G. Dodson, J. Galambos, M. Giannella, N. Holtkamp, D. Jeon, M. White (SNS/ORNL), L. Kravchuk (ORISE), M. Plum, R. Shafer, J. Stovall (LANL)","Commissioning Plans for The SNS DTL and CCL",,"h-minus, linac, commissioning"
TU423,"A. Ueno, K. Ikegami, M. Okada, S. Arai, E. Kadokura, S. Noguchi, Z. Igarashi, C. Kubota, N. Kamikubota, M. Ikegami, K. Yoshino, Y. Fukui, M. Kawamura, S. Yamaguchi, S. Fukuda, S. Anami (KEK), Y. Kondo, H. Oguri (JAERI)","Beam Test of A Front-End System for The JAERI-KEK Joint (JKJ) Project",,"ion-source, beam-transport, radio-frequency-quadrupole"
TU424,"F. Naito, M. Ikegami, T. Kato, C. Kubota, E. Takasaki, H. Tanaka, K. Yoshino (KEK), T. Ito (JAERI), S. Fujie, H. Ino, Z. Kabeya, S. Kakizaki, T. Kawasumi (MHI)","Mechanical and RF Properties of The DTL for The JAERI/KEK Joint Project",,"h-minus, linac, alignment"
TU425,"Y. S. Cho, J. M. Han, H. J. Kwon, B. H. Choi (KAERI)","Development of 100 MeV Proton Accelerator for KOMAC 2nd Phase",,"proton, linac, rf-structure, beam-losses, klystron"
TU426,"D. Gorelov, T. Grimm, W. Hartung, F. Marti, X. Wu, and R. C. York (NSCL/MSU), H. Podlech (Univ. of Frankfurt), A. Facco (INFN-Legnaro)","3D Field Effects on The Multiple Charge Beam Dynamics in The Superconducting Driver Linac for RIA",,"superconducting-rf, light-ion, heavy-ion, 3d-electromagnetic-fields, longitudinal-dynamics, transverse-dynamics"
TU427,"Dong-o Jeon, (ORNL), J. Stovall, R. Shafer (LANL), K. Crandall (TechSource)","Longitudinal Tune-Up of SNS Normal Conducting Linac",,"phase-scan, delta-T-scan, phase-scan signature-matching, rf-set-point"
TU428,"L. Doolittle, C. C. Lo, M. Monroy, A. Ratti (LBNL)","The SNS Front End LLRF System",,"radio-frequency, bunching/chopping, h-minus, linac, beam-transport, cavity-control, beam-control"
TU429,"D. P. Moehs, L. J. Allen,  E. S. McCrory, C. W. Schmidt, R. C. Webber, R. E. Tomlin, and M. Popovic (FNAL)","Fermilab Booster Charge As A Function of Linac Intensity",,"linac, booster, ion-source"
TU430,"U. Lehnert, P. Evtushenko, P. Michel, J. Teichert, and the ELBE crew (ELBE)","First Operation of The ELBE Linear Accelerator",,"emittance, linac, operational-performance, superconducting-rf"
TU431,"K. Furukawa (KEK)","The Present Performance and Future Upgrade of The KEKB Electron Linac",,"electron, positron, factory, high-gradient, high-current"
TU432,"G. N. Kim, R. Machrafi, H. Ahmed, D. Son (CHEP, KNU), Y. S. Lee, V. Skoy, H. S. Kang (PAL), M. H. Cho, I. S. Ko, and W. Namkung (POSTECH)","Status of Pohang Neutron Facility Based on 100-MeV Electron Linac",,"Pohang-Neutron-Facility, electron-linac, nuclear-data-production, total-cross-section, neutron-gamma-seperation"
TU433,"Paul W. Lisowski and Kevin W. Jones (LANL)","Status of The Los Alamos Neutron Science Center and Plans for The Future",,"proton, linac, operational-performance"
TU435,"C. L. Bohn (NIU), I. V. Sideris, H. E. Kandrup (UFL), R. A. Kishek (UMD)","Mixing of Regular and Chaotic Orbits in Beams",,"nonlinear-dynamics, space-charge, emittance"
TU436,"M. Pabst, K. Bongardt (FZJ)","Beam Dynamics in Superconducting High Intensity Proton Linacs",,"beam-losses, superconducting-rf, space-charge, proton, simulation"
TU437,"C. K. Allen, K. C. D. Chan, P. L. Colestock, R. W. Garnett, J. D. Gilpatrick, W. P. Lysenko, J. D. Schneider, R. L. Sheffield, H. V. Smith, T. P. Wangler (LANL), J. Qiang (LBNL), K. R. Crandall (TechSource), M. E. Schulze (GA)","Experimental Study of Proton Beam Halo in Mismatched Beams",,"space-charge, transverse-dynamics, proton, linac, diagnostics"
TU438,"J. R. Delayen (TJNAF)","Cumulative Beam Breakup with Random Displacement of Cavities and Focusing Elements",,"multi-bunch-effects, higher-order-mode, impedance, wakefield"
TU439,"J. A. MacLachlan (FNAL)","Envelope Matching for An 8 GeV Multi-Species Superconducting Linac",,"focusing, optical-matching, superconducting-rf"
TU440,"R. M. Jones, V. A. Dolgashev, K. L. F.Bane, E. Lin (SLAC)","Wakefield Band Partitioning in Linac Structures",,"higher-order-mode, wakefield, simulation,linear-collider"
TU441,"R. E. Laxdal, M. Pasini, L. Root (TRIUMF)","Beam Dynamics Design Study and Beam Commissioning of The ISAC Two Frequency Chopper",,"beam-dynamics, chopper, beam-commissioning, heavy-ion"
TU442,"V. V. Paramonov (INR)","The Common Dispersion Equation for High-Energy Compensated Accelerating Structures",,"accelerator-theory, electromagnetic-fields, linac, rf-structure"
TU443,"V. V. Paramonov (INR)","The Multi-Mode Analysis of The Slot Coupled Accelerating Structures",,"accelerator-theory, electromagnetic-fields, linac, rf-structure"
TU444,"W. Bruns (TUB)","GdfidL on Massive Parallel Systems",,"electromagnetic-fields, simulation, rf-structure, wakefield"
TU445,"K. K. Pant, Arvind Kumar, S. Krishnagopal, S. Chouksey (CAT)","RF Results and Beam Dynamics Simulations of A Prototype S-Band Photocathode Gun",,"gun, free-electron-laser"
TU446,"J. Peters (DESY)","The New HERA H- RF Volume Source",,"h-minus, plasma, emittance"
TU447,"F. Naito, Y. Fukui, Z. Igarashi, T. Kato, M. Kawamura, C. Kubota, E. Takasaki, S. Yamaguchi, K. Yoshino (KEK), T. Ito (JAERI)","High-Power Test of The SDTL for The JAERI/KEK Joint Project",,"h-minus, linac"
TU448,"G. Ciavola, S. Gammino, L. Celona, L. Ando ( INFN-LNS) D. Hitz, A. Girard, G. Melin (CEA-DRFMC-SBT)","Third Generation ECR Ion Sources",,"ion-source"
TU449,"F. Furuta, C. Suzuki, T. Nakanishi, S. Okumi, T. Gotou, K. Wada, M. Yamamoto, T. Nishitani, M. Miyamoto, M. Kuwahara, T. Hirose, R. Mizuno, N. Yamamoto (Nagoya Univ.), H. Kobayakawa, H. Matsumoto, M. Yoshioka (KEK)","Measurement of Field Emission Dark Current from The Titanium, Copper, and Stainless Steel Electrodes Under The High DC-Field Gradient Condition",,"gun, electrostatic-devices"
TU451,"L. Shang, W. Wang, J. Hong, Y. M. Lu, Y. Zhang (NSRL)","The Upgrading of HLS Linac Modulators",,"klystron-modulator, high-voltage-constant-current-charging-power, controls"
TU452,"J. C. Dooling, L. I. Donley, G. E. McMichael , and V. F. Stipp (ANL)","Diagnostic and Numerical Studies of The IPNS Linac with A Recently Installed Buncher Amplifier",,"bunching/chopping, diagnostics, emittance, longitudinal-dynamics, simulation"
TU453,"Young Kyung Lim, Hee J. Lee (Hanyang Univ.), S. O. Cho, B. C. Lee, Y. U. Jeong (KAERI)","Measurement of Electron Bunch Timing Jitter Using Stroboscopic Method",,"beam-diagnostics, timing-jitter, bunch-length, optical-transition-radiation"
TU454,"S. V. Alexeyenko, V. V. Kushin, S. V. Plotnikov, D. N. Seleznev (ITEP), V. P. Zubovsky (MEPHI)","Multiple Channel Measurements of Ion Beam Parameters",,"emittance, linac, collimation, position"
TU455,"K. Yanagida, T. Asaka, H. Dewa, T. Fukui, H. Hanaki, T. Kobayashi, T. Masuda, A. Mizuno, S. Suzuki, R. Tanaka, T. Taniuchi, H. Tomizawa, and A. Yamashita (SPring-8)","Installation of The SPring-8 Linac BPM System",,"position, monitoring"
TU456,"T. Fujimoto, S. Ishikawa, K. Narita, T. Aoki (AEC), T. Fujisawa, Y. Sato (NIRS)","A Compact 70 kW Power Amplifier at 100 MHz",,"compact-power-amplifier"
TU458,"S. Yamaguchi, S. Anami, S. Fukuda, T. Kato, M. Kawamura, C. Kubota, S. Michizono, H. Nakanishi, M. Ono (KEK), E. Chishiro, K. Suganuma, T. Kobayashi  (JAERI)","Overview of The RF System for The JAERI/KEK High-Intensity Proton Linac",,"linac, proton, radio-frequency"
TU459,"E. Chishiro, T. Kobayashi, M. Yamazaki, H. Suzuki, T. Hori (JAERI), M. Sakamoto, H. Urakata, S. Miyake (TOSHIBA), S. Fukuda, S. Amani (KEK)","Development of 972 MHz Klystron for High-Intensity Proton Accelerator Facility",,"klystron, linac, instrumentation"
TU461,"Y. Iwashita (Kyoto Univ.)","RF Power Compression with Chirped Pulse",,"klystron, linear-collider, pulsed-power, radio-frequency"
TU464,"H. S. Kim, K. H. Chung (SNU), H. J. Kwon (KAERI), K. O. Lee (KAPRA), S. J. Noh (Dankook Univ.)","Status Report on High Power RF Source for KOMAC",,"klystron, radio-frequency, cathode"
TU465,"Atsunori Yano, Yoshihisa Ohkubo (TOSHIBA)","Design Consideration to PPM Klystrons for Industrial Linac",,"klystron, linac"
TU466,"J. W. Rathke, T. J. Schultheiss (AES), P. N. Ostroumov, A. A. Kolomiets (ANL), D. L. Schrage (LANL)","Preliminary Engineering Design of A 57.5 MHz CW RFQ for The RIA Driver LINAC",,"radio-frequency-quadrupole, rare-isotope-accelerator,  RIA, brazing"
TU467,"T. J. Schultheiss, J. W. Rathke (AES), P. N. Ostroumov, A. A. Kolomiets (ANL)","RF, Thermal and Structural Analysis of The 57.5 MHz CW RFQ for The RIA Driver LINAC",,"radio-frequency-quadrupole, rare-isotope-accelerator, RIA, thermal-analysis"
TU468,"P. N. Ostroumov and K. W. Shepard (ANL)","Minimizing Transverse-Field Effects in Superconducting Quarter-Wave Cavities",,"electromagnetic-fields, transverse-dynamics, superconducting-rf, ion linac"
TU470,"K. W. Shepard, M. P. Kelly, and J. D. Fuerst (ANL)","Superconducting Drift-Tube Cavity Development for The RIA Driver",,"rf-structure, superconducting-rf, ion, heavy-ion"
TU471,"R. Eichhorn (GSI), U. Ratzinger, H. Liebermann (IAP)","Superconducting CH-Cavities for Low- and Medium Beta Ion and Proton Accelerators",,"linac, superconducting-rf, heavy-ion, proton"
TU472,"G. Bisoffi, V. Andreev, G. Bassato, G. Bezzon, S. Canella, F. Chiurlotto, A. Lombardi, A. M. Porcellato (INFN-Legnaro), E. Chiaveri (CERN), B. K. Sahu (NSC), W. Singer (DESY), T. Shirai (Kyoto Univ.), S. Y. Stark (SSC)","Superconducting RFQ's Approaching Beam Commissioning at INFN-Legnaro",,"radio-frequency-quadrupole, rf-structure, superconducting-rf, heavy-ion"
TU473,"A. K. Mitra, Z. T. Ang, R. Hohbach, R. E. Laxdal, J. Lu, and R. L. Poirier (TRIUMF)","Design, Test and Commissioning of A Dual Frequency Chopper for The TRIUMF ISAC Facility",,"chopper, radio-frequency, feedthrough, capacitor, inductor"
TU474,"N. Ouchi, N. Akaoka, H. Asano, E. Chishiro, K. Hasegawa, O. Takeda, H. Yoshikawa (JAERI), M. Matsuoka (MHI), T. Ohtani (MELCO), E. Kako, S. Noguchi, K. Saito (KEK)","Cold Test of 600 MHz Superconducting Cryomodule for High Intensity Proton Linac",,"superconducting-proton-linac, cryomodule, cold-test, pulsed-operation, Loarentz-force-detuning"
TU475,"Y. M. Park, Y. J. Lee, J. W. Sa, S. B. Jin, K. M. Kim, H. T. Kim, Y. K. Oh, Y. S. Kim (KBSI), K. KIM (SAIT)","Development of SC Bus-Line for The KSTAR Superconducting Magnet",,"cryogenics, superconducting-magnet, vacuum"
TU476,"I. E. Campisi, G. Ciovati, E. Daly, G. K. Davis, J. R. Delayen, M. Drury, P. Kneisel, J. Mammosser, T. Powers, J. Preble, C. E. Reece, M. Stirbet, H. Wang, K. M. Wilson, T. Whitlatch, M. Wiseman (TJNAF), M. Champion, S. Smee (SNS)","Results of The Cryogenic Testing of The SNS Prototype Cryomodule",,"cryogenics, rf-structure, superconducting-rf,"
TU477,"R. E. Laxdal, G. Clark, K. Fong, A. Mitra, M. Pasini, R. Poirier, I. Sekachev, G. Stanford (TRIUMF)","Superconducting Accelerator Activities at TRIUMF/ISAC",,"heavy-ion, superconducting, cryogenics, cryomodule, bulk-niobium"
TU479,"G. A. Westenskow, L. R. Bertolini, Y. -J. Chen, A. C. Paul, J. A. Watson (LLNL)","Design of The DARHT-II Downstream Beamline",,"induction, kicker"
TU480,"J. H. Suh, K. M. Ha, S. H. Jeong, S. J. Park, Y. J. Han, J. Y. Huang, and S. H. Nam (PAL)","Performance of the PLS High Precision Magnet Power Supplies",,"power-supply, BBA-shunt-controllers, unipolar-ramping-controllers, bipolar-digital-interface-structures"
TU482,"R. Maier*, U. Bechstedt, N. Bongers, J. Dietrich, O. Felden, R. Gebel, K. Henn, H. Jungwirth, A. Lehrach, N. Markgraf, U. Pfister, D. Prasuhn, P. von Rossen, A. Schnase, H. Schneider,Y. Senichev, R. Stassen, H. Stockhorst, R. Tolle, E. Zaplatin (FZ-Julich), A. Schempp  (IAP)","The Superconducting Injector Linac for The Cooler-Synchrotron COSY at FZ-Juelich",,"ion, linac, ion-source, superconducting-rf, radio-frequency-quadrupole, polarization"
TU483,"A. Ratti, J.J. Ayers, L. Doolittle, J.B. Greer, R. Keller, S. Lewis, C. Lionberger, M. Monroy, J. Pruyn, J. W. Staples, D. Syversrud, R. Thomae,  S. Virostek (LBNL)","Results of The SNS Front End Commissioning at Berkeley Lab",,"radio-frequency-quadrupole, diagnostics, emittance, h-minus, operational-performance"
TU484,"S. Lenci, E. Eisen, B. Stockwell (CPI)","Development of An 805-MHz, 550 kW Pulsed Klystron for The Spallation Neutron Source",,"klystron"
TU485,"S. Lenci, H. Bohlen, B. Stockwell, and E. Wright (CPI)","Recent Progress in CW Klystrons at CPI",,"klystron"
TU486,"E. S. Kim (PAL)","Simulation of The Muon Cooling Channel in Linear RF Systems",,"beam-cooling, transverse-dynamics"
TU487,"Marco Di Giacomo (CEA-Ganil )","LINAG1: A Low Energy, High Intensity Deuteron and Ion Linear Accelerator at Ganil",,"heavy-ion, linac, radio-frequency-quadrupole, superconducting-rf, superconducting-magnet"
WE101,"T. Shintake, T. Tanaka , T. Hara, K. Togawa, T. Inagaki, Y. J. Kim, T. Ishikawa, H. Kitamura, H. Baba (SPring-8/RIKEN), H. Matsumoto, Shigeru Takeda, M. Yoshida, Y. Takasu (KEK)","C-Band Linac System for SASE-FEL at SPring-8",,"free-electron-laser, cathode, insertion-device, linear-collider, emittance"
WE102,"D. Proch (DESY)","Techniques in High-Power Components for SRF Cavities - A Look to The Future",,"fundamental-power-couplers, HOM-damping, superconducting-cavities, performance-limitations, future-developments"
WE104,"K. Saito (KEK)","Techniques of SC Cavity Preparation for High Gradient",,"superconducting-rf, superconductivity, high-gradient, preparation, electropolishing"
WE201,"A. Schempp (IAP)","New Development in High Duty Cycle, High Current RFQ'S",,"radio-frequency-quadrupole"
WE202,"W. D. Reass, D. M. Baca, J. D. Doss, R. F. Gribble, T. W. Hardek, M. T. Lynch, D. E. Rees, P. J. Tallerico (LANL)","Design and Status of The Polyphase Resonant Converter Modulator System for The Spallation Neutron Source Linear Accelerator",,"modulator, accelerator, SNS, insulated-gate-bipolar-transistor, power-supply"
WE203,"Sang-ho Kim (ORNL)","Challenges and The Future of Reduced-Beta SRF Cavity Design",,"superconducting-rf, linac, elliptical-cavity, spoke-cavity"
WE204,"S. N. Simrock (DESY)","Lorentz Force Compensation of Pulsed SRF Cavities",,"superconducting-rf, radio-frequency, controls"
