FRAAU02,"V. Bykovsky; I. Meshkov; V. Pavlov; R. Pivin; A. Rudakov; G. Trubnikov; S. Yakovenko; M.K. Eseev","DEVELOPMENT OF THE POSITRON INJECTOR FOR LEPTA FACILITY",
FRAAU03,"I.N. Meshkov; S.L. Yakovenko; A.V. Smirnov; D.A. Krestnikov; M.K. Eseev","DYNAMIC POSITRONIC BUNCH IN SURKO TRAP OF LEPTA FACILITY",
FRBAU01,"A.V. Stepanov; M.F. Vorogushin","SYSTEM FOR THE RADIONUCLIDE DIAGNOSTICS",
FRBAU02,"G. Timoshenko; M. Paraipan; B. Florko; L. Zaitsev","MONTE-CARLO SIMULATIONS FOR ESTIMATION OF THE RADIATION ENVIRONMENT AROUND THE MODERNIZED NUCLOTRON",
FRCAU02,"A. Anoshin; E. Fomin; V. Korchuganov; S. Tomin","ELECTRON BEAM DYNAMICS IN LINAC OF KURCHATOV SOURCE OF SYNCHROTRON RADIATION WITH ENERGY DOUBLING",
FRCAU03,"V.V. Kapin; A.Ye. Bolshakov; P.R. Zenkevich","INFLUENCE OF BEAM SPACE CHARGE ON DYNAMICAL APERTURE OF TWAC STORAGE RING",
MOAPH01,"A.V. Bondarenko; S.V. Miginsky; N.A. Vinokurov","A NEW BEAM EXTRACTION SCHEME FROM A SYNCHROTRON USING A MAGNETIC SHIELD AS A SEPTUM",
MOAPH03,"E.V. Gorbachev; N.I. Lebedev; V.M. Zhabitsky","IMPLEMENTING ELEMENTS OF DIGITAL TRANSVERSE FEEDBACK SYSTEM IN ALTERA FPGA",
MOAPH04,"A. Smirnov; A. Sidorin; D. Krestnikov; R. Pivin; D. Prasuhn; M. Wolke","SIMULATION OF PELLET TARGET EXPERIMENTS WITH BETACOOL DODE",
MOAPH05,"A. Lagutin","EXPERIMENTAL RESULTS OF THE BEAM DYNAMICS BY USING GLASS CAPILLARIES FOR THE ESA-2",
MOAPH06,"M.V. Lalayan; V.A. Makarov; N.P. Sobenin; V.I. Shvedunov; A.A. Krasnov; A.A. Zavadtsev","POWER  COUPLER FIELD ASYMMETRY INFLUENCE ON PARTICLE BEAMS DYNAMICS IN ACCELERATORS WITH SUPERCONDUCTING CAVITIES",
MOAPH07,"A. Larionov","NEW SCHEME FOR MAGNETIC COMPRESSION OF THE MULTIPLE BEAM AT THE POWERFUL MULTI-BEAM KLYSTRON",
MOAPH08,"O. Lebedev; S. Ivanov; N. Ignashin; S. Sytov","NARROW-BAND FEEDBACK SYSTEM TO DAMP TRANSVERSE COHERENT OSCILLATIONS OF BEAM IN THE U70",
MOAPH09,"N. Malitsky; R. Talman","UAL 3: ASPECT-ORIENTED APPROACH",
MOAPH10,"E.S. Masunov; A.V. Samoshin","ION BEAM ACCELERATION IN INDEPENDENTLY PHASED CAVITIES",
MOAPH12,"A. Opanasenko","ALTERNATING WAKE FORCE IN RECTANGULAR WAVEGUIDE WITH PERIODIC PERTURBED WALLS",
MOAPH13,"A. Opanasenko","CORRECTION TERMS TO PANOFSKY-WENZEL FORMULA AND WAKE POTENTIAL",
MOAPH14,"D. Denisenko; V. Paramonov","TRANSVERSE DEFLECTING STRUCTURE PARAMETERS STUDY",
MOAPH15,"E. Perepelkin; S. Vorozhtsov","CBDA - CYCLOTRON BEAM DYNAMICS ANALYSIS CODE",
MOAPH16,"A. Smirnov; A. Sidorin; D. Krestnikov; R. Pivin","SIMULATION STUDY OF STABLE AND MOVING BARRIER BUCKETS USING BETACOOL CODE",
MOAPH18,"O.E. Shishanin","ANALYTICAL DESCRIPTION OF BETATRON OSCILLATIONS IN LINEAR MACHINES",
MOAPH19,"V.A. Shklyaev; K.P.Artyomov; S.Ya. Belomyttsev; A.A. Grishkov; V.V. Ryzhov; I.Yu. Turchanovsky","THE FORMATION OF ELECTRONS BEAMS IN GAS UNDER ATMOSPHERIC PRESSURE",
MOAPH21,"S.B. Vorozhtsov; A.S. Vorozhtsov; E.E. Perepelkin; S. Watanabe; S. Kubono; T. Mitsumoto; A. Goto","CALCULATIONS OF THE BEAM TRANSMISSION AND QUALITY IN THE RIKEN AVF CYCLOTRON",
MOAPH22,"A.S. Gurevich; P.N. Chirkov","COMPUTATIONAL SIMULATION AND EXPERIMENTAL RESEARCH OF BEAM RF CAPTURE INTO IHEP BOOSTER",
MOAPH23,"V.A. Moiseev; S.E. Bragin","VARIOUS MATRIX FORMALISM TO DESIGN ION LINEAR ACCELERATORS",
MOAPH26,"A. Smirnov; E. Syresin","INCOHERENT VERTICAL ION LOSSES AT COOLING STACKING INJECTION",
MOAPH27,"A.L. Romanov; D.E. Berkaev; A.N. Kirpotin; I.A. Koop; E.A. Perevedentsev; Yu.A. Rogovsky; P. Yu. Shatunov; D.B. Shwartz","CORRECTING THE ROUND BEAM LATTICE OF VEPP-2000 COLLIDER USING ORBIT RESPONSE TECHNIQUE",
MOAPH28,"A. Drozdovskiy; A. Golubev; B. Sharkov; M. Basko; D. Iossiliani; A. Kantsyrev; A. Kuznetsov; Yu. Novozhilov; P. Sasorov; S. Savin; V. Yanenko; V. Abramenko; O. Pronin","TEST OF THE PLASMA LENS OF THE ITEP ION ACCELERATOR",
MOBAU01,"Dmitry Berkaev; Alexander Kirpotin; Ivan Koop; Alexander Lysenko; Igor Nesterenko; Evgeny Perevedentsev; Yuri Rogovsky; Alexander Romanov; Petr Shatunov; Dmitry Shwartz; Alexander Skrinsky; Yuri Shatunov","STATUS AND PROGRESS VEPP-2000",
MOBAU02,"M. Zobov","DAFNE OPERATING EXPERIENCE WITH CRAB WAIST COLLISIONS",
MOBAU03,"V. Smaluk","STATUS OF VEPP-4M COLLIDER AT BINP",
MOBAU04,"G. Trubnikov; N. Agapov; V. Alexandrov; A. Butenko; E.D. Donets; E.E. Donets; A. Eliseev; V. Kekelidze; H. Khodzhibagiyan; V. Kobets; A. Kovalenko; O. Kozlov; A. Kuznetsov; I. Meshkov; V. Mikhaylov; V. Monchinsky; V. Shevtsov; A. Sidorin; A. Sissakian; A. Smirnov; A. Sorin; V. Toneev; V. Volkov; V. Zhabitsky; O. Brovko; I. Issinsky; A. Fateev; A. Philippov","PROJECT OF THE NUCLOTRON-BASED ION COLLIDER FACILITY (NICA) AT JINR",
MOCAU02,"Yu.V. Senichev","MAGNETOOPTIC STRUCTURES FOR SYNCHROTRONS WITH NEGATIVE MOMENTUM COMPACTION FACTORS ",
MOCAU03,"E.G. Bessonov; R.M. Feshchenko","STIMULATED RADIATION COOLING",
THAPH03,"B.Yu. Bogdanovich; V.V. Kapin; A.V. Nesterovich; A.N. Puchkov; V.N. Soloviev; V.P. Zubovskiy; V.V. Yanenko","THE OUTPUT BEAM-LINE AND A NOVEL ION SOURCE OF 2-MEV PROTON RFQ LINAC",
THAPH05,"N.I. Aizatsky; A.N. Dovbnya; V.V. Zakutin; N.G. Reshetnyak; N.A. Dovbnya; I.A. Chertishchev","CONTROLLING THE BEAM OF THE MAGNETRON GUN WITH A SECONDARY-EMISSION CATHODE BY MEANS OF A MAGNETIC FIELD OF THE SOLENOID AND PERMANENT RING-SHAPED MAGNETS",
THBAU01,"V. Kiselev; V. Vostrikov; S. Konstantinov; G. Kurkin; E. Levichev; V. Parkhomchuk; Yu. Pupkov; V. Reva; R. Salimov; A. Semenov; S. Sinyatkin; A. Skrinsky","RADIATION THERAPY FACILITY BASED ON CARBON ION COOLER SYNCHROTRON",
THBAU02,"E.M. Syresin","CENTERS OF HADRON THERAPY ON THE BASIS OF CYCLOTRONS",
THBAU03,"S.A. Rastigeev; N.I. Alinovsky; A.D. Goncharov; V.F. Klyuev; S.G. Konstantinov; E.S. Konstantinov; A.M. Kryuchkov; V.V. Parkhomchuk; M.V. Petrichenkov; V.B. Reva","RADIOCARBON MEASUREMENTS AND BACKGROUND INVESTIGATION AT SD RAS ACCELERATOR MASS SPECTROMETER",
THBPH02,"N.I. Ayzatsky; Ye.Z. Biller; R.N. Dronov; V.V. Seleznyov; V.L. Uvarov","TARGET COMPLEX FOR ISOTOPE PRODUCTION ON THE ELECTRON ACCELERATOR",
THBPH04,"I.S. Guk; S.G. Kononenko; F.A. Peev; A.S. Tarasenko","CHANGE OF THE PLAN OF BEAM INJECTION IN RECIRCULATOR SALO",
THBPH05,"A.I. Korchagin; V.V. Cherepkov; S.N. Fadeev; M.G. Golkovskiy; A.V. Lavrukhin; S.P. Bardakhanov; V.I. Lysenko; A.V. Nomoev","PRODUCTION OF NANOPOWDERS USING HIGH POWER ELECTRON ACCELERATOR",
THBPH06,"V.L. Auslender; V.V. Bezuglov; A.A. Bryazgin; M.V. Korobeynikov; A.V. Sidorov; E.A. Shtarklev","ELECTRON BEAM TREATMENT LINE WITH ILU-6 MACHINE FOR MEDICINAL RAW DECONTAMINATION",
THBPH07,"A.A. Bryazgin; S.A. Maximov; V.E. Nekhaev; A.D. Panfilov; V.O. Tkachenko; A.F. Tuvik; L.A. Voronin; V.L. Gorbunov; E. Shtarklev; M.V. Korobeinikov","APPLICATION OF ILU-TYPE ACCELERATORS FOR STERILIZATION PURPOSES",
THBPH09,"N.I. Zaitsev; S.A. Zapevalov; E.V. Ilyakov; S.Yu. Kornishin; S.V. Kofanov; M.Yu. Kryltsov; I.S. Kulagin; V.K. Lygin; A.V. Malygin; V.N. Manuilov; B.Z. Movshevich; V.G. Perminov; M.I. Petelin; A.Sh. Fiks; A.S. Shevchenko; V.I. Tsalolikhin","500 keV, 200 A MICROSECOND ELECTRON ACCELERATOR WITH A REPETITION RATE OF 10 Hz",
THBPH10,"Yu.G. Alenitsky; S.B. Vorozhtsov; A.S. Vorozhtsov; A.A. Glazov; N.L. Zaplatin; S.A. Kostromin; G.A. Karamisheva; L.M. Onischenko","ISOCHRONOUS CYCLOTRON C250 FOR PROTON THERAPY APPLICATION",
THBPH13,"A.V. Stepanov; M.F. Vorogushin","RING CYCLOTRON FOR THE PROTON THERAPY",
THBPH14,"B.Yu. Bogdanovich; V.V. Kapin; A.V. Nesterovich","THE PROJECT OF RFQ LINAC FOR AN EDUCATIONAL LABORATORY AT RAC OF MEPHI",
THBPH15,"M.I. Grachev; E.V. Ponomareva; L.V. Kravchuk; V.K. Gorbunov; V.M. Skorkin; V.N. Zapolsky","SYSTEM OF PRELIMINARY FORMATION OF THE BEAM FOR THE CHANNEL OF PROTON THERAPY",
THBPH17,"Yu.A. Budanov; O.K. Belyaev; I.A. Zvonarev; A.P. Maltsev; E.V. Mazurov; S.A. Strekalovskyh; V.A. Teplyakov","DEVELOPMENT OF LINEAR ACCELERATORS AS INJECTORS FOR MEDICAL ACCELERATORS IN IHEP-PROTVINO",
THCAU01,"N.K. Kuksanov; R.A. Salimov; P.I. Nemytov; A.V. Lavruchin; Ju.I. Golubenko; S.N. Fadeev; N.I. Gromov; V.G. Vankin; A.I. Roikh; S.P. Lystchikov; M.N. Stepanov","AUTOMATED COMPLEX FOR E-B TREATMENT OF CABLE AND WIRE INSULATION",
THCAU02,"P.V. Bogdanov; I.N. Vasilchenko; M.F. Vorogushin; A.V. Galchuk; S.V. Grigorenko; V.G. Mudrolubov; A.P. Strokach; S.E. Sychevsky","NOVEL COMPACT CYCLOTRONS FOR PRODUCTION OF RADIONUCLEDS",
THCAU03,"D.A. Solnyshkov; G.G. Voronin; A.P. Strokach; V.I. Grigoriev; A.V. Morozov; A.I. Solnyshkov","PULSED NEUTRON GENERATORS AT D.V. EFREMOV RESEARCH INSTITUTE",
THCAU04,"V.L. Auslender; V.V. Bezuglov; A.A. Bryazgin; V.A. Gorbunov; B.L. Faktorovich; E.N. Kokin; M.V. Korobeynikov; A.N. Lukin; I.G. Makarov; M.A. Tiunov; V.E. Nekhaev; A.D. Panfilov; V.M. Radchenko; A.V. Sidorov; E.A. Shtarklev; V.V. Tarnetcski; V.O. Tkachenko; L.A. Voronin","INDUSTRIAL HIGH ENERGY ELECTRON ACCELERATORS TYPE ILU",
THCPH01,"V.Ju. Shegolev; B.V. Florko","THE BIOLOGICAL SHIELDING FOR STORAGE RINGS OF NICA PROJECT",
THCPH03,"V. Korchuganov; V. Novikov; V. Ushkov","FIRST RESULTS OF THE RADIATION MEASUREMENTS NEAR SIBERIA-2 STORAGE RING",
THCPH05,"V.G. Kurakin; A.V. Koltsov","ECOLOGICALLY CLEAN ACCELERATOR FOR NUCLEAR PHYSICS RESEARCH",
THDAU01,"A.A. Bryazgin; V.L. Auslender; K.N. Chernov; V.G. Cheskidov; B.L. Factorovich; V.A. Gorbunov; I.V. Gornakov; G.I. Kuznetsov; I.G. Makarov; N.V. Matyash; G.N. Ostreiko; A.D. Panfilov; G.V. Serdobintsev; V.V. Tarnetsky; M.A. Tiunov; A.A. Tuvik","100 kW MODULAR LINEAR ACCELERATOR FOR INDUSTRIAL APPLICATIONS WITH ELECTRON ENERGY OF 7.5-10 MeV",
TUAAU01,"P. Zenkevich; A. Lerach","ANALYTICAL STUDY OF BEAM EQUILIBRIUM IN HIGH ENERGY STORAGE RINGFOR NON-MAGNETIZED ELECTRON COOLING",
TUAAU03,"E.V. Gorbachev; N.I. Lebedev; A.A. Makarov; N.V. Pilyar; S.V. Rabtsun; R.A. Smolkov; V.M. Zhabitsky; P. Baudrenghien; W. Hofle; F. Killing; I. Kojevnikov; G. Kotzian; R. Louwerse; E. Montesinos; V. Rossi; M. Schokker; E. Thepenier; D. Valuch","LHC TRANSVERSE FEEDBACK SYSTEM: FIRST RESULTS OF COMMISSIONING",
TUAAU04,"V. Bykovsky; E. Ahmanova; V.I. Kaplin; V.N. Karpinsky; A. Kobets; V. Lokhmatov; V. Malakhov; I. Meshkov; R. Pivin; A. Rudakov; G. Trubnikov; S. Yakovenko","STATUS OF THE LEPTA PROJECT",
TUAPH01,"Yu. Antipov; N. Anferov; G. Antonichev; V. Baranov; V. Batarin; V. Bezkrovney; A. Gurevich; V. Davydov; N. Ignashin; L. Kim; V. Kokovin; V. Komarov; O. Kurnaev; V. Lapygin; Yu. Milichenko; A. Markin; E. Nelipovich; S. Pilipenko; V. Rudko; D. Savin; T. Sinkina; V. Stolpovsky; I. Sulygin; A. Surensky; S. Sytov; V. Terekhov; V. Uglekov; V. Voevodin","DEUTERON BEAM ACCELERATION AT LINAC I-100 AND IHEP BOOSTER",
TUAPH02,"V.G. Kurakin; G.A. Sokol; V.G. Nedoresov; B.S. Ishkhanov; V.I. Shvedunov","SUPERCONDUCTING RF ELECTRON RECIRCULATOR FOR NUCLEAR PHYSICS RESEARCH AT LEBEDEV PHYSICAL INSTITUTE",
TUAPH04,"V.V. Kobets; A.I. Govorov; G.V. Trubnikov; E.E. Donets; E.D. Donets; A.O. Sidorin; V.A. Monchinsky; I.N. Meshkov; O.K. Belyaev; A.P. Maltsev; Yu.A. Budanov; I.A. Zvonarev","HEAVY ION INJECTOR FOR NICA/MPD PROJECT",
TUAPH05,"D. Churanov; F. Fadin; A. Krasnov; M. Urbant; A. Zavadtsev; D. Zavadtsev; N. Sobenin","RELUS-5 ELECTRON LINAC START-UP",
TUAPH06,"I.V. Amirhanov; G.A. Karamysheva; I.N. Kiyan; J. Sulikowski; R. Taraszkiewicz","ITERATIVE METHOD FOR MODELING OF STEADY OPERATION MODES OF  MULTIPURPOSE ISOCHRONOUS CYCLOTRONS",
TUAPH07,"M.I. Grachev; L.V. Kravchuk; E.V. Ponomareva; V.K. Gorbunov; V.C. Seleznev","TRANSPORTATION OF THE PROTON BEAM AT THE EXPERIMENTAL COMPLEX OF LINEAR ACCELERATOR INR OF THE RAS",
TUAPH08,"G.G. Subbotin","THE NEW OPERATION MODE OF SYNCHROTRON PAKHRA",
TUAPH10,"A.I. Karev; A.N. Lebedev; V.G. Raevsky; A.N. Kamanin; N.I. Pakhomov; V.I. Shvedunov","55 MEV RACE-TRACK MICROTRON OF LEBEDEV INSTITUTE",
TUAPH12,"B.N. Gikal; G.G. Gulbekian; I.A. Ivanenko","COMPENSATION OF THE BEAM VERTICAL DEFOCUSING AT THE EXIT OF U400 CYCLOTRON SPIRAL INFLECTOR",
TUBAU01,"S. Ivanov","ACCELERATOR COMPLEX U70 OF IHEP-PROTVINO: STATUS AND UPGRADE PLANS",
TUBAU02,"N.N. Alexeev; P.N. Alekseev; A.N. Balabaev; . V.I. Nikolaev; V.A. Schegolev; B.Ju. Sharkov; A.V. Shumshurov; V.P. Zavodov; Yu.A. Satov","ITEP-TWAC STATUS REPORT",
TUBAU03,"L.V. Kravchuk","OPERATION AND RESEARCH ACTIVITIES AT THE INR ACCELERATOR COMPLEX",
TUBPH02,"L.G. Sukhikh; G.A. Naumenko; A.P. Potylitsyn; J. Urakawa; A.S. Aryshev; S. Boogert; P.V. Karataev","FEASIBILITY OF PRE-BUNCHED FEL BASED ON COHERENT DIFFRACTION RADIATION",
TUBPH03,"A. Anoshin; E. Fomin; V. Korchuganov; S. Tomin","POSSIBILITY TO REACH THE DIFFRACTION LIMITED X-RAY SOURCE IN KURCHATOV CENTER OF SYNCHROTRON RADIATION",
TUBPH04,"V.N. Korchuganov; N.V. Smolyakov; N.Yu. Svechnikov","EDGE RADIATION AT SIBERIA-2 STORAGE RING",
TUCAU01,"J.L. Conradie","THE ACCELERATOR FACILITIES OF THE NATIONAL RESEARCH FOUNDATION IN SOUTH AFRICA",
TUCPH02,"K.M. Gorchakov; S.S. Vasichev; V.F. Veremeenko; V.R. Kozak; A.S. Medvedko; R.Z. Pronik; V.P. Prosvetov; O.A. Proskurina","POWER SUPPLIES FOR THE BENDING MAGNETS OF THE BEP AND VEPP-2000 STORAGE RING",
TUCPH03,"V.M. Zorina; V.A. Zasenko; A.V. Nikiforovsky; A.V. Pozhensky; Yu.I. Stogov; A.P. Strokach; S.Yu. Udovichenko","RESEARCH FACILITY FOR AUTOMATED MEASUREMENTS OF THE CYCLOTRON MAGNETIC FIELD TOPOGRAPHY",
TUCPH04,"B.Z. Movshevich","FORMERS OF HIGH VOLTAGE RECTANGULAR IMPULSES FOR POWERFUL MICROWAVE DEVICESFORMERS OF HIGH VOLTAGE RECTANGULAR IMPULSES FOR POWERFUL MICROWAVE DEVICES",
TUCPH05,"Yu.I. Golubenko; N.K. Kuksanov; P.I. Nemytov; I.K. Chakin","DIRECT METHODS OF MEASURING AND STABILIZATION OF DC ACCELERATING VOLTAGE IN ELV ACCELERATORS DESIGNED ON THE BASIS OF CASCADE GENERATORS",
TUCPH07,"I.A. Gusev; A.S. Medvedko; A.Yu. Protopopov; D.N. Pureskin; D.V. Senkov","HIGH-VOLTAGE SOURCE WITH OUTPUT VOLTAGE UP TO 60 KV WITH OUTPUT CURRENT UP TO 500MA",
TUCPH09,"O. Belikov; A. Chernyakin; V. Kozak; A. Medvedko","BYPASS SYSTEM FOR SHUNTING OF ELECTROMAGNETS FOR ACCELERATORS AND STORAGE RINGS",
TUCPH10,"Y.D. Menshov","CALCULATION OF THE VACUUM SYSTEM  OF THE MCC 30/15 CYCLOTRON",
TUCPH11,"D. Churanov; A. Krasnov; M. Urbant; A. Zavadtsev; D. Zavadtsev","SOLID STATE MODULATOR FOR LINEAR ACCELERATORS",
TUCPH12,"D. Berkaev; O. Belikov; V. Kozak; P. Shatunov; A. Medvedko","SYSTEM OF POWER SUPPLY RIPPLES MEASUREMENT FOR VEPP-2000 COLLIDER",
TUDAU01,"N.A. Vinokurov; E.N. Dementyev; B.A. Dovzhenko; N.G. Gavrilov; B.A. Knyazev; E.I. Kolobanov; V.V. Kubarev; G.N. Kulipanov; A.N. Matveenko; L.E. Medvedev; S.V. Miginsky; L.A. Mironenko; V.K. Ovchar; V.M. Popik; T.V. Salikova; M.A. Scheglov; S.S. Serednyakov; O.A. Shevchenko; A.N. Skrinsky; V.G. Tcheskidov; Yu.F. Tokarev; P.D. Vobly","NOVOSIBIRSK FREE ELECTRON LASER: OPERATION AND SECOND STAGE COMMISSIONING",
TUDAU02,"A. Valentinov; V. Korchuganov; M. Kovalchuk; Yu. Krylov; V. Kvardakov; D. Odintsov; Yu. Yupinov; S. Khrushev; N. Mezentsev; E. Miginsky; V. Shkaruba; V. Tsukanov","FIRST RESULTS OF SIBERIA-2 STORAGE RING OPERATION WITH 7.5 T SUPERCONDUCTING WIGGLER",
TUDPH01,"I.V. Bogdanov; S.S. Kozub; P.A. Shcherbakov; L.S. Shirshov; P.I. Slabodchikov; L.M. Tkachenko; V.V. Zubko","CROSSOVER RESISTANCE OF SUPERCONDUCTING CABLE FOR FAST-RAMPING MAGNETS OF PARTICLE ACCELERATORS",
TUDPH02,"L. Shirshov; I. Bogdanov; S. Kozub; P. Shcherbakov; P. Slabodchikov; L. Tkachenko; V. Zubko","STABILITY STUDY OF HIGH-CURRENT SUPERCONDUCTING CABLES FOR ACCELERATOR MAGNETS",
TUDPH03,"M.V. Lalayan; O.V. Novicov; N.P. Sobenin; A.A. Krasnov; A.A. Zavadtsev; D.A. Zavadtsev","CAPACITIVE HIGH POWER INPUT COUPLER FOR SUPERCONDUCTING CAVITIES POWER",
WEAAU01,"A. Anoshin; M. Blokhov; V. Leonov; E. Fomin; G. Kovachev; V. Korchuganov; M. Kovalchuk; Yu. Krylov; V. Kvardakov; M. Martynenko; V. Moryakov; D. Odintsov; S. Pesterev; S. Tomin; Yu. Tarasov; V. Ushkov; A. Valentinov; A. Vernov; Yu. Yupinov; A. Zabelin","MODERNIZATION AND DEVELOPMENT OF KURCHATOV CENTER OF SYNCHROTRON RADIATION AND NANOTECHNOLOGY",
WEAAU02,"V.A. Karpov; G.G.Subbotin; A.V. Serov; V.V. Mikhailin","OPERATION OF SYNCHROTRON PAKHRA IN SYNCHROTRON RADIATION SOURCE MODE",
WEAAU03,"A.P. Potylitsyn; Yu.A. Popov; A.V. Vukolov; I.V. Zaitsev; A.R. Wagner; V.N. Zabaev","THE COMPARISON OF MONOCHROMATIC X-RAY SOURCES BASED ON X-RAY TUBE AND 5 MEV MICROTRON FOR POSSIBLE APPLICATION IN MEDICINE",
WEAAU05,"M.A. Gorbunov; A.N. Lebedev","PARTIALLY COHERENT EM RADIATION OF AN ELECTRON BUNCH",
WEAPH01,"A.Yu. Baranov; A.N. Kamanin; N.I. Pakhomov; V.I. Shvedunov","DIFFRACTION ACCELERATING STRUCTURE FIELD DISTRIBUTION MEASUREMENTS",
WEAPH02,"A.A. Anisimov; R.O. Bolgov; S.V. Kutsaev; N.P. Sobenin; M. Ferderer; A.A. Zavadtsev; A.A. Krasnov","ACCELERATING STRUCTURE FOR C-BAND ELECTRON LINEAR ACCELERATOR",
WEAPH03,"M.A. Gusarova; I.V. Isaev; V.I. Kaminsky; S.V. Kutsaev; M.V. Lalayan; N.P. Sobenin; L.V. Kravchuk","MULTIPACTOR SIMULATIONS IN AXISYMMETRIC AND NON-AXISYMMETRIC RADIO FREQUENCY STRUCTURES",
WEAPH04,"A.I. Kvasha; V.L. Serov","DEVELOPMENT of the INR DTL RF SYSTEM CROWBAR OPERATION",
WEAPH05,"A. Markin; V. Chubrik; S. Ivanov; O. Lebedev; I. Sulygin","UPGRADE OF FEEDBACK LOOPS IN ACCELERATING CAVITIES OF THE U70",
WEAPH06,"V. Moiseev","RF-GAP MODEL PRESENTATION",
WEAPH07,"I.N. Vasilchenko; V.G. Mudrolubov; A.P. Strokach","THE RF POWER SUPPLY SYSTEM OF THE МСС-30/15 CYCLOTRON",
WEAPH08,"S.V. Kuzikov; S.Yu. Kazakov; M.E. Plotkin; J.L. Hirshfield","HIGH-GRADIENT TWO-BEAM ACCELERATING STRUCTURE",
WEAPH09,"S. Kuzikov; M. Plotkin","THEORY OF THERMAL FATIGUE OF A COPPER SURFACE UNDER THE ACTION OF PULSED MICROWAVE HEATING",
WEAPH11,"V.G. Kurakin","EXTERNAL PARAMETERS CALCULATIONS FOR RF RESONATOR EXCITED OVER AN APERTURE",
WEBAU01,"A. Anoshin; E. Fomin; V. Korchuganov; Yu. Krylov; V. Kvardakov; S. Pesterev; S. Tomin; V. Ushkov","A NEW INJECTION SYSTEM FOR KURCHATOV SOURCE OF SR",
WEBAU02,"Yu.G. Alenitcky; E.V. Samsonov; A.F. Chesnov; S.A. Kostromin; D.V. Emeljanov; V.G. Kaplun; A.G. Suzikov; C.V. Jagolnikov","CORRECTION OF THE CYCLOTRON RIC-30 MAGNETIC FIELD",
WEBAU03,"O. Belikov; V. Kozak; A. Medvedko","FOUR-QUADRANT POWER SUPPLIES FOR STEERING ELECTROMAGNETS FOR ELECTRON-POSITRON COLLIDERS",
WEBPH02,"S.G. Arutunian; I.E. Vasiniuk; G. Decker; G.S. Harutyunyan","HEAT COUPLING IN MULTI-WIRE VIBRATING WIRE MONITOR",
WEBPH03,"E.A. Bekhtenev; E.N. Dementev; G.V. Karpov; Yu.A. Rogovsky","BEAM POSITION MEASUREMENT SYSTEM FOR THE VEPP 2000 COLLIDER",
WEBPH04,"V.N. Boriskin; S.K. Romanovski; A.N. Savchenko; A.A. Sarvilov; D.L. Stepin; G.N. Tsebenko; A.S. Chepurnov; I.V. Gribov; A.F. Shamarin","POWER SUPPLY CONTROL SYSTEM FOR THE LINAC OF THE NESTOR STORAGE RING",
WEBPH05,"E. Kaportsev; Yu. Krylov; V. Korchuganov; K. Kuznetsov; L. Moseiko; N. Moseiko; Yu. Yupinov","THE PROGRAM TOOLS FOR KSRS OPERATION",
WEBPH07,"L. Moseiko; N. Moseiko; A. Shirokov","INTELLECTUAL CRATE-CONTROLLER K167",
WEBPH08,"P. Reinhardt-Nickoulin; A. Feschenko; A. Mirzojan","MODERNIZATION OF BCT FOR INR LINAC",
WEBPH09,"P. Reinhardt-Nickoulin; A. Feschenko; S. Gavrilov","ION MONITOR OF TRANSVERSE BEAM PARAMETERS FOR INR PROTON LINAC",
WEBPH11,"A.S. Alimov; E.A. Alimov; A.N. Kamanin; V.V. Khankin; N.I. Pakhomov; V.I. Shvedunov; A.V. Gryzlov; S.V. Lamonov; A.P. Musatov; V.N. Sigalaev","BEAM PARAMETERS MEASUREMENT OF TECHNOLOGICAL 10 MEV LINAC",
WEBPH12,"V. Voevodin","INFORMATION TECHNOLOGIES IN THE IHEP U-70 ACCELERATOR COMPLEX CONTROL SYSTEM",
WEBPH14,"D. Berkaev; P. Cheblakov; I. Koop; I. Ostanin; V. Kozak","CONTROL SYSTEM FOR INJECTION CHANNELS OF VEPP-2000 COLLIDER",
WEBPH15,"D. Berkaev; I. Ostanin; V. Kozak; V. Cherepanov; V. Repkov; E. Bykov","BEAM MEASUREMENT SYSTEM OF VEPP-2000 INJECTION CHANNELS",
WEBPH18,"O.I. Meshkov; A.N. Zhuravlev","MULTI-PINHOLE CAMERA FOR BEAM POSITION AND VERTICAL ANGLE STABILIZATION",
WECAU01,"A. Ageyev; A. Bakay; L.Kalashnikov; A.Kaltchuk; S. Kozub; M. Muraviev; A. Orlov; A.P. Orlov; V. Solomko; S. Unjakov; A. Khartchenko; L. Shirshov; Ju. Shovkun; S. Zintchenko","STARTING-UP AND ADJUSTMENT WORKS ON CRYOGENIC AND VACUUM SYSTEM OF THE SUPERCONDUCTING RADIO-FREQUENCY SEPARATOR",
WECAU02,"V. Zubko; I. Bogdanov; S. Kozub; V. Sytnik; L. Tkachenko","DEVELOPMENT OF QUADRUPOLE FOR THE SIS300",
WEDAU01,"V. Zvyagintsev; R.E. Laxdal; R. Dawson; K. Fong; A. Grasselino; P. Harmer; M. Marchetto; A.K. Mitra; T. Ries; B. Waraich; Q. Zheng","DEVELOPMENT, PRODUCTION AND TESTS OF PROTOTYPE SUPERCONDUCTING CAVITIES FOR THE HIGH BETA SECTION OF THE ISAC-II HEAVY ION ACCELERATOR AT TRIUMF",
WEDAU02,"M.M. Kats","COMPACT AND CHEAP SYSTEMS FOR TRANSPORT PROTON AND ION BEAMS BETWEEN OF MEDICAL ACCELERATOR AND FIXATED HORIZONTALLY PATIENT AT MANY DIRECTIONS",
WEDAU03,"I.K. Sedlyarov; V.S. Arbuzov; E.I. Gorniker; A.A. Kondakov; S.A. Krutikhin; G.Ya. Kurkin; I.V. Kuptsov; S.V. Motygin; V.N. Osipov; V.M. Petrov; A.V. Philipchenko; A.M. Pilan; A.G. Tribendis; V.A. Ushakov","PROJECT OF RF SYSTEM FOR 2.2 GeV ELECTRON STORAGE RING – SR SOURCE",
WEEAU02,"A. Denisov; A. Feschenko; A. Aleksandrov","PECULIARITIES OF BUNCH SHAPE MEASUREMENTS OF H-MINUS BEAMS IN LINEAR ACCELERATORS",
WEEAU03,"A.M. Tron","X-RAY STREAK CAMERA OF 10 FS RESOLUTION FOR XFEL",
WEEAU04,"O. Brovko; D. Kharlamov; O. Kozlov; S. Kostromin; R. Makarov; E. Matyushevskiy; N. Morozov; E. Syresin; B. Zalikhanov; M. Yurkov","DIAGNOSTICS OF ULTRASHORT ELECTRON BUNCHES DEVELOPED AT  JINR",
